;Unnamed: 0_x;Interactor2.Symbol;Protein;Protein names;UniProt Localization;HPA Localization;OpenCell Localization;SimChrom Category;SimChrom-SL Category;MS-based studies;Abundance, ppm;PFAM;Protein length;Protein complexes;RNAInterID;Interactor1.Symbol;Category1;Species1;Category2;Species2;Raw_ID1;Raw_ID2;score;strong;weak;predict;Unnamed: 0_y;ensemblID;logFC;AveExpr;t;P.Value;adj.P.Val;B
2368;1978736;MTA2;O94776;Metastasis-associated protein MTA2;Nucleus (ECO:0000255);Nucleoplasm (Enhanced);;Histone modification, Chromatin remodelers, Telomere-associated;Chromatin remodelers;"Alabert et al., 2014; Alvarez et al., 2023; Ginno et al., 2018; Itzhak et al., 2016; Kustatscher et al., 2014; Shi et al., 2021; Torrente et al., 2011; Ugur et al., 2023";65.2;"Myb_DNA-binding(Myb-like DNA-binding domain,PF00249);GATA(GATA zinc finger,PF00320);BAH(BAH domain,PF01426);ELM2(ELM2 domain,PF01448);MTA_R1(MTA R1 domain,PF17226)";668;"MBD2/NuRD nucleosome remodeling and deacetylase complex,CPX-880,ECO:0005547(biological system reconstruction evidence based on inference from background scientific knowledge used in manual assertion);MBD3/NuRD nucleosome remodeling and deacetylase complex,CPX-922,ECO:0005547(biological system reconstruction evidence based on inference from background scientific knowledge used in manual assertion)";RP36083378;SNHG5;lncRNA;Homo sapiens;TF;Homo sapiens;NCBI:387066;NCBI:9219;0.3445;RIP//RNA pull-down assay;;;132;ENSG00000203875;-2.79357818092896;3.17229546572489;-7.92087451041262;1.6629897857665301e-09;2.70123476012347e-08;11.5609108469976
2997;1100542;FTO;Q9C0B1;Alpha-ketoglutarate-dependent dioxygenase FTO (U6 small nuclear RNA (2'-O-methyladenosine-N(6)-)-demethylase FTO);Cytoplasm (ECO:0000269), Nucleus (ECO:0000269), Nucleus speckle (ECO:0000269);Cytosol (Supported);;DNA-acting enzymes, DNA de_methylation, DNA metabolic processes, DNA repair;DNA de_methylation;"Alabert et al., 2014; Alvarez et al., 2023; Ginno et al., 2018; Kustatscher et al., 2014";28.8;"FTO_NTD(FTO catalytic domain,PF12933);FTO_CTD(FTO C-terminal domain,PF12934)";505;;RP33705428;SNHG15;lncRNA;Homo sapiens;RBP;Homo sapiens;NCBI:285958;NCBI:79068;0.3214;CLIP;eCLIP//HITS-CLIP;;966;ENSG00000232956;-2.77917597283892;1.81941702980103;-9.99049401552001;4.36370990206709e-12;1.65388536558525e-10;17.4717593121349
2998;1100543;FTO;Q9C0B1;Alpha-ketoglutarate-dependent dioxygenase FTO (U6 small nuclear RNA (2'-O-methyladenosine-N(6)-)-demethylase FTO);Cytoplasm (ECO:0000269), Nucleus (ECO:0000269), Nucleus speckle (ECO:0000269);Cytosol (Supported);;DNA-acting enzymes, DNA de_methylation, DNA metabolic processes, DNA repair;DNA de_methylation;"Alabert et al., 2014; Alvarez et al., 2023; Ginno et al., 2018; Kustatscher et al., 2014";28.8;"FTO_NTD(FTO catalytic domain,PF12933);FTO_CTD(FTO C-terminal domain,PF12934)";505;;RP33848645;SNHG16;lncRNA;Homo sapiens;RBP;Homo sapiens;NCBI:100507246;NCBI:79068;0.3214;CLIP;eCLIP//HITS-CLIP;;17;ENSG00000163597;-1.76574685009836;3.88332039022155;-7.2253013716623;1.36790691052561e-08;1.73860555062877e-07;9.46585361999884
2999;1100544;FTO;Q9C0B1;Alpha-ketoglutarate-dependent dioxygenase FTO (U6 small nuclear RNA (2'-O-methyladenosine-N(6)-)-demethylase FTO);Cytoplasm (ECO:0000269), Nucleus (ECO:0000269), Nucleus speckle (ECO:0000269);Cytosol (Supported);;DNA-acting enzymes, DNA de_methylation, DNA metabolic processes, DNA repair;DNA de_methylation;"Alabert et al., 2014; Alvarez et al., 2023; Ginno et al., 2018; Kustatscher et al., 2014";28.8;"FTO_NTD(FTO catalytic domain,PF12933);FTO_CTD(FTO C-terminal domain,PF12934)";505;;RP33783399;SNHG17;lncRNA;Homo sapiens;RBP;Homo sapiens;NCBI:388796;NCBI:79068;0.3214;CLIP;eCLIP//HITS-CLIP;;95;ENSG00000196756;-2.91593577289014;2.76693240053218;-11.8719733234314;3.16171674568078e-14;4.15666948408721e-12;22.3586429297008
3000;1100546;FTO;Q9C0B1;Alpha-ketoglutarate-dependent dioxygenase FTO (U6 small nuclear RNA (2'-O-methyladenosine-N(6)-)-demethylase FTO);Cytoplasm (ECO:0000269), Nucleus (ECO:0000269), Nucleus speckle (ECO:0000269);Cytosol (Supported);;DNA-acting enzymes, DNA de_methylation, DNA metabolic processes, DNA repair;DNA de_methylation;"Alabert et al., 2014; Alvarez et al., 2023; Ginno et al., 2018; Kustatscher et al., 2014";28.8;"FTO_NTD(FTO catalytic domain,PF12933);FTO_CTD(FTO C-terminal domain,PF12934)";505;;RP33851604;SNHG5;lncRNA;Homo sapiens;RBP;Homo sapiens;NCBI:387066;NCBI:79068;0.3214;CLIP;eCLIP//HITS-CLIP;;132;ENSG00000203875;-2.79357818092896;3.17229546572489;-7.92087451041262;1.6629897857665301e-09;2.70123476012347e-08;11.5609108469976
3003;1100420;FTO;Q9C0B1;Alpha-ketoglutarate-dependent dioxygenase FTO (U6 small nuclear RNA (2'-O-methyladenosine-N(6)-)-demethylase FTO);Cytoplasm (ECO:0000269), Nucleus (ECO:0000269), Nucleus speckle (ECO:0000269);Cytosol (Supported);;DNA-acting enzymes, DNA de_methylation, DNA metabolic processes, DNA repair;DNA de_methylation;"Alabert et al., 2014; Alvarez et al., 2023; Ginno et al., 2018; Kustatscher et al., 2014";28.8;"FTO_NTD(FTO catalytic domain,PF12933);FTO_CTD(FTO C-terminal domain,PF12934)";505;;RP33745410;DANCR;lncRNA;Homo sapiens;RBP;Homo sapiens;NCBI:57291;NCBI:79068;0.3214;CLIP;eCLIP//HITS-CLIP;;493;ENSG00000226950;-1.97490458175396;2.8150326492749;-6.0781695760482;4.79377709969811e-07;4.02543318531536e-06;5.93825752661623
3004;1100426;FTO;Q9C0B1;Alpha-ketoglutarate-dependent dioxygenase FTO (U6 small nuclear RNA (2'-O-methyladenosine-N(6)-)-demethylase FTO);Cytoplasm (ECO:0000269), Nucleus (ECO:0000269), Nucleus speckle (ECO:0000269);Cytosol (Supported);;DNA-acting enzymes, DNA de_methylation, DNA metabolic processes, DNA repair;DNA de_methylation;"Alabert et al., 2014; Alvarez et al., 2023; Ginno et al., 2018; Kustatscher et al., 2014";28.8;"FTO_NTD(FTO catalytic domain,PF12933);FTO_CTD(FTO C-terminal domain,PF12934)";505;;RP34814081;EPB41L4A-AS1;lncRNA;Homo sapiens;protein;Homo sapiens;NCBI:114915;NCBI:79068;0.3214;CLIP;eCLIP;;285;ENSG00000224032;-2.55110776467953;0.623872226190378;-8.55111286415612;2.57565840171701e-10;5.081461628800851e-09;13.4163564845539
3006;1100477;FTO;Q9C0B1;Alpha-ketoglutarate-dependent dioxygenase FTO (U6 small nuclear RNA (2'-O-methyladenosine-N(6)-)-demethylase FTO);Cytoplasm (ECO:0000269), Nucleus (ECO:0000269), Nucleus speckle (ECO:0000269);Cytosol (Supported);;DNA-acting enzymes, DNA de_methylation, DNA metabolic processes, DNA repair;DNA de_methylation;"Alabert et al., 2014; Alvarez et al., 2023; Ginno et al., 2018; Kustatscher et al., 2014";28.8;"FTO_NTD(FTO catalytic domain,PF12933);FTO_CTD(FTO C-terminal domain,PF12934)";505;;RP08331220;MIR17HG;lncRNA;Homo sapiens;RBP;Homo sapiens;NCBI:407975;NCBI:79068;0.3214;CLIP;eCLIP//HITS-CLIP;;215;ENSG00000215417;-1.84534139091266;0.99398029655203;-5.74834557141758;1.34549165469835e-06;9.96563977344356e-06;4.91812246599078
3007;1100448;FTO;Q9C0B1;Alpha-ketoglutarate-dependent dioxygenase FTO (U6 small nuclear RNA (2'-O-methyladenosine-N(6)-)-demethylase FTO);Cytoplasm (ECO:0000269), Nucleus (ECO:0000269), Nucleus speckle (ECO:0000269);Cytosol (Supported);;DNA-acting enzymes, DNA de_methylation, DNA metabolic processes, DNA repair;DNA de_methylation;"Alabert et al., 2014; Alvarez et al., 2023; Ginno et al., 2018; Kustatscher et al., 2014";28.8;"FTO_NTD(FTO catalytic domain,PF12933);FTO_CTD(FTO C-terminal domain,PF12934)";505;;RP35183453;IQCH-AS1;lncRNA;Homo sapiens;protein;Homo sapiens;NCBI:100506686;NCBI:79068;0.3214;CLIP;eCLIP;;2357;ENSG00000259673;-2.36524264156248;-0.0326418860202442;-8.03552475053475;1.1805743112048e-09;2.01897403546284e-08;11.9017115063395
3008;1100450;FTO;Q9C0B1;Alpha-ketoglutarate-dependent dioxygenase FTO (U6 small nuclear RNA (2'-O-methyladenosine-N(6)-)-demethylase FTO);Cytoplasm (ECO:0000269), Nucleus (ECO:0000269), Nucleus speckle (ECO:0000269);Cytosol (Supported);;DNA-acting enzymes, DNA de_methylation, DNA metabolic processes, DNA repair;DNA de_methylation;"Alabert et al., 2014; Alvarez et al., 2023; Ginno et al., 2018; Kustatscher et al., 2014";28.8;"FTO_NTD(FTO catalytic domain,PF12933);FTO_CTD(FTO C-terminal domain,PF12934)";505;;RP33851530;JPX;lncRNA;Homo sapiens;RBP;Homo sapiens;NCBI:554203;NCBI:79068;0.3214;CLIP;eCLIP//HITS-CLIP;;374;ENSG00000225470;-1.81667140678558;3.58380683530008;-7.33868036440905;9.67227303315251e-09;1.24819793406358e-07;9.810288704289
3009;1100461;FTO;Q9C0B1;Alpha-ketoglutarate-dependent dioxygenase FTO (U6 small nuclear RNA (2'-O-methyladenosine-N(6)-)-demethylase FTO);Cytoplasm (ECO:0000269), Nucleus (ECO:0000269), Nucleus speckle (ECO:0000269);Cytosol (Supported);;DNA-acting enzymes, DNA de_methylation, DNA metabolic processes, DNA repair;DNA de_methylation;"Alabert et al., 2014; Alvarez et al., 2023; Ginno et al., 2018; Kustatscher et al., 2014";28.8;"FTO_NTD(FTO catalytic domain,PF12933);FTO_CTD(FTO C-terminal domain,PF12934)";505;;RP35304541;LINC00667;lncRNA;Homo sapiens;protein;Homo sapiens;NCBI:339290;NCBI:79068;0.3214;CLIP;eCLIP;;2740;ENSG00000263753;-2.51117823961993;2.70237682518895;-9.94075365615122;5.001889892832109e-12;1.84587287536357e-10;17.3361252363185
3010;1100593;FTO;Q9C0B1;Alpha-ketoglutarate-dependent dioxygenase FTO (U6 small nuclear RNA (2'-O-methyladenosine-N(6)-)-demethylase FTO);Cytoplasm (ECO:0000269), Nucleus (ECO:0000269), Nucleus speckle (ECO:0000269);Cytosol (Supported);;DNA-acting enzymes, DNA de_methylation, DNA metabolic processes, DNA repair;DNA de_methylation;"Alabert et al., 2014; Alvarez et al., 2023; Ginno et al., 2018; Kustatscher et al., 2014";28.8;"FTO_NTD(FTO catalytic domain,PF12933);FTO_CTD(FTO C-terminal domain,PF12934)";505;;RP33770781;XIST;lncRNA;Homo sapiens;RBP;Homo sapiens;NCBI:7503;NCBI:79068;0.3214;CLIP;eCLIP//HITS-CLIP;;718;ENSG00000229807;-6.57326935078366;1.54159830942689;-4.14945804433362;0.0001856278660776;0.0008424341236124;0.0917621252499083
3011;163465;BARD1;Q99728;BRCA1-associated RING domain protein 1 (BARD-1);;Nuclear speckles (Supported), Nucleoplasm (Supported);;DNA metabolic processes, DNA replication, DNA recombination;DNA recombination;"Alabert et al., 2014; Alvarez et al., 2023; Ginno et al., 2018; Itzhak et al., 2016; Kustatscher et al., 2014; Ugur et al., 2023";0.514;"BRCT(BRCA1 C Terminus (BRCT) domain,PF00533);zf-RING_6(zf-RING of BARD1-type protein,PF14835);Ank(Ankyrin repeat,PF00023);Ank(Ankyrin repeat,PF00023);Ank(Ankyrin repeat,PF00023)";777;"BRCA1-BARD1 complex,CPX-715,ECO:0000353(physical interaction evidence used in manual assertion);BRCC E3 ubiquitin ligase complex,CPX-955,ECO:0005547(biological system reconstruction evidence based on inference from background scientific knowledge used in manual assertion)";RP10016530;XIST;lncRNA;Homo sapiens;protein;Homo sapiens;NCBI:7503;NCBI:580;0.2564;FISH//RIP;;;718;ENSG00000229807;-6.57326935078366;1.54159830942689;-4.14945804433362;0.0001856278660776;0.0008424341236124;0.0917621252499083
4436;3468307;UPF1;Q92900;Regulator of nonsense transcripts 1;Cytoplasm (ECO:0000269), Nucleus (ECO:0000269), Perinuclear region (ECO:0000250);Cytosol (Supported), Nucleoplasm (Supported);cytoplasmic (annotations_grade_3);DNA-acting enzymes, DNA metabolic processes, DNA replication, Telomere-associated;DNA-acting enzymes;"Alabert et al., 2014; Alvarez et al., 2023; Ginno et al., 2018; Shi et al., 2021; Torrente et al., 2011";90.8;"UPF1_Zn_bind(RNA helicase (UPF2 interacting domain),PF09416);AAA_11(AAA domain,PF13086);AAA_11(AAA domain,PF13086);AAA_12(AAA domain,PF13087);UPF1_1B_dom(RNA helicase UPF1, 1B domain,PF18141)";1129;;RP08860439;FAM225A;lncRNA;Homo sapiens;RBP;Homo sapiens;NCBI:286333;NCBI:5976;0.2372;CLIP;iCLIP//CLIP-seq;;861;ENSG00000231528;-1.75353117181884;-1.61684923410865;-7.12345495217864;1.86929863631861e-08;2.27287264826369e-07;9.15559815099274
4437;3468308;UPF1;Q92900;Regulator of nonsense transcripts 1;Cytoplasm (ECO:0000269), Nucleus (ECO:0000269), Perinuclear region (ECO:0000250);Cytosol (Supported), Nucleoplasm (Supported);cytoplasmic (annotations_grade_3);DNA-acting enzymes, DNA metabolic processes, DNA replication, Telomere-associated;DNA-acting enzymes;"Alabert et al., 2014; Alvarez et al., 2023; Ginno et al., 2018; Shi et al., 2021; Torrente et al., 2011";90.8;"UPF1_Zn_bind(RNA helicase (UPF2 interacting domain),PF09416);AAA_11(AAA domain,PF13086);AAA_11(AAA domain,PF13086);AAA_12(AAA domain,PF13087);UPF1_1B_dom(RNA helicase UPF1, 1B domain,PF18141)";1129;;RP34872291;FAM225B;lncRNA;Homo sapiens;protein;Homo sapiens;NCBI:100128385;NCBI:5976;0.2372;CLIP;;;395;ENSG00000225684;-1.61030932448821;-1.87837550245342;-7.75219932475669;2.7599855603138602e-09;4.1174678199434e-08;11.057050791022
4438;3468484;UPF1;Q92900;Regulator of nonsense transcripts 1;Cytoplasm (ECO:0000269), Nucleus (ECO:0000269), Perinuclear region (ECO:0000250);Cytosol (Supported), Nucleoplasm (Supported);cytoplasmic (annotations_grade_3);DNA-acting enzymes, DNA metabolic processes, DNA replication, Telomere-associated;DNA-acting enzymes;"Alabert et al., 2014; Alvarez et al., 2023; Ginno et al., 2018; Shi et al., 2021; Torrente et al., 2011";90.8;"UPF1_Zn_bind(RNA helicase (UPF2 interacting domain),PF09416);AAA_11(AAA domain,PF13086);AAA_11(AAA domain,PF13086);AAA_12(AAA domain,PF13087);UPF1_1B_dom(RNA helicase UPF1, 1B domain,PF18141)";1129;;RP08860217;GAS5;lncRNA;Homo sapiens;RBP;Homo sapiens;NCBI:60674;NCBI:5976;0.4156;CLIP;PAR-CLIP//eCLIP//HITS-CLIP//iCLIP//CLIP-seq;;1098;ENSG00000234741;-2.56041864444156;3.87237361491495;-7.93865419283863;1.5767911812111202e-09;2.58115194527439e-08;11.6138519668715
4449;3468864;UPF1;Q92900;Regulator of nonsense transcripts 1;Cytoplasm (ECO:0000269), Nucleus (ECO:0000269), Perinuclear region (ECO:0000250);Cytosol (Supported), Nucleoplasm (Supported);cytoplasmic (annotations_grade_3);DNA-acting enzymes, DNA metabolic processes, DNA replication, Telomere-associated;DNA-acting enzymes;"Alabert et al., 2014; Alvarez et al., 2023; Ginno et al., 2018; Shi et al., 2021; Torrente et al., 2011";90.8;"UPF1_Zn_bind(RNA helicase (UPF2 interacting domain),PF09416);AAA_11(AAA domain,PF13086);AAA_11(AAA domain,PF13086);AAA_12(AAA domain,PF13087);UPF1_1B_dom(RNA helicase UPF1, 1B domain,PF18141)";1129;;RP08860265;IQCH-AS1;lncRNA;Homo sapiens;RBP;Homo sapiens;NCBI:100506686;NCBI:5976;0.345;CLIP;HITS-CLIP//CLIP-seq//PAR-CLIP;;2357;ENSG00000259673;-2.36524264156248;-0.0326418860202442;-8.03552475053475;1.1805743112048e-09;2.01897403546284e-08;11.9017115063395
4450;3468901;UPF1;Q92900;Regulator of nonsense transcripts 1;Cytoplasm (ECO:0000269), Nucleus (ECO:0000269), Perinuclear region (ECO:0000250);Cytosol (Supported), Nucleoplasm (Supported);cytoplasmic (annotations_grade_3);DNA-acting enzymes, DNA metabolic processes, DNA replication, Telomere-associated;DNA-acting enzymes;"Alabert et al., 2014; Alvarez et al., 2023; Ginno et al., 2018; Shi et al., 2021; Torrente et al., 2011";90.8;"UPF1_Zn_bind(RNA helicase (UPF2 interacting domain),PF09416);AAA_11(AAA domain,PF13086);AAA_11(AAA domain,PF13086);AAA_12(AAA domain,PF13087);UPF1_1B_dom(RNA helicase UPF1, 1B domain,PF18141)";1129;;RP08860456;JPX;lncRNA;Homo sapiens;RBP;Homo sapiens;NCBI:554203;NCBI:5976;0.4375;CLIP;PAR-CLIP//eCLIP//HITS-CLIP//iCLIP//CLIP-seq;;374;ENSG00000225470;-1.81667140678558;3.58380683530008;-7.33868036440905;9.67227303315251e-09;1.24819793406358e-07;9.810288704289
4457;3469095;UPF1;Q92900;Regulator of nonsense transcripts 1;Cytoplasm (ECO:0000269), Nucleus (ECO:0000269), Perinuclear region (ECO:0000250);Cytosol (Supported), Nucleoplasm (Supported);cytoplasmic (annotations_grade_3);DNA-acting enzymes, DNA metabolic processes, DNA replication, Telomere-associated;DNA-acting enzymes;"Alabert et al., 2014; Alvarez et al., 2023; Ginno et al., 2018; Shi et al., 2021; Torrente et al., 2011";90.8;"UPF1_Zn_bind(RNA helicase (UPF2 interacting domain),PF09416);AAA_11(AAA domain,PF13086);AAA_11(AAA domain,PF13086);AAA_12(AAA domain,PF13087);UPF1_1B_dom(RNA helicase UPF1, 1B domain,PF18141)";1129;;RP10146847;LINC00265;lncRNA;Homo sapiens;RBP;Homo sapiens;NCBI:349114;NCBI:5976;0.2372;CLIP;CLIP-seq;;82;ENSG00000188185;-2.2966618158003;0.721994064943969;-10.8578763845317;4.25262219587215e-13;2.4848307747269597e-11;19.7835899009205
4459;3469140;UPF1;Q92900;Regulator of nonsense transcripts 1;Cytoplasm (ECO:0000269), Nucleus (ECO:0000269), Perinuclear region (ECO:0000250);Cytosol (Supported), Nucleoplasm (Supported);cytoplasmic (annotations_grade_3);DNA-acting enzymes, DNA metabolic processes, DNA replication, Telomere-associated;DNA-acting enzymes;"Alabert et al., 2014; Alvarez et al., 2023; Ginno et al., 2018; Shi et al., 2021; Torrente et al., 2011";90.8;"UPF1_Zn_bind(RNA helicase (UPF2 interacting domain),PF09416);AAA_11(AAA domain,PF13086);AAA_11(AAA domain,PF13086);AAA_12(AAA domain,PF13087);UPF1_1B_dom(RNA helicase UPF1, 1B domain,PF18141)";1129;;RP09458343;LINC00630;lncRNA;Homo sapiens;RBP;Homo sapiens;NCBI:100287765;NCBI:5976;0.4375;CLIP;eCLIP//CLIP-seq//iCLIP//PAR-CLIP;;247;ENSG00000223546;-2.26301235070402;0.462538646230177;-7.84374214675453;2.09574721751214e-09;3.31458967822315e-08;11.3308619374593
4464;3469153;UPF1;Q92900;Regulator of nonsense transcripts 1;Cytoplasm (ECO:0000269), Nucleus (ECO:0000269), Perinuclear region (ECO:0000250);Cytosol (Supported), Nucleoplasm (Supported);cytoplasmic (annotations_grade_3);DNA-acting enzymes, DNA metabolic processes, DNA replication, Telomere-associated;DNA-acting enzymes;"Alabert et al., 2014; Alvarez et al., 2023; Ginno et al., 2018; Shi et al., 2021; Torrente et al., 2011";90.8;"UPF1_Zn_bind(RNA helicase (UPF2 interacting domain),PF09416);AAA_11(AAA domain,PF13086);AAA_11(AAA domain,PF13086);AAA_12(AAA domain,PF13087);UPF1_1B_dom(RNA helicase UPF1, 1B domain,PF18141)";1129;;RP08860321;LINC00665;lncRNA;Homo sapiens;RBP;Homo sapiens;NCBI:100506930;NCBI:5976;0.345;CLIP;HITS-CLIP//CLIP-seq//iCLIP//PAR-CLIP;;946;ENSG00000232677;-2.48408296009301;0.195874356526333;-6.26477681548624;2.67587339187264e-07;2.41859696100483e-06;6.51542954889168
4470;3467970;UPF1;Q92900;Regulator of nonsense transcripts 1;Cytoplasm (ECO:0000269), Nucleus (ECO:0000269), Perinuclear region (ECO:0000250);Cytosol (Supported), Nucleoplasm (Supported);cytoplasmic (annotations_grade_3);DNA-acting enzymes, DNA metabolic processes, DNA replication, Telomere-associated;DNA-acting enzymes;"Alabert et al., 2014; Alvarez et al., 2023; Ginno et al., 2018; Shi et al., 2021; Torrente et al., 2011";90.8;"UPF1_Zn_bind(RNA helicase (UPF2 interacting domain),PF09416);AAA_11(AAA domain,PF13086);AAA_11(AAA domain,PF13086);AAA_12(AAA domain,PF13087);UPF1_1B_dom(RNA helicase UPF1, 1B domain,PF18141)";1129;;RP08860480;DISC1FP1;lncRNA;Homo sapiens;RBP;Homo sapiens;NCBI:101929222;NCBI:5976;0.2372;CLIP;HITS-CLIP;;2642;ENSG00000261645;-1.57960787827338;-2.09187619416356;-5.74915221319155;1.34209915776998e-06;9.95804436814516e-06;4.92061532040349
4472;3468230;UPF1;Q92900;Regulator of nonsense transcripts 1;Cytoplasm (ECO:0000269), Nucleus (ECO:0000269), Perinuclear region (ECO:0000250);Cytosol (Supported), Nucleoplasm (Supported);cytoplasmic (annotations_grade_3);DNA-acting enzymes, DNA metabolic processes, DNA replication, Telomere-associated;DNA-acting enzymes;"Alabert et al., 2014; Alvarez et al., 2023; Ginno et al., 2018; Shi et al., 2021; Torrente et al., 2011";90.8;"UPF1_Zn_bind(RNA helicase (UPF2 interacting domain),PF09416);AAA_11(AAA domain,PF13086);AAA_11(AAA domain,PF13086);AAA_12(AAA domain,PF13087);UPF1_1B_dom(RNA helicase UPF1, 1B domain,PF18141)";1129;;RP09911526;ERVK13-1;lncRNA;Homo sapiens;RBP;Homo sapiens;NCBI:100507321;NCBI:5976;0.3779;CLIP;CLIP-seq//iCLIP//PAR-CLIP;;2496;ENSG00000260565;-2.1793751357727;3.37818926211326;-7.65464711208258;3.7045425106337803e-09;5.33733230898503e-08;10.7643564661693
4473;3468206;UPF1;Q92900;Regulator of nonsense transcripts 1;Cytoplasm (ECO:0000269), Nucleus (ECO:0000269), Perinuclear region (ECO:0000250);Cytosol (Supported), Nucleoplasm (Supported);cytoplasmic (annotations_grade_3);DNA-acting enzymes, DNA metabolic processes, DNA replication, Telomere-associated;DNA-acting enzymes;"Alabert et al., 2014; Alvarez et al., 2023; Ginno et al., 2018; Shi et al., 2021; Torrente et al., 2011";90.8;"UPF1_Zn_bind(RNA helicase (UPF2 interacting domain),PF09416);AAA_11(AAA domain,PF13086);AAA_11(AAA domain,PF13086);AAA_12(AAA domain,PF13087);UPF1_1B_dom(RNA helicase UPF1, 1B domain,PF18141)";1129;;RP08860386;EPB41L4A-AS1;lncRNA;Homo sapiens;RBP;Homo sapiens;NCBI:114915;NCBI:5976;0.4375;CLIP;PAR-CLIP//eCLIP//HITS-CLIP//iCLIP//CLIP-seq;;285;ENSG00000224032;-2.55110776467953;0.623872226190378;-8.55111286415612;2.57565840171701e-10;5.081461628800851e-09;13.4163564845539
4478;3471422;UPF1;Q92900;Regulator of nonsense transcripts 1;Cytoplasm (ECO:0000269), Nucleus (ECO:0000269), Perinuclear region (ECO:0000250);Cytosol (Supported), Nucleoplasm (Supported);cytoplasmic (annotations_grade_3);DNA-acting enzymes, DNA metabolic processes, DNA replication, Telomere-associated;DNA-acting enzymes;"Alabert et al., 2014; Alvarez et al., 2023; Ginno et al., 2018; Shi et al., 2021; Torrente et al., 2011";90.8;"UPF1_Zn_bind(RNA helicase (UPF2 interacting domain),PF09416);AAA_11(AAA domain,PF13086);AAA_11(AAA domain,PF13086);AAA_12(AAA domain,PF13087);UPF1_1B_dom(RNA helicase UPF1, 1B domain,PF18141)";1129;;RP08860212;SNHG1;lncRNA;Homo sapiens;RBP;Homo sapiens;NCBI:23642;NCBI:5976;0.4156;CLIP;PAR-CLIP//eCLIP//HITS-CLIP//iCLIP//CLIP-seq;;2023;ENSG00000255717;-3.1343954975797;3.5255615293517;-12.1724795306288;1.50067688859263e-14;2.52533906812367e-12;23.0956312855758
4480;3471426;UPF1;Q92900;Regulator of nonsense transcripts 1;Cytoplasm (ECO:0000269), Nucleus (ECO:0000269), Perinuclear region (ECO:0000250);Cytosol (Supported), Nucleoplasm (Supported);cytoplasmic (annotations_grade_3);DNA-acting enzymes, DNA metabolic processes, DNA replication, Telomere-associated;DNA-acting enzymes;"Alabert et al., 2014; Alvarez et al., 2023; Ginno et al., 2018; Shi et al., 2021; Torrente et al., 2011";90.8;"UPF1_Zn_bind(RNA helicase (UPF2 interacting domain),PF09416);AAA_11(AAA domain,PF13086);AAA_11(AAA domain,PF13086);AAA_12(AAA domain,PF13087);UPF1_1B_dom(RNA helicase UPF1, 1B domain,PF18141)";1129;;RP08860423;SNHG15;lncRNA;Homo sapiens;RBP;Homo sapiens;NCBI:285958;NCBI:5976;0.4375;CLIP;PAR-CLIP//eCLIP//HITS-CLIP//iCLIP//CLIP-seq;;966;ENSG00000232956;-2.77917597283892;1.81941702980103;-9.99049401552001;4.36370990206709e-12;1.65388536558525e-10;17.4717593121349
4481;3471427;UPF1;Q92900;Regulator of nonsense transcripts 1;Cytoplasm (ECO:0000269), Nucleus (ECO:0000269), Perinuclear region (ECO:0000250);Cytosol (Supported), Nucleoplasm (Supported);cytoplasmic (annotations_grade_3);DNA-acting enzymes, DNA metabolic processes, DNA replication, Telomere-associated;DNA-acting enzymes;"Alabert et al., 2014; Alvarez et al., 2023; Ginno et al., 2018; Shi et al., 2021; Torrente et al., 2011";90.8;"UPF1_Zn_bind(RNA helicase (UPF2 interacting domain),PF09416);AAA_11(AAA domain,PF13086);AAA_11(AAA domain,PF13086);AAA_12(AAA domain,PF13087);UPF1_1B_dom(RNA helicase UPF1, 1B domain,PF18141)";1129;;RP08860298;SNHG16;lncRNA;Homo sapiens;RBP;Homo sapiens;NCBI:100507246;NCBI:5976;0.4375;CLIP;PAR-CLIP//eCLIP//HITS-CLIP//iCLIP//CLIP-seq;;17;ENSG00000163597;-1.76574685009836;3.88332039022155;-7.2253013716623;1.36790691052561e-08;1.73860555062877e-07;9.46585361999884
4487;3471436;UPF1;Q92900;Regulator of nonsense transcripts 1;Cytoplasm (ECO:0000269), Nucleus (ECO:0000269), Perinuclear region (ECO:0000250);Cytosol (Supported), Nucleoplasm (Supported);cytoplasmic (annotations_grade_3);DNA-acting enzymes, DNA metabolic processes, DNA replication, Telomere-associated;DNA-acting enzymes;"Alabert et al., 2014; Alvarez et al., 2023; Ginno et al., 2018; Shi et al., 2021; Torrente et al., 2011";90.8;"UPF1_Zn_bind(RNA helicase (UPF2 interacting domain),PF09416);AAA_11(AAA domain,PF13086);AAA_11(AAA domain,PF13086);AAA_12(AAA domain,PF13087);UPF1_1B_dom(RNA helicase UPF1, 1B domain,PF18141)";1129;;RP08860411;SNHG5;lncRNA;Homo sapiens;RBP;Homo sapiens;NCBI:387066;NCBI:5976;0.4375;CLIP;PAR-CLIP//eCLIP//HITS-CLIP//iCLIP//CLIP-seq;;132;ENSG00000203875;-2.79357818092896;3.17229546572489;-7.92087451041262;1.6629897857665301e-09;2.70123476012347e-08;11.5609108469976
4488;3471437;UPF1;Q92900;Regulator of nonsense transcripts 1;Cytoplasm (ECO:0000269), Nucleus (ECO:0000269), Perinuclear region (ECO:0000250);Cytosol (Supported), Nucleoplasm (Supported);cytoplasmic (annotations_grade_3);DNA-acting enzymes, DNA metabolic processes, DNA replication, Telomere-associated;DNA-acting enzymes;"Alabert et al., 2014; Alvarez et al., 2023; Ginno et al., 2018; Shi et al., 2021; Torrente et al., 2011";90.8;"UPF1_Zn_bind(RNA helicase (UPF2 interacting domain),PF09416);AAA_11(AAA domain,PF13086);AAA_11(AAA domain,PF13086);AAA_12(AAA domain,PF13087);UPF1_1B_dom(RNA helicase UPF1, 1B domain,PF18141)";1129;;RP08860437;SNHG6;lncRNA;Homo sapiens;RBP;Homo sapiens;NCBI:641638;NCBI:5976;0.4405;CLIP;PAR-CLIP//eCLIP//HITS-CLIP//iCLIP//CLIP-seq;catRAPID;1482;ENSG00000245910;-3.02030504081192;2.13635252691397;-9.00111087542265;6.998606051362839e-11;1.6448679138594102e-09;14.7126214928218
4489;3471439;UPF1;Q92900;Regulator of nonsense transcripts 1;Cytoplasm (ECO:0000269), Nucleus (ECO:0000269), Perinuclear region (ECO:0000250);Cytosol (Supported), Nucleoplasm (Supported);cytoplasmic (annotations_grade_3);DNA-acting enzymes, DNA metabolic processes, DNA replication, Telomere-associated;DNA-acting enzymes;"Alabert et al., 2014; Alvarez et al., 2023; Ginno et al., 2018; Shi et al., 2021; Torrente et al., 2011";90.8;"UPF1_Zn_bind(RNA helicase (UPF2 interacting domain),PF09416);AAA_11(AAA domain,PF13086);AAA_11(AAA domain,PF13086);AAA_12(AAA domain,PF13087);UPF1_1B_dom(RNA helicase UPF1, 1B domain,PF18141)";1129;;RP08860379;SNHG8;lncRNA;Homo sapiens;RBP;Homo sapiens;NCBI:100093630;NCBI:5976;0.4375;CLIP;PAR-CLIP//eCLIP//HITS-CLIP//iCLIP//CLIP-seq;;3070;ENSG00000269893;-2.44848407009223;2.11062542825147;-6.44138973928252;1.54274347761572e-07;1.46178419151562e-06;7.06107593248584
4648;468732;DDX3X;O00571;ATP-dependent RNA helicase DDX3X;Cell membrane (ECO:0000269), Centrosome (ECO:0000269), Cytoplasm (ECO:0000269), Inflammasome (ECO:0000250), Lamellipodium (ECO:0000269), Nucleus (ECO:0000269), Stress granule (ECO:0000269);Cytosol (Approved), Nucleoplasm (Approved);;DNA-acting enzymes;DNA-acting enzymes;"Alabert et al., 2014; Alvarez et al., 2023; Ginno et al., 2018; Shi et al., 2021; Torrente et al., 2011";245.0;"DEAD(DEAD/DEAH box helicase,PF00270);Helicase_C(Helicase conserved C-terminal domain,PF00271)";662;;RP08169263;GAS5;lncRNA;Homo sapiens;RBP;Homo sapiens;NCBI:60674;NCBI:1654;0.3897;CLIP;eCLIP//HITS-CLIP//iCLIP;;1098;ENSG00000234741;-2.56041864444156;3.87237361491495;-7.93865419283863;1.5767911812111202e-09;2.58115194527439e-08;11.6138519668715
4662;469118;DDX3X;O00571;ATP-dependent RNA helicase DDX3X;Cell membrane (ECO:0000269), Centrosome (ECO:0000269), Cytoplasm (ECO:0000269), Inflammasome (ECO:0000250), Lamellipodium (ECO:0000269), Nucleus (ECO:0000269), Stress granule (ECO:0000269);Cytosol (Approved), Nucleoplasm (Approved);;DNA-acting enzymes;DNA-acting enzymes;"Alabert et al., 2014; Alvarez et al., 2023; Ginno et al., 2018; Shi et al., 2021; Torrente et al., 2011";245.0;"DEAD(DEAD/DEAH box helicase,PF00270);Helicase_C(Helicase conserved C-terminal domain,PF00271)";662;;RP08170469;XIST;lncRNA;Homo sapiens;RBP;Homo sapiens;NCBI:7503;NCBI:1654;0.351;CLIP;eCLIP//HITS-CLIP//iCLIP;;718;ENSG00000229807;-6.57326935078366;1.54159830942689;-4.14945804433362;0.0001856278660776;0.0008424341236124;0.0917621252499083
4664;468997;DDX3X;O00571;ATP-dependent RNA helicase DDX3X;Cell membrane (ECO:0000269), Centrosome (ECO:0000269), Cytoplasm (ECO:0000269), Inflammasome (ECO:0000250), Lamellipodium (ECO:0000269), Nucleus (ECO:0000269), Stress granule (ECO:0000269);Cytosol (Approved), Nucleoplasm (Approved);;DNA-acting enzymes;DNA-acting enzymes;"Alabert et al., 2014; Alvarez et al., 2023; Ginno et al., 2018; Shi et al., 2021; Torrente et al., 2011";245.0;"DEAD(DEAD/DEAH box helicase,PF00270);Helicase_C(Helicase conserved C-terminal domain,PF00271)";662;;RP08169242;SNHG1;lncRNA;Homo sapiens;RBP;Homo sapiens;NCBI:23642;NCBI:1654;0.3897;CLIP;eCLIP//HITS-CLIP//iCLIP;;2023;ENSG00000255717;-3.1343954975797;3.5255615293517;-12.1724795306288;1.50067688859263e-14;2.52533906812367e-12;23.0956312855758
4667;468842;DDX3X;O00571;ATP-dependent RNA helicase DDX3X;Cell membrane (ECO:0000269), Centrosome (ECO:0000269), Cytoplasm (ECO:0000269), Inflammasome (ECO:0000250), Lamellipodium (ECO:0000269), Nucleus (ECO:0000269), Stress granule (ECO:0000269);Cytosol (Approved), Nucleoplasm (Approved);;DNA-acting enzymes;DNA-acting enzymes;"Alabert et al., 2014; Alvarez et al., 2023; Ginno et al., 2018; Shi et al., 2021; Torrente et al., 2011";245.0;"DEAD(DEAD/DEAH box helicase,PF00270);Helicase_C(Helicase conserved C-terminal domain,PF00271)";662;;RP08169415;MIR17HG;lncRNA;Homo sapiens;RBP;Homo sapiens;NCBI:407975;NCBI:1654;0.351;CLIP;eCLIP//iCLIP;;215;ENSG00000215417;-1.84534139091266;0.99398029655203;-5.74834557141758;1.34549165469835e-06;9.96563977344356e-06;4.91812246599078
4681;468805;DDX3X;O00571;ATP-dependent RNA helicase DDX3X;Cell membrane (ECO:0000269), Centrosome (ECO:0000269), Cytoplasm (ECO:0000269), Inflammasome (ECO:0000250), Lamellipodium (ECO:0000269), Nucleus (ECO:0000269), Stress granule (ECO:0000269);Cytosol (Approved), Nucleoplasm (Approved);;DNA-acting enzymes;DNA-acting enzymes;"Alabert et al., 2014; Alvarez et al., 2023; Ginno et al., 2018; Shi et al., 2021; Torrente et al., 2011";245.0;"DEAD(DEAD/DEAH box helicase,PF00270);Helicase_C(Helicase conserved C-terminal domain,PF00271)";662;;RP08170444;LINC00630;lncRNA;Homo sapiens;RBP;Homo sapiens;NCBI:100287765;NCBI:1654;0.3127;CLIP;eCLIP//iCLIP;;247;ENSG00000223546;-2.26301235070402;0.462538646230177;-7.84374214675453;2.09574721751214e-09;3.31458967822315e-08;11.3308619374593
4683;469004;DDX3X;O00571;ATP-dependent RNA helicase DDX3X;Cell membrane (ECO:0000269), Centrosome (ECO:0000269), Cytoplasm (ECO:0000269), Inflammasome (ECO:0000250), Lamellipodium (ECO:0000269), Nucleus (ECO:0000269), Stress granule (ECO:0000269);Cytosol (Approved), Nucleoplasm (Approved);;DNA-acting enzymes;DNA-acting enzymes;"Alabert et al., 2014; Alvarez et al., 2023; Ginno et al., 2018; Shi et al., 2021; Torrente et al., 2011";245.0;"DEAD(DEAD/DEAH box helicase,PF00270);Helicase_C(Helicase conserved C-terminal domain,PF00271)";662;;RP08170254;SNHG5;lncRNA;Homo sapiens;RBP;Homo sapiens;NCBI:387066;NCBI:1654;0.3897;CLIP;eCLIP//HITS-CLIP//iCLIP;;132;ENSG00000203875;-2.79357818092896;3.17229546572489;-7.92087451041262;1.6629897857665301e-09;2.70123476012347e-08;11.5609108469976
5215;2577804;RBMX;P38159;RNA-binding motif protein, X chromosome [Cleaved into: RNA-binding motif protein, X chromosome, N-terminally processed];Nucleus (ECO:0000269);Nucleoplasm (Supported);nucleoplasm (annotations_grade_3);Nuclear RNA binding proteins, RNA processing, Euchromatin-associated;Euchromatin-associated;"Alabert et al., 2014; Alvarez et al., 2023; Ginno et al., 2018; Itzhak et al., 2016; Kustatscher et al., 2014; Shi et al., 2021; Torrente et al., 2011";303.0;"RRM_1(RNA recognition motif. (a.k.a. RRM, RBD, or RNP domain),PF00076);RBM1CTR(RBM1CTR (NUC064) family,PF08081)";391;;RP34821026;ERVK13-1;lncRNA;Homo sapiens;protein;Homo sapiens;NCBI:100507321;NCBI:27316;0.2585;CLIP;;;2496;ENSG00000260565;-2.1793751357727;3.37818926211326;-7.65464711208258;3.7045425106337803e-09;5.33733230898503e-08;10.7643564661693
5216;2577798;RBMX;P38159;RNA-binding motif protein, X chromosome [Cleaved into: RNA-binding motif protein, X chromosome, N-terminally processed];Nucleus (ECO:0000269);Nucleoplasm (Supported);nucleoplasm (annotations_grade_3);Nuclear RNA binding proteins, RNA processing, Euchromatin-associated;Euchromatin-associated;"Alabert et al., 2014; Alvarez et al., 2023; Ginno et al., 2018; Itzhak et al., 2016; Kustatscher et al., 2014; Shi et al., 2021; Torrente et al., 2011";303.0;"RRM_1(RNA recognition motif. (a.k.a. RRM, RBD, or RNP domain),PF00076);RBM1CTR(RBM1CTR (NUC064) family,PF08081)";391;;RP34730160;DISC1FP1;lncRNA;Homo sapiens;protein;Homo sapiens;NCBI:101929222;NCBI:27316;0.2585;CLIP;;;2642;ENSG00000261645;-1.57960787827338;-2.09187619416356;-5.74915221319155;1.34209915776998e-06;9.95804436814516e-06;4.92061532040349
5217;2577794;RBMX;P38159;RNA-binding motif protein, X chromosome [Cleaved into: RNA-binding motif protein, X chromosome, N-terminally processed];Nucleus (ECO:0000269);Nucleoplasm (Supported);nucleoplasm (annotations_grade_3);Nuclear RNA binding proteins, RNA processing, Euchromatin-associated;Euchromatin-associated;"Alabert et al., 2014; Alvarez et al., 2023; Ginno et al., 2018; Itzhak et al., 2016; Kustatscher et al., 2014; Shi et al., 2021; Torrente et al., 2011";303.0;"RRM_1(RNA recognition motif. (a.k.a. RRM, RBD, or RNP domain),PF00076);RBM1CTR(RBM1CTR (NUC064) family,PF08081)";391;;RP34710078;DANCR;lncRNA;Homo sapiens;protein;Homo sapiens;NCBI:57291;NCBI:27316;0.2585;CLIP;;;493;ENSG00000226950;-1.97490458175396;2.8150326492749;-6.0781695760482;4.79377709969811e-07;4.02543318531536e-06;5.93825752661623
5218;2577811;RBMX;P38159;RNA-binding motif protein, X chromosome [Cleaved into: RNA-binding motif protein, X chromosome, N-terminally processed];Nucleus (ECO:0000269);Nucleoplasm (Supported);nucleoplasm (annotations_grade_3);Nuclear RNA binding proteins, RNA processing, Euchromatin-associated;Euchromatin-associated;"Alabert et al., 2014; Alvarez et al., 2023; Ginno et al., 2018; Itzhak et al., 2016; Kustatscher et al., 2014; Shi et al., 2021; Torrente et al., 2011";303.0;"RRM_1(RNA recognition motif. (a.k.a. RRM, RBD, or RNP domain),PF00076);RBM1CTR(RBM1CTR (NUC064) family,PF08081)";391;;RP34954629;GAS5;lncRNA;Homo sapiens;protein;Homo sapiens;NCBI:60674;NCBI:27316;0.2585;CLIP;;;1098;ENSG00000234741;-2.56041864444156;3.87237361491495;-7.93865419283863;1.5767911812111202e-09;2.58115194527439e-08;11.6138519668715
5219;2577833;RBMX;P38159;RNA-binding motif protein, X chromosome [Cleaved into: RNA-binding motif protein, X chromosome, N-terminally processed];Nucleus (ECO:0000269);Nucleoplasm (Supported);nucleoplasm (annotations_grade_3);Nuclear RNA binding proteins, RNA processing, Euchromatin-associated;Euchromatin-associated;"Alabert et al., 2014; Alvarez et al., 2023; Ginno et al., 2018; Itzhak et al., 2016; Kustatscher et al., 2014; Shi et al., 2021; Torrente et al., 2011";303.0;"RRM_1(RNA recognition motif. (a.k.a. RRM, RBD, or RNP domain),PF00076);RBM1CTR(RBM1CTR (NUC064) family,PF08081)";391;;RP35183505;IQCH-AS1;lncRNA;Homo sapiens;protein;Homo sapiens;NCBI:100506686;NCBI:27316;0.2585;CLIP;;;2357;ENSG00000259673;-2.36524264156248;-0.0326418860202442;-8.03552475053475;1.1805743112048e-09;2.01897403546284e-08;11.9017115063395
5220;2577900;RBMX;P38159;RNA-binding motif protein, X chromosome [Cleaved into: RNA-binding motif protein, X chromosome, N-terminally processed];Nucleus (ECO:0000269);Nucleoplasm (Supported);nucleoplasm (annotations_grade_3);Nuclear RNA binding proteins, RNA processing, Euchromatin-associated;Euchromatin-associated;"Alabert et al., 2014; Alvarez et al., 2023; Ginno et al., 2018; Itzhak et al., 2016; Kustatscher et al., 2014; Shi et al., 2021; Torrente et al., 2011";303.0;"RRM_1(RNA recognition motif. (a.k.a. RRM, RBD, or RNP domain),PF00076);RBM1CTR(RBM1CTR (NUC064) family,PF08081)";391;;RP35394863;MALAT1;lncRNA;Homo sapiens;protein;Homo sapiens;NCBI:378938;NCBI:27316;0.2585;CLIP;;;1786;ENSG00000251562;-2.69192848146394;10.8069205658514;-9.99570573098169;4.30182645492996e-12;1.65306630339579e-10;17.4859517032396
5221;2577889;RBMX;P38159;RNA-binding motif protein, X chromosome [Cleaved into: RNA-binding motif protein, X chromosome, N-terminally processed];Nucleus (ECO:0000269);Nucleoplasm (Supported);nucleoplasm (annotations_grade_3);Nuclear RNA binding proteins, RNA processing, Euchromatin-associated;Euchromatin-associated;"Alabert et al., 2014; Alvarez et al., 2023; Ginno et al., 2018; Itzhak et al., 2016; Kustatscher et al., 2014; Shi et al., 2021; Torrente et al., 2011";303.0;"RRM_1(RNA recognition motif. (a.k.a. RRM, RBD, or RNP domain),PF00076);RBM1CTR(RBM1CTR (NUC064) family,PF08081)";391;;RP35308604;LINC00940;lncRNA;Homo sapiens;protein;Homo sapiens;NCBI:100271702;NCBI:27316;0.2585;CLIP;;;1118;ENSG00000235049;-2.02215500039528;-2.3267320318411;-10.0877239726463;3.34492056322503e-12;1.34019817233216e-10;17.7359346982347
5222;2577888;RBMX;P38159;RNA-binding motif protein, X chromosome [Cleaved into: RNA-binding motif protein, X chromosome, N-terminally processed];Nucleus (ECO:0000269);Nucleoplasm (Supported);nucleoplasm (annotations_grade_3);Nuclear RNA binding proteins, RNA processing, Euchromatin-associated;Euchromatin-associated;"Alabert et al., 2014; Alvarez et al., 2023; Ginno et al., 2018; Itzhak et al., 2016; Kustatscher et al., 2014; Shi et al., 2021; Torrente et al., 2011";303.0;"RRM_1(RNA recognition motif. (a.k.a. RRM, RBD, or RNP domain),PF00076);RBM1CTR(RBM1CTR (NUC064) family,PF08081)";391;;RP35308151;LINC00926;lncRNA;Homo sapiens;protein;Homo sapiens;NCBI:283663;NCBI:27316;0.2585;CLIP;;;1524;ENSG00000247982;-2.91105104767217;3.27604843264759;-7.78213923254109;2.5220837406324e-09;3.84274426400029e-08;11.1466953497868
5223;2577883;RBMX;P38159;RNA-binding motif protein, X chromosome [Cleaved into: RNA-binding motif protein, X chromosome, N-terminally processed];Nucleus (ECO:0000269);Nucleoplasm (Supported);nucleoplasm (annotations_grade_3);Nuclear RNA binding proteins, RNA processing, Euchromatin-associated;Euchromatin-associated;"Alabert et al., 2014; Alvarez et al., 2023; Ginno et al., 2018; Itzhak et al., 2016; Kustatscher et al., 2014; Shi et al., 2021; Torrente et al., 2011";303.0;"RRM_1(RNA recognition motif. (a.k.a. RRM, RBD, or RNP domain),PF00076);RBM1CTR(RBM1CTR (NUC064) family,PF08081)";391;;RP35306844;LINC00877;lncRNA;Homo sapiens;protein;Homo sapiens;NCBI:285286;NCBI:27316;0.2585;CLIP;;;1376;ENSG00000241163;-1.69840444479095;2.86984243406203;-4.54358670988472;5.65290056053386e-05;0.0002874847048975;1.24722906378739
5224;2577915;RBMX;P38159;RNA-binding motif protein, X chromosome [Cleaved into: RNA-binding motif protein, X chromosome, N-terminally processed];Nucleus (ECO:0000269);Nucleoplasm (Supported);nucleoplasm (annotations_grade_3);Nuclear RNA binding proteins, RNA processing, Euchromatin-associated;Euchromatin-associated;"Alabert et al., 2014; Alvarez et al., 2023; Ginno et al., 2018; Itzhak et al., 2016; Kustatscher et al., 2014; Shi et al., 2021; Torrente et al., 2011";303.0;"RRM_1(RNA recognition motif. (a.k.a. RRM, RBD, or RNP domain),PF00076);RBM1CTR(RBM1CTR (NUC064) family,PF08081)";391;;RP35426534;MIR22HG;lncRNA;Homo sapiens;protein;Homo sapiens;NCBI:84981;NCBI:27316;0.2585;CLIP;;;77;ENSG00000186594;-2.50560118250147;2.93862258387378;-7.53745059189184;5.2825980379258805e-09;7.35890395548152e-08;10.4115260666507
5225;2577912;RBMX;P38159;RNA-binding motif protein, X chromosome [Cleaved into: RNA-binding motif protein, X chromosome, N-terminally processed];Nucleus (ECO:0000269);Nucleoplasm (Supported);nucleoplasm (annotations_grade_3);Nuclear RNA binding proteins, RNA processing, Euchromatin-associated;Euchromatin-associated;"Alabert et al., 2014; Alvarez et al., 2023; Ginno et al., 2018; Itzhak et al., 2016; Kustatscher et al., 2014; Shi et al., 2021; Torrente et al., 2011";303.0;"RRM_1(RNA recognition motif. (a.k.a. RRM, RBD, or RNP domain),PF00076);RBM1CTR(RBM1CTR (NUC064) family,PF08081)";391;;RP35425933;MIR181A1HG;lncRNA;Homo sapiens;protein;Homo sapiens;NCBI:100131234;NCBI:27316;0.2585;CLIP;;;733;ENSG00000229989;-1.96778898192628;1.27892832409396;-6.45145267303389;1.49514635854925e-07;1.42309518787708e-06;7.09213857469546
5226;2577911;RBMX;P38159;RNA-binding motif protein, X chromosome [Cleaved into: RNA-binding motif protein, X chromosome, N-terminally processed];Nucleus (ECO:0000269);Nucleoplasm (Supported);nucleoplasm (annotations_grade_3);Nuclear RNA binding proteins, RNA processing, Euchromatin-associated;Euchromatin-associated;"Alabert et al., 2014; Alvarez et al., 2023; Ginno et al., 2018; Itzhak et al., 2016; Kustatscher et al., 2014; Shi et al., 2021; Torrente et al., 2011";303.0;"RRM_1(RNA recognition motif. (a.k.a. RRM, RBD, or RNP domain),PF00076);RBM1CTR(RBM1CTR (NUC064) family,PF08081)";391;;RP35425913;MIR17HG;lncRNA;Homo sapiens;protein;Homo sapiens;NCBI:407975;NCBI:27316;0.2585;CLIP;;;215;ENSG00000215417;-1.84534139091266;0.99398029655203;-5.74834557141758;1.34549165469835e-06;9.96563977344356e-06;4.91812246599078
5227;2577881;RBMX;P38159;RNA-binding motif protein, X chromosome [Cleaved into: RNA-binding motif protein, X chromosome, N-terminally processed];Nucleus (ECO:0000269);Nucleoplasm (Supported);nucleoplasm (annotations_grade_3);Nuclear RNA binding proteins, RNA processing, Euchromatin-associated;Euchromatin-associated;"Alabert et al., 2014; Alvarez et al., 2023; Ginno et al., 2018; Itzhak et al., 2016; Kustatscher et al., 2014; Shi et al., 2021; Torrente et al., 2011";303.0;"RRM_1(RNA recognition motif. (a.k.a. RRM, RBD, or RNP domain),PF00076);RBM1CTR(RBM1CTR (NUC064) family,PF08081)";391;;RP35306287;LINC00861;lncRNA;Homo sapiens;protein;Homo sapiens;NCBI:100130231;NCBI:27316;0.2585;CLIP;;;1460;ENSG00000245164;-3.05855618995156;4.29350130925531;-8.62946445815152;2.0492267636125701e-10;4.16478115677202e-09;13.6438323723828
5228;2577853;RBMX;P38159;RNA-binding motif protein, X chromosome [Cleaved into: RNA-binding motif protein, X chromosome, N-terminally processed];Nucleus (ECO:0000269);Nucleoplasm (Supported);nucleoplasm (annotations_grade_3);Nuclear RNA binding proteins, RNA processing, Euchromatin-associated;Euchromatin-associated;"Alabert et al., 2014; Alvarez et al., 2023; Ginno et al., 2018; Itzhak et al., 2016; Kustatscher et al., 2014; Shi et al., 2021; Torrente et al., 2011";303.0;"RRM_1(RNA recognition motif. (a.k.a. RRM, RBD, or RNP domain),PF00076);RBM1CTR(RBM1CTR (NUC064) family,PF08081)";391;;RP35296933;LINC00310;lncRNA;Homo sapiens;protein;Homo sapiens;NCBI:114036;NCBI:27316;0.2585;CLIP;;;528;ENSG00000227456;-1.71889329294281;-0.576401170927827;-5.1568343783609;8.53318954351651e-06;5.17278507342564e-05;3.0983635894232
5229;2577852;RBMX;P38159;RNA-binding motif protein, X chromosome [Cleaved into: RNA-binding motif protein, X chromosome, N-terminally processed];Nucleus (ECO:0000269);Nucleoplasm (Supported);nucleoplasm (annotations_grade_3);Nuclear RNA binding proteins, RNA processing, Euchromatin-associated;Euchromatin-associated;"Alabert et al., 2014; Alvarez et al., 2023; Ginno et al., 2018; Itzhak et al., 2016; Kustatscher et al., 2014; Shi et al., 2021; Torrente et al., 2011";303.0;"RRM_1(RNA recognition motif. (a.k.a. RRM, RBD, or RNP domain),PF00076);RBM1CTR(RBM1CTR (NUC064) family,PF08081)";391;;RP35296594;LINC00299;lncRNA;Homo sapiens;protein;Homo sapiens;NCBI:339789;NCBI:27316;0.2585;CLIP;;;1231;ENSG00000236790;-3.16321551373561;1.49436630961878;-12.8196817543434;3.13051348649769e-15;7.74710013982104e-13;24.6433702637167
5230;2577848;RBMX;P38159;RNA-binding motif protein, X chromosome [Cleaved into: RNA-binding motif protein, X chromosome, N-terminally processed];Nucleus (ECO:0000269);Nucleoplasm (Supported);nucleoplasm (annotations_grade_3);Nuclear RNA binding proteins, RNA processing, Euchromatin-associated;Euchromatin-associated;"Alabert et al., 2014; Alvarez et al., 2023; Ginno et al., 2018; Itzhak et al., 2016; Kustatscher et al., 2014; Shi et al., 2021; Torrente et al., 2011";303.0;"RRM_1(RNA recognition motif. (a.k.a. RRM, RBD, or RNP domain),PF00076);RBM1CTR(RBM1CTR (NUC064) family,PF08081)";391;;RP35296010;LINC00265;lncRNA;Homo sapiens;protein;Homo sapiens;NCBI:349114;NCBI:27316;0.2585;CLIP;;;82;ENSG00000188185;-2.2966618158003;0.721994064943969;-10.8578763845317;4.25262219587215e-13;2.4848307747269597e-11;19.7835899009205
5231;2577844;RBMX;P38159;RNA-binding motif protein, X chromosome [Cleaved into: RNA-binding motif protein, X chromosome, N-terminally processed];Nucleus (ECO:0000269);Nucleoplasm (Supported);nucleoplasm (annotations_grade_3);Nuclear RNA binding proteins, RNA processing, Euchromatin-associated;Euchromatin-associated;"Alabert et al., 2014; Alvarez et al., 2023; Ginno et al., 2018; Itzhak et al., 2016; Kustatscher et al., 2014; Shi et al., 2021; Torrente et al., 2011";303.0;"RRM_1(RNA recognition motif. (a.k.a. RRM, RBD, or RNP domain),PF00076);RBM1CTR(RBM1CTR (NUC064) family,PF08081)";391;;RP35294741;LINC00106;lncRNA;Homo sapiens;protein;Homo sapiens;NCBI:751580;NCBI:27316;0.2585;CLIP;;;1237;ENSG00000236871;-2.56865137787452;2.55025564923087;-9.37492771567083;2.41692692000027e-11;7.01242176030423e-10;15.7701122372773
5232;2577844;RBMX;P38159;RNA-binding motif protein, X chromosome [Cleaved into: RNA-binding motif protein, X chromosome, N-terminally processed];Nucleus (ECO:0000269);Nucleoplasm (Supported);nucleoplasm (annotations_grade_3);Nuclear RNA binding proteins, RNA processing, Euchromatin-associated;Euchromatin-associated;"Alabert et al., 2014; Alvarez et al., 2023; Ginno et al., 2018; Itzhak et al., 2016; Kustatscher et al., 2014; Shi et al., 2021; Torrente et al., 2011";303.0;"RRM_1(RNA recognition motif. (a.k.a. RRM, RBD, or RNP domain),PF00076);RBM1CTR(RBM1CTR (NUC064) family,PF08081)";391;;RP35294741;LINC00106;lncRNA;Homo sapiens;protein;Homo sapiens;NCBI:751580;NCBI:27316;0.2585;CLIP;;;1238;ENSG00000236871;-2.56865137787452;2.55025564923087;-9.37492771567083;2.41692692000027e-11;7.01242176030423e-10;15.7701122372773
5233;2577834;RBMX;P38159;RNA-binding motif protein, X chromosome [Cleaved into: RNA-binding motif protein, X chromosome, N-terminally processed];Nucleus (ECO:0000269);Nucleoplasm (Supported);nucleoplasm (annotations_grade_3);Nuclear RNA binding proteins, RNA processing, Euchromatin-associated;Euchromatin-associated;"Alabert et al., 2014; Alvarez et al., 2023; Ginno et al., 2018; Itzhak et al., 2016; Kustatscher et al., 2014; Shi et al., 2021; Torrente et al., 2011";303.0;"RRM_1(RNA recognition motif. (a.k.a. RRM, RBD, or RNP domain),PF00076);RBM1CTR(RBM1CTR (NUC064) family,PF08081)";391;;RP35220399;JPX;lncRNA;Homo sapiens;protein;Homo sapiens;NCBI:554203;NCBI:27316;0.2585;CLIP;;;374;ENSG00000225470;-1.81667140678558;3.58380683530008;-7.33868036440905;9.67227303315251e-09;1.24819793406358e-07;9.810288704289
5234;2577843;RBMX;P38159;RNA-binding motif protein, X chromosome [Cleaved into: RNA-binding motif protein, X chromosome, N-terminally processed];Nucleus (ECO:0000269);Nucleoplasm (Supported);nucleoplasm (annotations_grade_3);Nuclear RNA binding proteins, RNA processing, Euchromatin-associated;Euchromatin-associated;"Alabert et al., 2014; Alvarez et al., 2023; Ginno et al., 2018; Itzhak et al., 2016; Kustatscher et al., 2014; Shi et al., 2021; Torrente et al., 2011";303.0;"RRM_1(RNA recognition motif. (a.k.a. RRM, RBD, or RNP domain),PF00076);RBM1CTR(RBM1CTR (NUC064) family,PF08081)";391;;RP35294659;LINC00092;lncRNA;Homo sapiens;protein;Homo sapiens;NCBI:100188953;NCBI:27316;0.2585;CLIP;;;360;ENSG00000225194;-1.99803335356761;-1.18963800574954;-8.44583332056585;3.50601872017383e-10;6.46921962972425e-09;13.1095531012234
5235;2577855;RBMX;P38159;RNA-binding motif protein, X chromosome [Cleaved into: RNA-binding motif protein, X chromosome, N-terminally processed];Nucleus (ECO:0000269);Nucleoplasm (Supported);nucleoplasm (annotations_grade_3);Nuclear RNA binding proteins, RNA processing, Euchromatin-associated;Euchromatin-associated;"Alabert et al., 2014; Alvarez et al., 2023; Ginno et al., 2018; Itzhak et al., 2016; Kustatscher et al., 2014; Shi et al., 2021; Torrente et al., 2011";303.0;"RRM_1(RNA recognition motif. (a.k.a. RRM, RBD, or RNP domain),PF00076);RBM1CTR(RBM1CTR (NUC064) family,PF08081)";391;;RP35297524;LINC00334;lncRNA;Homo sapiens;protein;Homo sapiens;NCBI:114042;NCBI:27316;0.2585;CLIP;;;67;ENSG00000182586;-1.74995152778323;-1.7159745554779;-3.68277236966078;0.0007281151833878;0.0028310356529691;-1.2247670892293
5236;2577876;RBMX;P38159;RNA-binding motif protein, X chromosome [Cleaved into: RNA-binding motif protein, X chromosome, N-terminally processed];Nucleus (ECO:0000269);Nucleoplasm (Supported);nucleoplasm (annotations_grade_3);Nuclear RNA binding proteins, RNA processing, Euchromatin-associated;Euchromatin-associated;"Alabert et al., 2014; Alvarez et al., 2023; Ginno et al., 2018; Itzhak et al., 2016; Kustatscher et al., 2014; Shi et al., 2021; Torrente et al., 2011";303.0;"RRM_1(RNA recognition motif. (a.k.a. RRM, RBD, or RNP domain),PF00076);RBM1CTR(RBM1CTR (NUC064) family,PF08081)";391;;RP35304436;LINC00664;lncRNA;Homo sapiens;protein;Homo sapiens;NCBI:400680;NCBI:27316;0.2585;CLIP;;;3025;ENSG00000268658;-1.69033152220746;-1.35968632838524;-4.01011472894051;0.0002806609498888;0.0012048373634516;-0.307957581748415
5237;2577875;RBMX;P38159;RNA-binding motif protein, X chromosome [Cleaved into: RNA-binding motif protein, X chromosome, N-terminally processed];Nucleus (ECO:0000269);Nucleoplasm (Supported);nucleoplasm (annotations_grade_3);Nuclear RNA binding proteins, RNA processing, Euchromatin-associated;Euchromatin-associated;"Alabert et al., 2014; Alvarez et al., 2023; Ginno et al., 2018; Itzhak et al., 2016; Kustatscher et al., 2014; Shi et al., 2021; Torrente et al., 2011";303.0;"RRM_1(RNA recognition motif. (a.k.a. RRM, RBD, or RNP domain),PF00076);RBM1CTR(RBM1CTR (NUC064) family,PF08081)";391;;RP35304367;LINC00663;lncRNA;Homo sapiens;protein;Homo sapiens;NCBI:284440;NCBI:27316;0.2585;CLIP;;;2849;ENSG00000266904;-2.2313825534385;0.177789980721914;-7.36614196503185;8.8949436262262e-09;1.15496999492388e-07;9.89355661048934
5238;2577870;RBMX;P38159;RNA-binding motif protein, X chromosome [Cleaved into: RNA-binding motif protein, X chromosome, N-terminally processed];Nucleus (ECO:0000269);Nucleoplasm (Supported);nucleoplasm (annotations_grade_3);Nuclear RNA binding proteins, RNA processing, Euchromatin-associated;Euchromatin-associated;"Alabert et al., 2014; Alvarez et al., 2023; Ginno et al., 2018; Itzhak et al., 2016; Kustatscher et al., 2014; Shi et al., 2021; Torrente et al., 2011";303.0;"RRM_1(RNA recognition motif. (a.k.a. RRM, RBD, or RNP domain),PF00076);RBM1CTR(RBM1CTR (NUC064) family,PF08081)";391;;RP35303298;LINC00630;lncRNA;Homo sapiens;protein;Homo sapiens;NCBI:100287765;NCBI:27316;0.2585;CLIP;;;247;ENSG00000223546;-2.26301235070402;0.462538646230177;-7.84374214675453;2.09574721751214e-09;3.31458967822315e-08;11.3308619374593
5264;2577990;RBMX;P38159;RNA-binding motif protein, X chromosome [Cleaved into: RNA-binding motif protein, X chromosome, N-terminally processed];Nucleus (ECO:0000269);Nucleoplasm (Supported);nucleoplasm (annotations_grade_3);Nuclear RNA binding proteins, RNA processing, Euchromatin-associated;Euchromatin-associated;"Alabert et al., 2014; Alvarez et al., 2023; Ginno et al., 2018; Itzhak et al., 2016; Kustatscher et al., 2014; Shi et al., 2021; Torrente et al., 2011";303.0;"RRM_1(RNA recognition motif. (a.k.a. RRM, RBD, or RNP domain),PF00076);RBM1CTR(RBM1CTR (NUC064) family,PF08081)";391;;RP36083624;SNHG8;lncRNA;Homo sapiens;protein;Homo sapiens;NCBI:100093630;NCBI:27316;0.2585;CLIP;;;3070;ENSG00000269893;-2.44848407009223;2.11062542825147;-6.44138973928252;1.54274347761572e-07;1.46178419151562e-06;7.06107593248584
5265;2577988;RBMX;P38159;RNA-binding motif protein, X chromosome [Cleaved into: RNA-binding motif protein, X chromosome, N-terminally processed];Nucleus (ECO:0000269);Nucleoplasm (Supported);nucleoplasm (annotations_grade_3);Nuclear RNA binding proteins, RNA processing, Euchromatin-associated;Euchromatin-associated;"Alabert et al., 2014; Alvarez et al., 2023; Ginno et al., 2018; Itzhak et al., 2016; Kustatscher et al., 2014; Shi et al., 2021; Torrente et al., 2011";303.0;"RRM_1(RNA recognition motif. (a.k.a. RRM, RBD, or RNP domain),PF00076);RBM1CTR(RBM1CTR (NUC064) family,PF08081)";391;;RP36083388;SNHG5;lncRNA;Homo sapiens;protein;Homo sapiens;NCBI:387066;NCBI:27316;0.2585;CLIP;;;132;ENSG00000203875;-2.79357818092896;3.17229546572489;-7.92087451041262;1.6629897857665301e-09;2.70123476012347e-08;11.5609108469976
5266;2577987;RBMX;P38159;RNA-binding motif protein, X chromosome [Cleaved into: RNA-binding motif protein, X chromosome, N-terminally processed];Nucleus (ECO:0000269);Nucleoplasm (Supported);nucleoplasm (annotations_grade_3);Nuclear RNA binding proteins, RNA processing, Euchromatin-associated;Euchromatin-associated;"Alabert et al., 2014; Alvarez et al., 2023; Ginno et al., 2018; Itzhak et al., 2016; Kustatscher et al., 2014; Shi et al., 2021; Torrente et al., 2011";303.0;"RRM_1(RNA recognition motif. (a.k.a. RRM, RBD, or RNP domain),PF00076);RBM1CTR(RBM1CTR (NUC064) family,PF08081)";391;;RP36083285;SNHG3;lncRNA;Homo sapiens;protein;Homo sapiens;NCBI:8420;NCBI:27316;0.2585;CLIP;;;1404;ENSG00000242125;-1.66215020983997;3.80442253035105;-6.53607722997152;1.14898325278424e-07;1.11634469849037e-06;7.35322044661673
5267;2577986;RBMX;P38159;RNA-binding motif protein, X chromosome [Cleaved into: RNA-binding motif protein, X chromosome, N-terminally processed];Nucleus (ECO:0000269);Nucleoplasm (Supported);nucleoplasm (annotations_grade_3);Nuclear RNA binding proteins, RNA processing, Euchromatin-associated;Euchromatin-associated;"Alabert et al., 2014; Alvarez et al., 2023; Ginno et al., 2018; Itzhak et al., 2016; Kustatscher et al., 2014; Shi et al., 2021; Torrente et al., 2011";303.0;"RRM_1(RNA recognition motif. (a.k.a. RRM, RBD, or RNP domain),PF00076);RBM1CTR(RBM1CTR (NUC064) family,PF08081)";391;;RP36082930;SNHG17;lncRNA;Homo sapiens;protein;Homo sapiens;NCBI:388796;NCBI:27316;0.2585;CLIP;;;95;ENSG00000196756;-2.91593577289014;2.76693240053218;-11.8719733234314;3.16171674568078e-14;4.15666948408721e-12;22.3586429297008
5268;2577985;RBMX;P38159;RNA-binding motif protein, X chromosome [Cleaved into: RNA-binding motif protein, X chromosome, N-terminally processed];Nucleus (ECO:0000269);Nucleoplasm (Supported);nucleoplasm (annotations_grade_3);Nuclear RNA binding proteins, RNA processing, Euchromatin-associated;Euchromatin-associated;"Alabert et al., 2014; Alvarez et al., 2023; Ginno et al., 2018; Itzhak et al., 2016; Kustatscher et al., 2014; Shi et al., 2021; Torrente et al., 2011";303.0;"RRM_1(RNA recognition motif. (a.k.a. RRM, RBD, or RNP domain),PF00076);RBM1CTR(RBM1CTR (NUC064) family,PF08081)";391;;RP36082840;SNHG16;lncRNA;Homo sapiens;protein;Homo sapiens;NCBI:100507246;NCBI:27316;0.2585;CLIP;;;17;ENSG00000163597;-1.76574685009836;3.88332039022155;-7.2253013716623;1.36790691052561e-08;1.73860555062877e-07;9.46585361999884
5269;2577984;RBMX;P38159;RNA-binding motif protein, X chromosome [Cleaved into: RNA-binding motif protein, X chromosome, N-terminally processed];Nucleus (ECO:0000269);Nucleoplasm (Supported);nucleoplasm (annotations_grade_3);Nuclear RNA binding proteins, RNA processing, Euchromatin-associated;Euchromatin-associated;"Alabert et al., 2014; Alvarez et al., 2023; Ginno et al., 2018; Itzhak et al., 2016; Kustatscher et al., 2014; Shi et al., 2021; Torrente et al., 2011";303.0;"RRM_1(RNA recognition motif. (a.k.a. RRM, RBD, or RNP domain),PF00076);RBM1CTR(RBM1CTR (NUC064) family,PF08081)";391;;RP36082749;SNHG15;lncRNA;Homo sapiens;protein;Homo sapiens;NCBI:285958;NCBI:27316;0.2585;CLIP;;;966;ENSG00000232956;-2.77917597283892;1.81941702980103;-9.99049401552001;4.36370990206709e-12;1.65388536558525e-10;17.4717593121349
5270;2577982;RBMX;P38159;RNA-binding motif protein, X chromosome [Cleaved into: RNA-binding motif protein, X chromosome, N-terminally processed];Nucleus (ECO:0000269);Nucleoplasm (Supported);nucleoplasm (annotations_grade_3);Nuclear RNA binding proteins, RNA processing, Euchromatin-associated;Euchromatin-associated;"Alabert et al., 2014; Alvarez et al., 2023; Ginno et al., 2018; Itzhak et al., 2016; Kustatscher et al., 2014; Shi et al., 2021; Torrente et al., 2011";303.0;"RRM_1(RNA recognition motif. (a.k.a. RRM, RBD, or RNP domain),PF00076);RBM1CTR(RBM1CTR (NUC064) family,PF08081)";391;;RP36082593;SNHG11;lncRNA;Homo sapiens;protein;Homo sapiens;NCBI:128439;NCBI:27316;0.2585;CLIP;;;25;ENSG00000174365;-1.93584870158956;0.727560758018254;-8.01486359681623;1.25563120362735e-09;2.12146203761457e-08;11.840398547648
5271;2577981;RBMX;P38159;RNA-binding motif protein, X chromosome [Cleaved into: RNA-binding motif protein, X chromosome, N-terminally processed];Nucleus (ECO:0000269);Nucleoplasm (Supported);nucleoplasm (annotations_grade_3);Nuclear RNA binding proteins, RNA processing, Euchromatin-associated;Euchromatin-associated;"Alabert et al., 2014; Alvarez et al., 2023; Ginno et al., 2018; Itzhak et al., 2016; Kustatscher et al., 2014; Shi et al., 2021; Torrente et al., 2011";303.0;"RRM_1(RNA recognition motif. (a.k.a. RRM, RBD, or RNP domain),PF00076);RBM1CTR(RBM1CTR (NUC064) family,PF08081)";391;;RP36082432;SNHG1;lncRNA;Homo sapiens;protein;Homo sapiens;NCBI:23642;NCBI:27316;0.2585;CLIP;;;2023;ENSG00000255717;-3.1343954975797;3.5255615293517;-12.1724795306288;1.50067688859263e-14;2.52533906812367e-12;23.0956312855758
5272;2577953;RBMX;P38159;RNA-binding motif protein, X chromosome [Cleaved into: RNA-binding motif protein, X chromosome, N-terminally processed];Nucleus (ECO:0000269);Nucleoplasm (Supported);nucleoplasm (annotations_grade_3);Nuclear RNA binding proteins, RNA processing, Euchromatin-associated;Euchromatin-associated;"Alabert et al., 2014; Alvarez et al., 2023; Ginno et al., 2018; Itzhak et al., 2016; Kustatscher et al., 2014; Shi et al., 2021; Torrente et al., 2011";303.0;"RRM_1(RNA recognition motif. (a.k.a. RRM, RBD, or RNP domain),PF00076);RBM1CTR(RBM1CTR (NUC064) family,PF08081)";391;;RP35807634;PVT1;lncRNA;Homo sapiens;protein;Homo sapiens;NCBI:5820;NCBI:27316;0.2585;CLIP;;;1653;ENSG00000249859;-2.94835528412177;3.44033601704875;-13.2423529425615;1.1556977876688e-15;4.42001872065694e-13;25.6256393463927
5276;2578038;RBMX;P38159;RNA-binding motif protein, X chromosome [Cleaved into: RNA-binding motif protein, X chromosome, N-terminally processed];Nucleus (ECO:0000269);Nucleoplasm (Supported);nucleoplasm (annotations_grade_3);Nuclear RNA binding proteins, RNA processing, Euchromatin-associated;Euchromatin-associated;"Alabert et al., 2014; Alvarez et al., 2023; Ginno et al., 2018; Itzhak et al., 2016; Kustatscher et al., 2014; Shi et al., 2021; Torrente et al., 2011";303.0;"RRM_1(RNA recognition motif. (a.k.a. RRM, RBD, or RNP domain),PF00076);RBM1CTR(RBM1CTR (NUC064) family,PF08081)";391;;RP36493266;XIST;lncRNA;Homo sapiens;protein;Homo sapiens;NCBI:7503;NCBI:27316;0.2585;CLIP;;;718;ENSG00000229807;-6.57326935078366;1.54159830942689;-4.14945804433362;0.0001856278660776;0.0008424341236124;0.0917621252499083
5277;2578036;RBMX;P38159;RNA-binding motif protein, X chromosome [Cleaved into: RNA-binding motif protein, X chromosome, N-terminally processed];Nucleus (ECO:0000269);Nucleoplasm (Supported);nucleoplasm (annotations_grade_3);Nuclear RNA binding proteins, RNA processing, Euchromatin-associated;Euchromatin-associated;"Alabert et al., 2014; Alvarez et al., 2023; Ginno et al., 2018; Itzhak et al., 2016; Kustatscher et al., 2014; Shi et al., 2021; Torrente et al., 2011";303.0;"RRM_1(RNA recognition motif. (a.k.a. RRM, RBD, or RNP domain),PF00076);RBM1CTR(RBM1CTR (NUC064) family,PF08081)";391;;RP36475550;WDFY3-AS2;lncRNA;Homo sapiens;protein;Homo sapiens;NCBI:404201;NCBI:27316;0.2585;CLIP;;;60;ENSG00000180769;1.76681881282403;-0.989480559432154;4.4117767021852;8.43753639815283e-05;0.0004185933446583;0.857124461810423
6077;1416327;HMGB1;P09429;High mobility group protein B1 (HMG-1);Cell membrane (ECO:0000250), Cell membrane (ECO:0000269), Chromosome (ECO:0000250), Chromosome (ECO:0000305), Cytoplasm (ECO:0000269), Endoplasmic reticulum (ECO:0000269), Endoplasmic reticulum-Golgi intermediate compartment (ECO:0000250), Endosome (ECO:0000250), Nucleus (ECO:0000269), Secreted (ECO:0000250), Secreted (ECO:0000269);Nucleoplasm (Supported);;DNA metabolic processes, DNA repair, HMG, HMG_A/B/N;HMG_A/B/N;"Alabert et al., 2014; Alvarez et al., 2023; Ginno et al., 2018; Kustatscher et al., 2014; Shi et al., 2021; Torrente et al., 2011";1772.0;"HMG_box(HMG (high mobility group) box,PF00505);HMG_box_2(HMG-box domain,PF09011)";215;;RP35394829;MALAT1;lncRNA;Homo sapiens;TF;Homo sapiens;NCBI:378938;NCBI:3146;0.2747;RIP;;;1786;ENSG00000251562;-2.69192848146394;10.8069205658514;-9.99570573098169;4.30182645492996e-12;1.65306630339579e-10;17.4859517032396
6271;247757;CDKN2A;P42771;Cyclin-dependent kinase inhibitor 2A (CDK4I) (MTS-1) (p16-INK4a) (p16-INK4) (p16INK4A);Cytoplasm (ECO:0000269), Nucleus (ECO:0000269);Cytosol (Supported), Nucleoplasm (Supported);cytoplasmic (annotations_grade_3), nucleoplasm (annotations_grade_3);Heterochromatin-associated;Heterochromatin-associated;"Alabert et al., 2014; Alvarez et al., 2023; Torrente et al., 2011";36.9;;156;;RP09695831;CCAT2;lncRNA;Homo sapiens;protein;Homo sapiens;NCBI:101805488;NCBI:1029;0.2284;RT-PCR;;;3930;ENSG00000280997;-1.9992829610655;-2.11172082817622;-9.69167526004849;9.955767792679329e-12;3.32412024633349e-10;16.6519716585031
6441;1316519;HDAC1;Q13547;Histone deacetylase 1 (HD1);Nucleus (ECO:0000269);Nucleoplasm (Enhanced);chromatin (annotations_grade_2), nucleoplasm (annotations_grade_3);Histone modification, Histone PTM erasers, Chromatin remodelers, Heterochromatin-associated;Histone PTM erasers;"Alabert et al., 2014; Alvarez et al., 2023; Ginno et al., 2018; Itzhak et al., 2016; Kustatscher et al., 2014; Shi et al., 2021; Torrente et al., 2011";121.0;Hist_deacetyl(Histone deacetylase domain,PF00850);482;"MBD2/NuRD nucleosome remodeling and deacetylase complex,CPX-880,ECO:0005547(biological system reconstruction evidence based on inference from background scientific knowledge used in manual assertion);MBD3/NuRD nucleosome remodeling and deacetylase complex,CPX-922,ECO:0005547(biological system reconstruction evidence based on inference from background scientific knowledge used in manual assertion);SIN3A histone deacetylase complex,CPX-3321,ECO:0005547(biological system reconstruction evidence based on inference from background scientific knowledge used in manual assertion);SIN3A histone deacetylase complex, ES cell-specific variant,CPX-3323,ECO:0005547(biological system reconstruction evidence based on inference from background scientific knowledge used in manual assertion);SIN3B histone deacetylase complex,CPX-3322,ECO:0005547(biological system reconstruction evidence based on inference from background scientific knowledge used in manual assertion);CoREST transcriptional corepressor complex, RCOR1-HDAC1 variant,CPX-8943,ECO:0000353(physical interaction evidence used in manual assertion);CoREST transcriptional corepressor complex, RCOR2-HDAC1 variant,CPX-9066,ECO:0005546(biological system reconstruction evidence based on paralogy evidence used in manual assertion);CoREST transcriptional corepressor complex, RCOR3-HDAC1 variant,CPX-9068,ECO:0005546(biological system reconstruction evidence based on paralogy evidence used in manual assertion);MIER2 histone deacetylase complex, HDAC1 variant,CPX-9163,ECO:0005546(biological system reconstruction evidence based on paralogy evidence used in manual assertion);MIER1 histone deacetylase complex, HDAC1 variant,CPX-2184,ECO:0000353(physical interaction evidence used in manual assertion);MiDAC histone deacetylase complex, HDAC1 variant,CPX-2874,ECO:0000353(physical interaction evidence used in manual assertion)";RP01060872;LINC00630;lncRNA;Homo sapiens;TF;Homo sapiens;NCBI:100287765;NCBI:3065;0.3234;Co-IP//Mass spectrometry//RIP//RNA pull-down assay;ChIP-seq;;247;ENSG00000223546;-2.26301235070402;0.462538646230177;-7.84374214675453;2.09574721751214e-09;3.31458967822315e-08;11.3308619374593
7549;1335350;HDAC9;Q9UKV0;Histone deacetylase 9 (HD9);Nucleus (ECO:0000250);Nucleoplasm (Approved);;Histone modification, Histone PTM erasers;Histone PTM erasers;;0.532;"Hist_deacetyl(Histone deacetylase domain,PF00850);HDAC4_Gln(Glutamine rich N terminal domain of histone deacetylase 4,PF12203)";1011;;RP34730116;DISC1FP1;lncRNA;Homo sapiens;protein;Homo sapiens;NCBI:101929222;NCBI:9734;0.2349;CLIP;;;2642;ENSG00000261645;-1.57960787827338;-2.09187619416356;-5.74915221319155;1.34209915776998e-06;9.95804436814516e-06;4.92061532040349
7550;1335387;HDAC9;Q9UKV0;Histone deacetylase 9 (HD9);Nucleus (ECO:0000250);Nucleoplasm (Approved);;Histone modification, Histone PTM erasers;Histone PTM erasers;;0.532;"Hist_deacetyl(Histone deacetylase domain,PF00850);HDAC4_Gln(Glutamine rich N terminal domain of histone deacetylase 4,PF12203)";1011;;RP35299789;LINC00487;lncRNA;Homo sapiens;protein;Homo sapiens;NCBI:400941;NCBI:9734;0.2349;CLIP;;;166;ENSG00000205837;-2.70997036675211;-1.98014750053705;-7.83768014854472;2.1342485784672104e-09;3.35029245134759e-08;11.3127561087916
7551;1335396;HDAC9;Q9UKV0;Histone deacetylase 9 (HD9);Nucleus (ECO:0000250);Nucleoplasm (Approved);;Histone modification, Histone PTM erasers;Histone PTM erasers;;0.532;"Hist_deacetyl(Histone deacetylase domain,PF00850);HDAC4_Gln(Glutamine rich N terminal domain of histone deacetylase 4,PF12203)";1011;;RP35303280;LINC00630;lncRNA;Homo sapiens;protein;Homo sapiens;NCBI:100287765;NCBI:9734;0.2349;CLIP;;;247;ENSG00000223546;-2.26301235070402;0.462538646230177;-7.84374214675453;2.09574721751214e-09;3.31458967822315e-08;11.3308619374593
7552;1335397;HDAC9;Q9UKV0;Histone deacetylase 9 (HD9);Nucleus (ECO:0000250);Nucleoplasm (Approved);;Histone modification, Histone PTM erasers;Histone PTM erasers;;0.532;"Hist_deacetyl(Histone deacetylase domain,PF00850);HDAC4_Gln(Glutamine rich N terminal domain of histone deacetylase 4,PF12203)";1011;;RP35304544;LINC00667;lncRNA;Homo sapiens;protein;Homo sapiens;NCBI:339290;NCBI:9734;0.2349;CLIP;;;2740;ENSG00000263753;-2.51117823961993;2.70237682518895;-9.94075365615122;5.001889892832109e-12;1.84587287536357e-10;17.3361252363185
7553;1335373;HDAC9;Q9UKV0;Histone deacetylase 9 (HD9);Nucleus (ECO:0000250);Nucleoplasm (Approved);;Histone modification, Histone PTM erasers;Histone PTM erasers;;0.532;"Hist_deacetyl(Histone deacetylase domain,PF00850);HDAC4_Gln(Glutamine rich N terminal domain of histone deacetylase 4,PF12203)";1011;;RP35183457;IQCH-AS1;lncRNA;Homo sapiens;protein;Homo sapiens;NCBI:100506686;NCBI:9734;0.2349;CLIP;;;2357;ENSG00000259673;-2.36524264156248;-0.0326418860202442;-8.03552475053475;1.1805743112048e-09;2.01897403546284e-08;11.9017115063395
7554;1335379;HDAC9;Q9UKV0;Histone deacetylase 9 (HD9);Nucleus (ECO:0000250);Nucleoplasm (Approved);;Histone modification, Histone PTM erasers;Histone PTM erasers;;0.532;"Hist_deacetyl(Histone deacetylase domain,PF00850);HDAC4_Gln(Glutamine rich N terminal domain of histone deacetylase 4,PF12203)";1011;;RP35296293;LINC00278;lncRNA;Homo sapiens;protein;Homo sapiens;NCBI:100873962;NCBI:9734;0.2349;CLIP;;;862;ENSG00000231535;3.0750934355534;0.196655855636968;2.53142954767521;0.0157079581569749;0.0424700385388133;-4.10364771385186
7572;1335402;HDAC9;Q9UKV0;Histone deacetylase 9 (HD9);Nucleus (ECO:0000250);Nucleoplasm (Approved);;Histone modification, Histone PTM erasers;Histone PTM erasers;;0.532;"Hist_deacetyl(Histone deacetylase domain,PF00850);HDAC4_Gln(Glutamine rich N terminal domain of histone deacetylase 4,PF12203)";1011;;RP35306801;LINC00877;lncRNA;Homo sapiens;protein;Homo sapiens;NCBI:285286;NCBI:9734;0.2349;CLIP;;;1376;ENSG00000241163;-1.69840444479095;2.86984243406203;-4.54358670988472;5.65290056053386e-05;0.0002874847048975;1.24722906378739
7573;1335507;HDAC9;Q9UKV0;Histone deacetylase 9 (HD9);Nucleus (ECO:0000250);Nucleoplasm (Approved);;Histone modification, Histone PTM erasers;Histone PTM erasers;;0.532;"Hist_deacetyl(Histone deacetylase domain,PF00850);HDAC4_Gln(Glutamine rich N terminal domain of histone deacetylase 4,PF12203)";1011;;RP36493213;XIST;lncRNA;Homo sapiens;protein;Homo sapiens;NCBI:7503;NCBI:9734;0.2349;CLIP;;;718;ENSG00000229807;-6.57326935078366;1.54159830942689;-4.14945804433362;0.0001856278660776;0.0008424341236124;0.0917621252499083
7574;1335488;HDAC9;Q9UKV0;Histone deacetylase 9 (HD9);Nucleus (ECO:0000250);Nucleoplasm (Approved);;Histone modification, Histone PTM erasers;Histone PTM erasers;;0.532;"Hist_deacetyl(Histone deacetylase domain,PF00850);HDAC4_Gln(Glutamine rich N terminal domain of histone deacetylase 4,PF12203)";1011;;RP36107028;SRP14-AS1;lncRNA;Homo sapiens;protein;Homo sapiens;NCBI:100131089;NCBI:9734;0.2349;CLIP;;;1556;ENSG00000248508;-2.19894713477944;0.563780192006873;-7.86439606590049;1.9697654311136e-09;3.13894059420262e-08;11.3925225023124
7575;1335476;HDAC9;Q9UKV0;Histone deacetylase 9 (HD9);Nucleus (ECO:0000250);Nucleoplasm (Approved);;Histone modification, Histone PTM erasers;Histone PTM erasers;;0.532;"Hist_deacetyl(Histone deacetylase domain,PF00850);HDAC4_Gln(Glutamine rich N terminal domain of histone deacetylase 4,PF12203)";1011;;RP36083587;SNHG8;lncRNA;Homo sapiens;protein;Homo sapiens;NCBI:100093630;NCBI:9734;0.2349;CLIP;;;3070;ENSG00000269893;-2.44848407009223;2.11062542825147;-6.44138973928252;1.54274347761572e-07;1.46178419151562e-06;7.06107593248584
7576;1335475;HDAC9;Q9UKV0;Histone deacetylase 9 (HD9);Nucleus (ECO:0000250);Nucleoplasm (Approved);;Histone modification, Histone PTM erasers;Histone PTM erasers;;0.532;"Hist_deacetyl(Histone deacetylase domain,PF00850);HDAC4_Gln(Glutamine rich N terminal domain of histone deacetylase 4,PF12203)";1011;;RP36083242;SNHG3;lncRNA;Homo sapiens;protein;Homo sapiens;NCBI:8420;NCBI:9734;0.2349;CLIP;;;1404;ENSG00000242125;-1.66215020983997;3.80442253035105;-6.53607722997152;1.14898325278424e-07;1.11634469849037e-06;7.35322044661673
7577;1335414;HDAC9;Q9UKV0;Histone deacetylase 9 (HD9);Nucleus (ECO:0000250);Nucleoplasm (Approved);;Histone modification, Histone PTM erasers;Histone PTM erasers;;0.532;"Hist_deacetyl(Histone deacetylase domain,PF00850);HDAC4_Gln(Glutamine rich N terminal domain of histone deacetylase 4,PF12203)";1011;;RP09883801;MALAT1;lncRNA;Homo sapiens;protein;Homo sapiens;NCBI:378938;NCBI:9734;0.2349;CLIP;RNA-seq//Microarray;;1786;ENSG00000251562;-2.69192848146394;10.8069205658514;-9.99570573098169;4.30182645492996e-12;1.65306630339579e-10;17.4859517032396
7578;1335419;HDAC9;Q9UKV0;Histone deacetylase 9 (HD9);Nucleus (ECO:0000250);Nucleoplasm (Approved);;Histone modification, Histone PTM erasers;Histone PTM erasers;;0.532;"Hist_deacetyl(Histone deacetylase domain,PF00850);HDAC4_Gln(Glutamine rich N terminal domain of histone deacetylase 4,PF12203)";1011;;RP25292329;MIR17HG;lncRNA;Homo sapiens;protein;Homo sapiens;NCBI:407975;NCBI:9734;0.306;CLIP;;catRAPID;215;ENSG00000215417;-1.84534139091266;0.99398029655203;-5.74834557141758;1.34549165469835e-06;9.96563977344356e-06;4.91812246599078
7579;1335472;HDAC9;Q9UKV0;Histone deacetylase 9 (HD9);Nucleus (ECO:0000250);Nucleoplasm (Approved);;Histone modification, Histone PTM erasers;Histone PTM erasers;;0.532;"Hist_deacetyl(Histone deacetylase domain,PF00850);HDAC4_Gln(Glutamine rich N terminal domain of histone deacetylase 4,PF12203)";1011;;RP36082391;SNHG1;lncRNA;Homo sapiens;protein;Homo sapiens;NCBI:23642;NCBI:9734;0.2349;CLIP;;;2023;ENSG00000255717;-3.1343954975797;3.5255615293517;-12.1724795306288;1.50067688859263e-14;2.52533906812367e-12;23.0956312855758
7580;1335449;HDAC9;Q9UKV0;Histone deacetylase 9 (HD9);Nucleus (ECO:0000250);Nucleoplasm (Approved);;Histone modification, Histone PTM erasers;Histone PTM erasers;;0.532;"Hist_deacetyl(Histone deacetylase domain,PF00850);HDAC4_Gln(Glutamine rich N terminal domain of histone deacetylase 4,PF12203)";1011;;RP25291059;PVT1;lncRNA;Homo sapiens;protein;Homo sapiens;Ensembl:ENSG00000249859;NCBI:9734;0.306;CLIP;;catRAPID;1653;ENSG00000249859;-2.94835528412177;3.44033601704875;-13.2423529425615;1.1556977876688e-15;4.42001872065694e-13;25.6256393463927
8809;1711536;KDM1A;O60341;Lysine-specific histone demethylase 1A;Nucleus (ECO:0000269);Nucleoplasm (Supported);;Histone modification, Histone PTM erasers, DNA metabolic processes, DNA repair, Telomere-associated;Histone PTM erasers;"Alabert et al., 2014; Alvarez et al., 2023; Ginno et al., 2018; Kustatscher et al., 2014; Shi et al., 2021; Torrente et al., 2011; Ugur et al., 2023";45.7;"Amino_oxidase(Flavin containing amine oxidoreductase,PF01593);SWIRM(SWIRM domain,PF04433)";852;"CoREST transcriptional corepressor complex, RCOR1-HDAC1 variant,CPX-8943,ECO:0000353(physical interaction evidence used in manual assertion);CoREST transcriptional corepressor complex, RCOR1-HDAC2 variant,CPX-9065,ECO:0005546(biological system reconstruction evidence based on paralogy evidence used in manual assertion);CoREST transcriptional corepressor complex, RCOR2-HDAC1 variant,CPX-9066,ECO:0005546(biological system reconstruction evidence based on paralogy evidence used in manual assertion);CoREST transcriptional corepressor complex, RCOR2-HDAC2 variant,CPX-9067,ECO:0005546(biological system reconstruction evidence based on paralogy evidence used in manual assertion);CoREST transcriptional corepressor complex, RCOR3-HDAC1 variant,CPX-9068,ECO:0005546(biological system reconstruction evidence based on paralogy evidence used in manual assertion);CoREST transcriptional corepressor complex, RCOR3-HDAC2 variant,CPX-9069,ECO:0005546(biological system reconstruction evidence based on paralogy evidence used in manual assertion)";RP01439707;FOXD2-AS1;lncRNA;Homo sapiens;TF;Homo sapiens;NCBI:84793;NCBI:23028;0.3988;RIP//RNA pull-down assay;ChIP-seq;;1276;ENSG00000237424;-1.8714959216105;0.3642643731734;-7.73367357319933;2.9184334875863704e-09;4.32318650784361e-08;11.0015376011454
8813;1711416;KDM1A;O60341;Lysine-specific histone demethylase 1A;Nucleus (ECO:0000269);Nucleoplasm (Supported);;Histone modification, Histone PTM erasers, DNA metabolic processes, DNA repair, Telomere-associated;Histone PTM erasers;"Alabert et al., 2014; Alvarez et al., 2023; Ginno et al., 2018; Kustatscher et al., 2014; Shi et al., 2021; Torrente et al., 2011; Ugur et al., 2023";45.7;"Amino_oxidase(Flavin containing amine oxidoreductase,PF01593);SWIRM(SWIRM domain,PF04433)";852;"CoREST transcriptional corepressor complex, RCOR1-HDAC1 variant,CPX-8943,ECO:0000353(physical interaction evidence used in manual assertion);CoREST transcriptional corepressor complex, RCOR1-HDAC2 variant,CPX-9065,ECO:0005546(biological system reconstruction evidence based on paralogy evidence used in manual assertion);CoREST transcriptional corepressor complex, RCOR2-HDAC1 variant,CPX-9066,ECO:0005546(biological system reconstruction evidence based on paralogy evidence used in manual assertion);CoREST transcriptional corepressor complex, RCOR2-HDAC2 variant,CPX-9067,ECO:0005546(biological system reconstruction evidence based on paralogy evidence used in manual assertion);CoREST transcriptional corepressor complex, RCOR3-HDAC1 variant,CPX-9068,ECO:0005546(biological system reconstruction evidence based on paralogy evidence used in manual assertion);CoREST transcriptional corepressor complex, RCOR3-HDAC2 variant,CPX-9069,ECO:0005546(biological system reconstruction evidence based on paralogy evidence used in manual assertion)";RP02946846;CCAT2;lncRNA;Homo sapiens;TF;Homo sapiens;NCBI:101805488;NCBI:23028;0.3826;RIP;ChIP-seq;;3930;ENSG00000280997;-1.9992829610655;-2.11172082817622;-9.69167526004849;9.955767792679329e-12;3.32412024633349e-10;16.6519716585031
8896;3162402;SUZ12;Q15022;Polycomb protein SUZ12;Nucleus (ECO:0000269);Nuclear bodies (Supported), Nucleoli (Supported), Nucleoli rim (Supported), Nucleoplasm (Supported);;Histone modification, Chromatin remodelers, Histone PTM readers, X-chromosome inactivation, Heterochromatin-associated;Histone PTM readers;"Alabert et al., 2014; Alvarez et al., 2023; Ginno et al., 2018; Itzhak et al., 2016; Kustatscher et al., 2014; Shi et al., 2021; Ugur et al., 2023";8.87;VEFS-Box(VEFS-Box of polycomb protein,PF09733);739;"Polycomb repressive complex 2.1, EZH1-RBBP4-PCL3-PALI1 variant,CPX-2196,ECO:0005547(biological system reconstruction evidence based on inference from background scientific knowledge used in manual assertion);Polycomb repressive complex 2.1,EZH2-RBBP4-PCL3-PALI1 variant,CPX-2198,ECO:0005547(biological system reconstruction evidence based on inference from background scientific knowledge used in manual assertion);Polycomb repressive complex 2.1, EZH2-RBBP4-PCL1-PALI1 variant,CPX-2204,ECO:0005547(biological system reconstruction evidence based on inference from background scientific knowledge used in manual assertion);Polycomb repressive complex 2.1, EZH1-RBBP7-PCL1-EPOP variant,CPX-2205,ECO:0005547(biological system reconstruction evidence based on inference from background scientific knowledge used in manual assertion);Polycomb repressive complex 2.2, EZH2-RBBP4 variant,CPX-2209,ECO:0000353(physical interaction evidence used in manual assertion);Polycomb repressive complex 2.2, EZH1-RBBP7 variant,CPX-2212,ECO:0005546(biological system reconstruction evidence based on paralogy evidence used in manual assertion);Polycomb repressive complex 2.2, EZH2-RBBP7 variant,CPX-2213,ECO:0005546(biological system reconstruction evidence based on paralogy evidence used in manual assertion);Polycomb repressive complex 2.1, EZH1-RBBP7-PCL1-PALI1 variant,CPX-2307,ECO:0005547(biological system reconstruction evidence based on inference from background scientific knowledge used in manual assertion);Polycomb repressive complex 2.1, EZH1-RBBP7-PCL2-PALI1 variant,CPX-2309,ECO:0005547(biological system reconstruction evidence based on inference from background scientific knowledge used in manual assertion);Polycomb repressive complex 2.1, EZH1-RBBP4-PCL2-PALI1 variant,CPX-2310,ECO:0005547(biological system reconstruction evidence based on inference from background scientific knowledge used in manual assertion);Polycomb repressive complex 2.1, EZH2-RBBP7-PCL1-PALI1 variant,CPX-2311,ECO:0005547(biological system reconstruction evidence based on inference from background scientific knowledge used in manual assertion);Polycomb repressive complex 2.1, EZH2-RBBP4-PCL2-PALI1 variant,CPX-2312,ECO:0005547(biological system reconstruction evidence based on inference from background scientific knowledge used in manual assertion);Polycomb repressive complex 2.1,EZH2-RBBP7-PCL2-PALI1 variant,CPX-2314,ECO:0005547(biological system reconstruction evidence based on inference from background scientific knowledge used in manual assertion);Polycomb repressive complex 2.1,EZH2-RBBP7-PCL3-PALI1 variant,CPX-2316,ECO:0005547(biological system reconstruction evidence based on inference from background scientific knowledge used in manual assertion);Polycomb repressive complex 2.1, EZH1-RBBP4-PCL1-EPOP variant,CPX-2317,ECO:0005547(biological system reconstruction evidence based on inference from background scientific knowledge used in manual assertion);Polycomb repressive complex 2.1, EZH1-RBBP4-PCL2-EPOP variant,CPX-2318,ECO:0005547(biological system reconstruction evidence based on inference from background scientific knowledge used in manual assertion);Polycomb repressive complex 2.1, EZH1-RBBP7-PCL2-EPOP variant,CPX-2320,ECO:0005547(biological system reconstruction evidence based on inference from background scientific knowledge used in manual assertion);Polycomb repressive complex 2.1, EZH1-RBBP4-PCL3-EPOP variant,CPX-2322,ECO:0005547(biological system reconstruction evidence based on inference from background scientific knowledge used in manual assertion);Polycomb repressive complex 2.1, EZH1-RBBP7-PCL3-EPOP variant,CPX-2323,ECO:0005547(biological system reconstruction evidence based on inference from background scientific knowledge used in manual assertion);Polycomb repressive complex 2.1, EZH2-RBBP4-PCL1-EPOP variant,CPX-2324,ECO:0005547(biological system reconstruction evidence based on inference from background scientific knowledge used in manual assertion);Polycomb repressive complex 2.1, EZH2-RBBP7-PCL1-EPOP variant,CPX-2325,ECO:0005547(biological system reconstruction evidence based on inference from background scientific knowledge used in manual assertion);Polycomb repressive complex 2.1, EZH2-RBBP4-PCL2-EPOP variant,CPX-2326,ECO:0005547(biological system reconstruction evidence based on inference from background scientific knowledge used in manual assertion);Polycomb repressive complex 2.1, EZH2-RBBP7-PCL2-EPOP variant,CPX-2327,ECO:0005547(biological system reconstruction evidence based on inference from background scientific knowledge used in manual assertion);Polycomb repressive complex 2.1, EZH2-RBBP4-PCL3-EPOP variant,CPX-2328,ECO:0005547(biological system reconstruction evidence based on inference from background scientific knowledge used in manual assertion);Polycomb repressive complex 2.1, EZH2-RBBP7-PCL3-EPOP variant,CPX-2329,ECO:0005547(biological system reconstruction evidence based on inference from background scientific knowledge used in manual assertion);Polycomb repressive complex 2.2, EZH1-RBBP4 variant,CPX-2330,ECO:0000353(physical interaction evidence used in manual assertion);Polycomb repressive complex 2.1, EZH1-RBBP4-PCL1-PALI1 variant,CPX-2569,ECO:0005547(biological system reconstruction evidence based on inference from background scientific knowledge used in manual assertion);Polycomb repressive complex 2.1, EZH1-RBBP7-PCL3-PALI1 variant,CPX-2570,ECO:0005547(biological system reconstruction evidence based on inference from background scientific knowledge used in manual assertion)";RP09470383;XIST;lncRNA;Homo sapiens;TF;Homo sapiens;NCBI:7503;NCBI:23512;0.432;EMSA//U.V.-Crosslinking;NGS;;718;ENSG00000229807;-6.57326935078366;1.54159830942689;-4.14945804433362;0.0001856278660776;0.0008424341236124;0.0917621252499083
9133;3161543;SUZ12;Q15022;Polycomb protein SUZ12;Nucleus (ECO:0000269);Nuclear bodies (Supported), Nucleoli (Supported), Nucleoli rim (Supported), Nucleoplasm (Supported);;Histone modification, Chromatin remodelers, Histone PTM readers, X-chromosome inactivation, Heterochromatin-associated;Histone PTM readers;"Alabert et al., 2014; Alvarez et al., 2023; Ginno et al., 2018; Itzhak et al., 2016; Kustatscher et al., 2014; Shi et al., 2021; Ugur et al., 2023";8.87;VEFS-Box(VEFS-Box of polycomb protein,PF09733);739;"Polycomb repressive complex 2.1, EZH1-RBBP4-PCL3-PALI1 variant,CPX-2196,ECO:0005547(biological system reconstruction evidence based on inference from background scientific knowledge used in manual assertion);Polycomb repressive complex 2.1,EZH2-RBBP4-PCL3-PALI1 variant,CPX-2198,ECO:0005547(biological system reconstruction evidence based on inference from background scientific knowledge used in manual assertion);Polycomb repressive complex 2.1, EZH2-RBBP4-PCL1-PALI1 variant,CPX-2204,ECO:0005547(biological system reconstruction evidence based on inference from background scientific knowledge used in manual assertion);Polycomb repressive complex 2.1, EZH1-RBBP7-PCL1-EPOP variant,CPX-2205,ECO:0005547(biological system reconstruction evidence based on inference from background scientific knowledge used in manual assertion);Polycomb repressive complex 2.2, EZH2-RBBP4 variant,CPX-2209,ECO:0000353(physical interaction evidence used in manual assertion);Polycomb repressive complex 2.2, EZH1-RBBP7 variant,CPX-2212,ECO:0005546(biological system reconstruction evidence based on paralogy evidence used in manual assertion);Polycomb repressive complex 2.2, EZH2-RBBP7 variant,CPX-2213,ECO:0005546(biological system reconstruction evidence based on paralogy evidence used in manual assertion);Polycomb repressive complex 2.1, EZH1-RBBP7-PCL1-PALI1 variant,CPX-2307,ECO:0005547(biological system reconstruction evidence based on inference from background scientific knowledge used in manual assertion);Polycomb repressive complex 2.1, EZH1-RBBP7-PCL2-PALI1 variant,CPX-2309,ECO:0005547(biological system reconstruction evidence based on inference from background scientific knowledge used in manual assertion);Polycomb repressive complex 2.1, EZH1-RBBP4-PCL2-PALI1 variant,CPX-2310,ECO:0005547(biological system reconstruction evidence based on inference from background scientific knowledge used in manual assertion);Polycomb repressive complex 2.1, EZH2-RBBP7-PCL1-PALI1 variant,CPX-2311,ECO:0005547(biological system reconstruction evidence based on inference from background scientific knowledge used in manual assertion);Polycomb repressive complex 2.1, EZH2-RBBP4-PCL2-PALI1 variant,CPX-2312,ECO:0005547(biological system reconstruction evidence based on inference from background scientific knowledge used in manual assertion);Polycomb repressive complex 2.1,EZH2-RBBP7-PCL2-PALI1 variant,CPX-2314,ECO:0005547(biological system reconstruction evidence based on inference from background scientific knowledge used in manual assertion);Polycomb repressive complex 2.1,EZH2-RBBP7-PCL3-PALI1 variant,CPX-2316,ECO:0005547(biological system reconstruction evidence based on inference from background scientific knowledge used in manual assertion);Polycomb repressive complex 2.1, EZH1-RBBP4-PCL1-EPOP variant,CPX-2317,ECO:0005547(biological system reconstruction evidence based on inference from background scientific knowledge used in manual assertion);Polycomb repressive complex 2.1, EZH1-RBBP4-PCL2-EPOP variant,CPX-2318,ECO:0005547(biological system reconstruction evidence based on inference from background scientific knowledge used in manual assertion);Polycomb repressive complex 2.1, EZH1-RBBP7-PCL2-EPOP variant,CPX-2320,ECO:0005547(biological system reconstruction evidence based on inference from background scientific knowledge used in manual assertion);Polycomb repressive complex 2.1, EZH1-RBBP4-PCL3-EPOP variant,CPX-2322,ECO:0005547(biological system reconstruction evidence based on inference from background scientific knowledge used in manual assertion);Polycomb repressive complex 2.1, EZH1-RBBP7-PCL3-EPOP variant,CPX-2323,ECO:0005547(biological system reconstruction evidence based on inference from background scientific knowledge used in manual assertion);Polycomb repressive complex 2.1, EZH2-RBBP4-PCL1-EPOP variant,CPX-2324,ECO:0005547(biological system reconstruction evidence based on inference from background scientific knowledge used in manual assertion);Polycomb repressive complex 2.1, EZH2-RBBP7-PCL1-EPOP variant,CPX-2325,ECO:0005547(biological system reconstruction evidence based on inference from background scientific knowledge used in manual assertion);Polycomb repressive complex 2.1, EZH2-RBBP4-PCL2-EPOP variant,CPX-2326,ECO:0005547(biological system reconstruction evidence based on inference from background scientific knowledge used in manual assertion);Polycomb repressive complex 2.1, EZH2-RBBP7-PCL2-EPOP variant,CPX-2327,ECO:0005547(biological system reconstruction evidence based on inference from background scientific knowledge used in manual assertion);Polycomb repressive complex 2.1, EZH2-RBBP4-PCL3-EPOP variant,CPX-2328,ECO:0005547(biological system reconstruction evidence based on inference from background scientific knowledge used in manual assertion);Polycomb repressive complex 2.1, EZH2-RBBP7-PCL3-EPOP variant,CPX-2329,ECO:0005547(biological system reconstruction evidence based on inference from background scientific knowledge used in manual assertion);Polycomb repressive complex 2.2, EZH1-RBBP4 variant,CPX-2330,ECO:0000353(physical interaction evidence used in manual assertion);Polycomb repressive complex 2.1, EZH1-RBBP4-PCL1-PALI1 variant,CPX-2569,ECO:0005547(biological system reconstruction evidence based on inference from background scientific knowledge used in manual assertion);Polycomb repressive complex 2.1, EZH1-RBBP7-PCL3-PALI1 variant,CPX-2570,ECO:0005547(biological system reconstruction evidence based on inference from background scientific knowledge used in manual assertion)";RP01473135;MALAT1;lncRNA;Homo sapiens;TF;Homo sapiens;NCBI:378938;NCBI:23512;0.4958;ChIP//RNA interference//Western blot//RIP//RNA pull-down assay;;;1786;ENSG00000251562;-2.69192848146394;10.8069205658514;-9.99570573098169;4.30182645492996e-12;1.65306630339579e-10;17.4859517032396
9560;3510157;WDR5;P61964;WD repeat-containing protein 5;Nucleus (ECO:0000269);Nucleoplasm (Supported);;Histone modification, Histone PTM readers;Histone PTM readers;"Alabert et al., 2014; Alvarez et al., 2023; Ginno et al., 2018; Kustatscher et al., 2014; Shi et al., 2021; Torrente et al., 2011";42.2;"WD40(WD domain, G-beta repeat,PF00400);WD40(WD domain, G-beta repeat,PF00400);WD40(WD domain, G-beta repeat,PF00400);WD40(WD domain, G-beta repeat,PF00400);WD40(WD domain, G-beta repeat,PF00400);WD40(WD domain, G-beta repeat,PF00400);WD40(WD domain, G-beta repeat,PF00400)";334;"NSL histone acetyltransferase complex,CPX-809,ECO:0005547(biological system reconstruction evidence based on inference from background scientific knowledge used in manual assertion);GCN5-containing ATAC complex,CPX-997,ECO:0005547(biological system reconstruction evidence based on inference from background scientific knowledge used in manual assertion);PCAF-containing ATAC complex,CPX-1004,ECO:0005547(biological system reconstruction evidence based on inference from background scientific knowledge used in manual assertion);Histone-lysine N-methyltransferase complex, KMT2A variant,CPX-5850,ECO:0005547(biological system reconstruction evidence based on inference from background scientific knowledge used in manual assertion);Histone-lysine N-methyltransferase complex, KMT2B variant,CPX-7062,ECO:0005547(biological system reconstruction evidence based on inference from background scientific knowledge used in manual assertion);Histone-lysine N-methyltransferase complex, KMT2C variant,CPX-7091,ECO:0005547(biological system reconstruction evidence based on inference from background scientific knowledge used in manual assertion);Histone-lysine N-methyltransferase complex, KMT2D variant,CPX-7104,ECO:0005547(biological system reconstruction evidence based on inference from background scientific knowledge used in manual assertion);Histone-lysine N-methyltransferase complex, SET1A variant,CPX-7110,ECO:0005547(biological system reconstruction evidence based on inference from background scientific knowledge used in manual assertion);Histone-lysine N-methyltransferase complex, SET1B variant,CPX-7111,ECO:0005547(biological system reconstruction evidence based on inference from background scientific knowledge used in manual assertion)";RP07520014;XIST;lncRNA;Homo sapiens;TF;Homo sapiens;NCBI:7503;NCBI:11091;0.4035;RIP;;;718;ENSG00000229807;-6.57326935078366;1.54159830942689;-4.14945804433362;0.0001856278660776;0.0008424341236124;0.0917621252499083
10925;2818733;SMARCA4;P51532;Transcription activator BRG1;Nucleus (ECO:0000255), Nucleus (ECO:0000269);Nucleoli fibrillar center (Supported), Nucleoli rim (Supported), Nucleoplasm (Supported);chromatin (annotations_grade_2), nucleoplasm (annotations_grade_3);DNA-acting enzymes, Chromatin remodelers, Histone PTM readers, Centromere-associated;Histone PTM readers;"Alabert et al., 2014; Alvarez et al., 2023; Ginno et al., 2018; Itzhak et al., 2016; Kustatscher et al., 2014; Shi et al., 2021; Ugur et al., 2023";26.2;"Helicase_C(Helicase conserved C-terminal domain,PF00271);Bromodomain(Bromodomain,PF00439);HSA(HSA domain,PF07529);BRK(BRK domain,PF07533);QLQ(QLQ,PF08880);SnAC(Snf2-ATP coupling, chromatin remodelling complex,PF14619);SNF2-rel_dom(SNF2-related domain,PF00176)";1647;"Embryonic stem cell-specific SWI/SNF ATP-dependent chromatin remodeling complex,CPX-1195,ECO:0005547(biological system reconstruction evidence based on inference from background scientific knowledge used in manual assertion);Polybromo-associated SWI/SNF ATP-dependent chromatin remodeling complex, ACTL6B variant,CPX-1196,ECO:0005547(biological system reconstruction evidence based on inference from background scientific knowledge used in manual assertion);Polybromo-associated SWI/SNF ATP-dependent chromatin remodeling complex, ACTL6A variant,CPX-1199,ECO:0005547(biological system reconstruction evidence based on inference from background scientific knowledge used in manual assertion);SWI/SNF ATP-dependent chromatin remodeling complex, ACTL6A-ARID1A-SMARCA4 variant,CPX-1204,ECO:0005547(biological system reconstruction evidence based on inference from background scientific knowledge used in manual assertion);SWI/SNF ATP-dependent chromatin remodeling complex, ACTL6A-ARID1B-SMARCA4 variant,CPX-1206,ECO:0005547(biological system reconstruction evidence based on inference from background scientific knowledge used in manual assertion);SWI/SNF ATP-dependent chromatin remodeling complex, ACTL6B-ARID1A-SMARCA4 variant,CPX-1209,ECO:0005547(biological system reconstruction evidence based on inference from background scientific knowledge used in manual assertion);SWI/SNF ATP-dependent chromatin remodeling complex, ACTL6B-ARID1B-SMARCA4 variant,CPX-1211,ECO:0005547(biological system reconstruction evidence based on inference from background scientific knowledge used in manual assertion);Neural progenitor-specific SWI/SNF ATP-dependent chromatin remodeling complex, ARID1A-SMARCA4 variant,CPX-1212,ECO:0005547(biological system reconstruction evidence based on inference from background scientific knowledge used in manual assertion);Neural progenitor-specific SWI/SNF ATP-dependent chromatin remodeling complex, ARID1B-SMARCA4 variant,CPX-1215,ECO:0005547(biological system reconstruction evidence based on inference from background scientific knowledge used in manual assertion);Neuron-specific SWI/SNF ATP-dependent chromatin remodeling complex, ARID1A-SMARCA4 variant,CPX-1216,ECO:0005547(biological system reconstruction evidence based on inference from background scientific knowledge used in manual assertion);Neuron-specific SWI/SNF ATP-dependent chromatin remodeling complex, ARID1B-SMARCA4 variant,CPX-1218,ECO:0005547(biological system reconstruction evidence based on inference from background scientific knowledge used in manual assertion);Brain-specific SWI/SNF ATP-dependent chromatin remodeling complex, ARID1A-SMARCA4 variant,CPX-1219,ECO:0005547(biological system reconstruction evidence based on inference from background scientific knowledge used in manual assertion);Brain-specific SWI/SNF ATP-dependent chromatin remodeling complex, ARID1B-SMARCA4 variant,CPX-1221,ECO:0005547(biological system reconstruction evidence based on inference from background scientific knowledge used in manual assertion);Muscle cell-specific SWI/SNF ATP-dependent chromatin remodeling complex, ACTL6A-ARID1A-SMARCA4 variant,CPX-1222,ECO:0005547(biological system reconstruction evidence based on inference from background scientific knowledge used in manual assertion);Muscle cell-specific SWI/SNF ATP-dependent chromatin remodeling complex, ACTL6A-ARID1B-SMARCA4 variant,CPX-1224,ECO:0005547(biological system reconstruction evidence based on inference from background scientific knowledge used in manual assertion);Muscle cell-specific SWI/SNF ATP-dependent chromatin remodeling complex, ACTL6B-ARID1A-SMARCA4 variant,CPX-1226,ECO:0005547(biological system reconstruction evidence based on inference from background scientific knowledge used in manual assertion);Muscle cell-specific SWI/SNF ATP-dependent chromatin remodeling complex, ACTL6B-ARID1B-SMARCA4 variant,CPX-1228,ECO:0005547(biological system reconstruction evidence based on inference from background scientific knowledge used in manual assertion);GBAF (SWI/SNF) ATP-dependent chromatin remodeling complex, ACTL6A-BICRA-SMARCA4 variant,CPX-4206,ECO:0005547(biological system reconstruction evidence based on inference from background scientific knowledge used in manual assertion);GBAF (SWI/SNF) ATP-dependent chromatin remodeling complex, ACTL6A-BICRAL-SMARCA4 variant,CPX-4207,ECO:0005547(biological system reconstruction evidence based on inference from background scientific knowledge used in manual assertion);GBAF (SWI/SNF) ATP-dependent chromatin remodeling complex, ACTL6B-BICRA-SMARCA4 variant,CPX-4225,ECO:0005547(biological system reconstruction evidence based on inference from background scientific knowledge used in manual assertion);GBAF (SWI/SNF) ATP-dependent chromatin remodeling complex, ACTL6B-BICRAL-SMARCA4 variant,CPX-4226,ECO:0005547(biological system reconstruction evidence based on inference from background scientific knowledge used in manual assertion)";RP01859376;DISC1FP1;lncRNA;Homo sapiens;TF;Homo sapiens;NCBI:101929222;NCBI:6597;0.4575;CLIP;ChIP-seq;;2642;ENSG00000261645;-1.57960787827338;-2.09187619416356;-5.74915221319155;1.34209915776998e-06;9.95804436814516e-06;4.92061532040349
11009;2820787;SMARCA4;P51532;Transcription activator BRG1;Nucleus (ECO:0000255), Nucleus (ECO:0000269);Nucleoli fibrillar center (Supported), Nucleoli rim (Supported), Nucleoplasm (Supported);chromatin (annotations_grade_2), nucleoplasm (annotations_grade_3);DNA-acting enzymes, Chromatin remodelers, Histone PTM readers, Centromere-associated;Histone PTM readers;"Alabert et al., 2014; Alvarez et al., 2023; Ginno et al., 2018; Itzhak et al., 2016; Kustatscher et al., 2014; Shi et al., 2021; Ugur et al., 2023";26.2;"Helicase_C(Helicase conserved C-terminal domain,PF00271);Bromodomain(Bromodomain,PF00439);HSA(HSA domain,PF07529);BRK(BRK domain,PF07533);QLQ(QLQ,PF08880);SnAC(Snf2-ATP coupling, chromatin remodelling complex,PF14619);SNF2-rel_dom(SNF2-related domain,PF00176)";1647;"Embryonic stem cell-specific SWI/SNF ATP-dependent chromatin remodeling complex,CPX-1195,ECO:0005547(biological system reconstruction evidence based on inference from background scientific knowledge used in manual assertion);Polybromo-associated SWI/SNF ATP-dependent chromatin remodeling complex, ACTL6B variant,CPX-1196,ECO:0005547(biological system reconstruction evidence based on inference from background scientific knowledge used in manual assertion);Polybromo-associated SWI/SNF ATP-dependent chromatin remodeling complex, ACTL6A variant,CPX-1199,ECO:0005547(biological system reconstruction evidence based on inference from background scientific knowledge used in manual assertion);SWI/SNF ATP-dependent chromatin remodeling complex, ACTL6A-ARID1A-SMARCA4 variant,CPX-1204,ECO:0005547(biological system reconstruction evidence based on inference from background scientific knowledge used in manual assertion);SWI/SNF ATP-dependent chromatin remodeling complex, ACTL6A-ARID1B-SMARCA4 variant,CPX-1206,ECO:0005547(biological system reconstruction evidence based on inference from background scientific knowledge used in manual assertion);SWI/SNF ATP-dependent chromatin remodeling complex, ACTL6B-ARID1A-SMARCA4 variant,CPX-1209,ECO:0005547(biological system reconstruction evidence based on inference from background scientific knowledge used in manual assertion);SWI/SNF ATP-dependent chromatin remodeling complex, ACTL6B-ARID1B-SMARCA4 variant,CPX-1211,ECO:0005547(biological system reconstruction evidence based on inference from background scientific knowledge used in manual assertion);Neural progenitor-specific SWI/SNF ATP-dependent chromatin remodeling complex, ARID1A-SMARCA4 variant,CPX-1212,ECO:0005547(biological system reconstruction evidence based on inference from background scientific knowledge used in manual assertion);Neural progenitor-specific SWI/SNF ATP-dependent chromatin remodeling complex, ARID1B-SMARCA4 variant,CPX-1215,ECO:0005547(biological system reconstruction evidence based on inference from background scientific knowledge used in manual assertion);Neuron-specific SWI/SNF ATP-dependent chromatin remodeling complex, ARID1A-SMARCA4 variant,CPX-1216,ECO:0005547(biological system reconstruction evidence based on inference from background scientific knowledge used in manual assertion);Neuron-specific SWI/SNF ATP-dependent chromatin remodeling complex, ARID1B-SMARCA4 variant,CPX-1218,ECO:0005547(biological system reconstruction evidence based on inference from background scientific knowledge used in manual assertion);Brain-specific SWI/SNF ATP-dependent chromatin remodeling complex, ARID1A-SMARCA4 variant,CPX-1219,ECO:0005547(biological system reconstruction evidence based on inference from background scientific knowledge used in manual assertion);Brain-specific SWI/SNF ATP-dependent chromatin remodeling complex, ARID1B-SMARCA4 variant,CPX-1221,ECO:0005547(biological system reconstruction evidence based on inference from background scientific knowledge used in manual assertion);Muscle cell-specific SWI/SNF ATP-dependent chromatin remodeling complex, ACTL6A-ARID1A-SMARCA4 variant,CPX-1222,ECO:0005547(biological system reconstruction evidence based on inference from background scientific knowledge used in manual assertion);Muscle cell-specific SWI/SNF ATP-dependent chromatin remodeling complex, ACTL6A-ARID1B-SMARCA4 variant,CPX-1224,ECO:0005547(biological system reconstruction evidence based on inference from background scientific knowledge used in manual assertion);Muscle cell-specific SWI/SNF ATP-dependent chromatin remodeling complex, ACTL6B-ARID1A-SMARCA4 variant,CPX-1226,ECO:0005547(biological system reconstruction evidence based on inference from background scientific knowledge used in manual assertion);Muscle cell-specific SWI/SNF ATP-dependent chromatin remodeling complex, ACTL6B-ARID1B-SMARCA4 variant,CPX-1228,ECO:0005547(biological system reconstruction evidence based on inference from background scientific knowledge used in manual assertion);GBAF (SWI/SNF) ATP-dependent chromatin remodeling complex, ACTL6A-BICRA-SMARCA4 variant,CPX-4206,ECO:0005547(biological system reconstruction evidence based on inference from background scientific knowledge used in manual assertion);GBAF (SWI/SNF) ATP-dependent chromatin remodeling complex, ACTL6A-BICRAL-SMARCA4 variant,CPX-4207,ECO:0005547(biological system reconstruction evidence based on inference from background scientific knowledge used in manual assertion);GBAF (SWI/SNF) ATP-dependent chromatin remodeling complex, ACTL6B-BICRA-SMARCA4 variant,CPX-4225,ECO:0005547(biological system reconstruction evidence based on inference from background scientific knowledge used in manual assertion);GBAF (SWI/SNF) ATP-dependent chromatin remodeling complex, ACTL6B-BICRAL-SMARCA4 variant,CPX-4226,ECO:0005547(biological system reconstruction evidence based on inference from background scientific knowledge used in manual assertion)";RP01830376;MIR17HG;lncRNA;Homo sapiens;TF;Homo sapiens;NCBI:407975;NCBI:6597;0.5023;CLIP;ChIP-seq;catRAPID;215;ENSG00000215417;-1.84534139091266;0.99398029655203;-5.74834557141758;1.34549165469835e-06;9.96563977344356e-06;4.91812246599078
11015;2820736;SMARCA4;P51532;Transcription activator BRG1;Nucleus (ECO:0000255), Nucleus (ECO:0000269);Nucleoli fibrillar center (Supported), Nucleoli rim (Supported), Nucleoplasm (Supported);chromatin (annotations_grade_2), nucleoplasm (annotations_grade_3);DNA-acting enzymes, Chromatin remodelers, Histone PTM readers, Centromere-associated;Histone PTM readers;"Alabert et al., 2014; Alvarez et al., 2023; Ginno et al., 2018; Itzhak et al., 2016; Kustatscher et al., 2014; Shi et al., 2021; Ugur et al., 2023";26.2;"Helicase_C(Helicase conserved C-terminal domain,PF00271);Bromodomain(Bromodomain,PF00439);HSA(HSA domain,PF07529);BRK(BRK domain,PF07533);QLQ(QLQ,PF08880);SnAC(Snf2-ATP coupling, chromatin remodelling complex,PF14619);SNF2-rel_dom(SNF2-related domain,PF00176)";1647;"Embryonic stem cell-specific SWI/SNF ATP-dependent chromatin remodeling complex,CPX-1195,ECO:0005547(biological system reconstruction evidence based on inference from background scientific knowledge used in manual assertion);Polybromo-associated SWI/SNF ATP-dependent chromatin remodeling complex, ACTL6B variant,CPX-1196,ECO:0005547(biological system reconstruction evidence based on inference from background scientific knowledge used in manual assertion);Polybromo-associated SWI/SNF ATP-dependent chromatin remodeling complex, ACTL6A variant,CPX-1199,ECO:0005547(biological system reconstruction evidence based on inference from background scientific knowledge used in manual assertion);SWI/SNF ATP-dependent chromatin remodeling complex, ACTL6A-ARID1A-SMARCA4 variant,CPX-1204,ECO:0005547(biological system reconstruction evidence based on inference from background scientific knowledge used in manual assertion);SWI/SNF ATP-dependent chromatin remodeling complex, ACTL6A-ARID1B-SMARCA4 variant,CPX-1206,ECO:0005547(biological system reconstruction evidence based on inference from background scientific knowledge used in manual assertion);SWI/SNF ATP-dependent chromatin remodeling complex, ACTL6B-ARID1A-SMARCA4 variant,CPX-1209,ECO:0005547(biological system reconstruction evidence based on inference from background scientific knowledge used in manual assertion);SWI/SNF ATP-dependent chromatin remodeling complex, ACTL6B-ARID1B-SMARCA4 variant,CPX-1211,ECO:0005547(biological system reconstruction evidence based on inference from background scientific knowledge used in manual assertion);Neural progenitor-specific SWI/SNF ATP-dependent chromatin remodeling complex, ARID1A-SMARCA4 variant,CPX-1212,ECO:0005547(biological system reconstruction evidence based on inference from background scientific knowledge used in manual assertion);Neural progenitor-specific SWI/SNF ATP-dependent chromatin remodeling complex, ARID1B-SMARCA4 variant,CPX-1215,ECO:0005547(biological system reconstruction evidence based on inference from background scientific knowledge used in manual assertion);Neuron-specific SWI/SNF ATP-dependent chromatin remodeling complex, ARID1A-SMARCA4 variant,CPX-1216,ECO:0005547(biological system reconstruction evidence based on inference from background scientific knowledge used in manual assertion);Neuron-specific SWI/SNF ATP-dependent chromatin remodeling complex, ARID1B-SMARCA4 variant,CPX-1218,ECO:0005547(biological system reconstruction evidence based on inference from background scientific knowledge used in manual assertion);Brain-specific SWI/SNF ATP-dependent chromatin remodeling complex, ARID1A-SMARCA4 variant,CPX-1219,ECO:0005547(biological system reconstruction evidence based on inference from background scientific knowledge used in manual assertion);Brain-specific SWI/SNF ATP-dependent chromatin remodeling complex, ARID1B-SMARCA4 variant,CPX-1221,ECO:0005547(biological system reconstruction evidence based on inference from background scientific knowledge used in manual assertion);Muscle cell-specific SWI/SNF ATP-dependent chromatin remodeling complex, ACTL6A-ARID1A-SMARCA4 variant,CPX-1222,ECO:0005547(biological system reconstruction evidence based on inference from background scientific knowledge used in manual assertion);Muscle cell-specific SWI/SNF ATP-dependent chromatin remodeling complex, ACTL6A-ARID1B-SMARCA4 variant,CPX-1224,ECO:0005547(biological system reconstruction evidence based on inference from background scientific knowledge used in manual assertion);Muscle cell-specific SWI/SNF ATP-dependent chromatin remodeling complex, ACTL6B-ARID1A-SMARCA4 variant,CPX-1226,ECO:0005547(biological system reconstruction evidence based on inference from background scientific knowledge used in manual assertion);Muscle cell-specific SWI/SNF ATP-dependent chromatin remodeling complex, ACTL6B-ARID1B-SMARCA4 variant,CPX-1228,ECO:0005547(biological system reconstruction evidence based on inference from background scientific knowledge used in manual assertion);GBAF (SWI/SNF) ATP-dependent chromatin remodeling complex, ACTL6A-BICRA-SMARCA4 variant,CPX-4206,ECO:0005547(biological system reconstruction evidence based on inference from background scientific knowledge used in manual assertion);GBAF (SWI/SNF) ATP-dependent chromatin remodeling complex, ACTL6A-BICRAL-SMARCA4 variant,CPX-4207,ECO:0005547(biological system reconstruction evidence based on inference from background scientific knowledge used in manual assertion);GBAF (SWI/SNF) ATP-dependent chromatin remodeling complex, ACTL6B-BICRA-SMARCA4 variant,CPX-4225,ECO:0005547(biological system reconstruction evidence based on inference from background scientific knowledge used in manual assertion);GBAF (SWI/SNF) ATP-dependent chromatin remodeling complex, ACTL6B-BICRAL-SMARCA4 variant,CPX-4226,ECO:0005547(biological system reconstruction evidence based on inference from background scientific knowledge used in manual assertion)";RP01831764;MALAT1;lncRNA;Homo sapiens;TF;Homo sapiens;NCBI:378938;NCBI:6597;0.5023;CLIP;RNA-seq//ChIP-seq//Microarray;catRAPID;1786;ENSG00000251562;-2.69192848146394;10.8069205658514;-9.99570573098169;4.30182645492996e-12;1.65306630339579e-10;17.4859517032396
11029;2819280;SMARCA4;P51532;Transcription activator BRG1;Nucleus (ECO:0000255), Nucleus (ECO:0000269);Nucleoli fibrillar center (Supported), Nucleoli rim (Supported), Nucleoplasm (Supported);chromatin (annotations_grade_2), nucleoplasm (annotations_grade_3);DNA-acting enzymes, Chromatin remodelers, Histone PTM readers, Centromere-associated;Histone PTM readers;"Alabert et al., 2014; Alvarez et al., 2023; Ginno et al., 2018; Itzhak et al., 2016; Kustatscher et al., 2014; Shi et al., 2021; Ugur et al., 2023";26.2;"Helicase_C(Helicase conserved C-terminal domain,PF00271);Bromodomain(Bromodomain,PF00439);HSA(HSA domain,PF07529);BRK(BRK domain,PF07533);QLQ(QLQ,PF08880);SnAC(Snf2-ATP coupling, chromatin remodelling complex,PF14619);SNF2-rel_dom(SNF2-related domain,PF00176)";1647;"Embryonic stem cell-specific SWI/SNF ATP-dependent chromatin remodeling complex,CPX-1195,ECO:0005547(biological system reconstruction evidence based on inference from background scientific knowledge used in manual assertion);Polybromo-associated SWI/SNF ATP-dependent chromatin remodeling complex, ACTL6B variant,CPX-1196,ECO:0005547(biological system reconstruction evidence based on inference from background scientific knowledge used in manual assertion);Polybromo-associated SWI/SNF ATP-dependent chromatin remodeling complex, ACTL6A variant,CPX-1199,ECO:0005547(biological system reconstruction evidence based on inference from background scientific knowledge used in manual assertion);SWI/SNF ATP-dependent chromatin remodeling complex, ACTL6A-ARID1A-SMARCA4 variant,CPX-1204,ECO:0005547(biological system reconstruction evidence based on inference from background scientific knowledge used in manual assertion);SWI/SNF ATP-dependent chromatin remodeling complex, ACTL6A-ARID1B-SMARCA4 variant,CPX-1206,ECO:0005547(biological system reconstruction evidence based on inference from background scientific knowledge used in manual assertion);SWI/SNF ATP-dependent chromatin remodeling complex, ACTL6B-ARID1A-SMARCA4 variant,CPX-1209,ECO:0005547(biological system reconstruction evidence based on inference from background scientific knowledge used in manual assertion);SWI/SNF ATP-dependent chromatin remodeling complex, ACTL6B-ARID1B-SMARCA4 variant,CPX-1211,ECO:0005547(biological system reconstruction evidence based on inference from background scientific knowledge used in manual assertion);Neural progenitor-specific SWI/SNF ATP-dependent chromatin remodeling complex, ARID1A-SMARCA4 variant,CPX-1212,ECO:0005547(biological system reconstruction evidence based on inference from background scientific knowledge used in manual assertion);Neural progenitor-specific SWI/SNF ATP-dependent chromatin remodeling complex, ARID1B-SMARCA4 variant,CPX-1215,ECO:0005547(biological system reconstruction evidence based on inference from background scientific knowledge used in manual assertion);Neuron-specific SWI/SNF ATP-dependent chromatin remodeling complex, ARID1A-SMARCA4 variant,CPX-1216,ECO:0005547(biological system reconstruction evidence based on inference from background scientific knowledge used in manual assertion);Neuron-specific SWI/SNF ATP-dependent chromatin remodeling complex, ARID1B-SMARCA4 variant,CPX-1218,ECO:0005547(biological system reconstruction evidence based on inference from background scientific knowledge used in manual assertion);Brain-specific SWI/SNF ATP-dependent chromatin remodeling complex, ARID1A-SMARCA4 variant,CPX-1219,ECO:0005547(biological system reconstruction evidence based on inference from background scientific knowledge used in manual assertion);Brain-specific SWI/SNF ATP-dependent chromatin remodeling complex, ARID1B-SMARCA4 variant,CPX-1221,ECO:0005547(biological system reconstruction evidence based on inference from background scientific knowledge used in manual assertion);Muscle cell-specific SWI/SNF ATP-dependent chromatin remodeling complex, ACTL6A-ARID1A-SMARCA4 variant,CPX-1222,ECO:0005547(biological system reconstruction evidence based on inference from background scientific knowledge used in manual assertion);Muscle cell-specific SWI/SNF ATP-dependent chromatin remodeling complex, ACTL6A-ARID1B-SMARCA4 variant,CPX-1224,ECO:0005547(biological system reconstruction evidence based on inference from background scientific knowledge used in manual assertion);Muscle cell-specific SWI/SNF ATP-dependent chromatin remodeling complex, ACTL6B-ARID1A-SMARCA4 variant,CPX-1226,ECO:0005547(biological system reconstruction evidence based on inference from background scientific knowledge used in manual assertion);Muscle cell-specific SWI/SNF ATP-dependent chromatin remodeling complex, ACTL6B-ARID1B-SMARCA4 variant,CPX-1228,ECO:0005547(biological system reconstruction evidence based on inference from background scientific knowledge used in manual assertion);GBAF (SWI/SNF) ATP-dependent chromatin remodeling complex, ACTL6A-BICRA-SMARCA4 variant,CPX-4206,ECO:0005547(biological system reconstruction evidence based on inference from background scientific knowledge used in manual assertion);GBAF (SWI/SNF) ATP-dependent chromatin remodeling complex, ACTL6A-BICRAL-SMARCA4 variant,CPX-4207,ECO:0005547(biological system reconstruction evidence based on inference from background scientific knowledge used in manual assertion);GBAF (SWI/SNF) ATP-dependent chromatin remodeling complex, ACTL6B-BICRA-SMARCA4 variant,CPX-4225,ECO:0005547(biological system reconstruction evidence based on inference from background scientific knowledge used in manual assertion);GBAF (SWI/SNF) ATP-dependent chromatin remodeling complex, ACTL6B-BICRAL-SMARCA4 variant,CPX-4226,ECO:0005547(biological system reconstruction evidence based on inference from background scientific knowledge used in manual assertion)";RP01857202;LINC00487;lncRNA;Homo sapiens;TF;Homo sapiens;NCBI:400941;NCBI:6597;0.4299;CLIP;ChIP-seq;;166;ENSG00000205837;-2.70997036675211;-1.98014750053705;-7.83768014854472;2.1342485784672104e-09;3.35029245134759e-08;11.3127561087916
11030;2819275;SMARCA4;P51532;Transcription activator BRG1;Nucleus (ECO:0000255), Nucleus (ECO:0000269);Nucleoli fibrillar center (Supported), Nucleoli rim (Supported), Nucleoplasm (Supported);chromatin (annotations_grade_2), nucleoplasm (annotations_grade_3);DNA-acting enzymes, Chromatin remodelers, Histone PTM readers, Centromere-associated;Histone PTM readers;"Alabert et al., 2014; Alvarez et al., 2023; Ginno et al., 2018; Itzhak et al., 2016; Kustatscher et al., 2014; Shi et al., 2021; Ugur et al., 2023";26.2;"Helicase_C(Helicase conserved C-terminal domain,PF00271);Bromodomain(Bromodomain,PF00439);HSA(HSA domain,PF07529);BRK(BRK domain,PF07533);QLQ(QLQ,PF08880);SnAC(Snf2-ATP coupling, chromatin remodelling complex,PF14619);SNF2-rel_dom(SNF2-related domain,PF00176)";1647;"Embryonic stem cell-specific SWI/SNF ATP-dependent chromatin remodeling complex,CPX-1195,ECO:0005547(biological system reconstruction evidence based on inference from background scientific knowledge used in manual assertion);Polybromo-associated SWI/SNF ATP-dependent chromatin remodeling complex, ACTL6B variant,CPX-1196,ECO:0005547(biological system reconstruction evidence based on inference from background scientific knowledge used in manual assertion);Polybromo-associated SWI/SNF ATP-dependent chromatin remodeling complex, ACTL6A variant,CPX-1199,ECO:0005547(biological system reconstruction evidence based on inference from background scientific knowledge used in manual assertion);SWI/SNF ATP-dependent chromatin remodeling complex, ACTL6A-ARID1A-SMARCA4 variant,CPX-1204,ECO:0005547(biological system reconstruction evidence based on inference from background scientific knowledge used in manual assertion);SWI/SNF ATP-dependent chromatin remodeling complex, ACTL6A-ARID1B-SMARCA4 variant,CPX-1206,ECO:0005547(biological system reconstruction evidence based on inference from background scientific knowledge used in manual assertion);SWI/SNF ATP-dependent chromatin remodeling complex, ACTL6B-ARID1A-SMARCA4 variant,CPX-1209,ECO:0005547(biological system reconstruction evidence based on inference from background scientific knowledge used in manual assertion);SWI/SNF ATP-dependent chromatin remodeling complex, ACTL6B-ARID1B-SMARCA4 variant,CPX-1211,ECO:0005547(biological system reconstruction evidence based on inference from background scientific knowledge used in manual assertion);Neural progenitor-specific SWI/SNF ATP-dependent chromatin remodeling complex, ARID1A-SMARCA4 variant,CPX-1212,ECO:0005547(biological system reconstruction evidence based on inference from background scientific knowledge used in manual assertion);Neural progenitor-specific SWI/SNF ATP-dependent chromatin remodeling complex, ARID1B-SMARCA4 variant,CPX-1215,ECO:0005547(biological system reconstruction evidence based on inference from background scientific knowledge used in manual assertion);Neuron-specific SWI/SNF ATP-dependent chromatin remodeling complex, ARID1A-SMARCA4 variant,CPX-1216,ECO:0005547(biological system reconstruction evidence based on inference from background scientific knowledge used in manual assertion);Neuron-specific SWI/SNF ATP-dependent chromatin remodeling complex, ARID1B-SMARCA4 variant,CPX-1218,ECO:0005547(biological system reconstruction evidence based on inference from background scientific knowledge used in manual assertion);Brain-specific SWI/SNF ATP-dependent chromatin remodeling complex, ARID1A-SMARCA4 variant,CPX-1219,ECO:0005547(biological system reconstruction evidence based on inference from background scientific knowledge used in manual assertion);Brain-specific SWI/SNF ATP-dependent chromatin remodeling complex, ARID1B-SMARCA4 variant,CPX-1221,ECO:0005547(biological system reconstruction evidence based on inference from background scientific knowledge used in manual assertion);Muscle cell-specific SWI/SNF ATP-dependent chromatin remodeling complex, ACTL6A-ARID1A-SMARCA4 variant,CPX-1222,ECO:0005547(biological system reconstruction evidence based on inference from background scientific knowledge used in manual assertion);Muscle cell-specific SWI/SNF ATP-dependent chromatin remodeling complex, ACTL6A-ARID1B-SMARCA4 variant,CPX-1224,ECO:0005547(biological system reconstruction evidence based on inference from background scientific knowledge used in manual assertion);Muscle cell-specific SWI/SNF ATP-dependent chromatin remodeling complex, ACTL6B-ARID1A-SMARCA4 variant,CPX-1226,ECO:0005547(biological system reconstruction evidence based on inference from background scientific knowledge used in manual assertion);Muscle cell-specific SWI/SNF ATP-dependent chromatin remodeling complex, ACTL6B-ARID1B-SMARCA4 variant,CPX-1228,ECO:0005547(biological system reconstruction evidence based on inference from background scientific knowledge used in manual assertion);GBAF (SWI/SNF) ATP-dependent chromatin remodeling complex, ACTL6A-BICRA-SMARCA4 variant,CPX-4206,ECO:0005547(biological system reconstruction evidence based on inference from background scientific knowledge used in manual assertion);GBAF (SWI/SNF) ATP-dependent chromatin remodeling complex, ACTL6A-BICRAL-SMARCA4 variant,CPX-4207,ECO:0005547(biological system reconstruction evidence based on inference from background scientific knowledge used in manual assertion);GBAF (SWI/SNF) ATP-dependent chromatin remodeling complex, ACTL6B-BICRA-SMARCA4 variant,CPX-4225,ECO:0005547(biological system reconstruction evidence based on inference from background scientific knowledge used in manual assertion);GBAF (SWI/SNF) ATP-dependent chromatin remodeling complex, ACTL6B-BICRAL-SMARCA4 variant,CPX-4226,ECO:0005547(biological system reconstruction evidence based on inference from background scientific knowledge used in manual assertion)";RP01830234;LINC00476;lncRNA;Homo sapiens;TF;Homo sapiens;NCBI:100128782;NCBI:6597;0.4911;CLIP;ChIP-seq;;27;ENSG00000175611;-2.19724688558074;1.62463722411676;-6.90916380536433;3.61578319885548e-08;4.01361475398021e-07;8.50039124750522
11031;2819255;SMARCA4;P51532;Transcription activator BRG1;Nucleus (ECO:0000255), Nucleus (ECO:0000269);Nucleoli fibrillar center (Supported), Nucleoli rim (Supported), Nucleoplasm (Supported);chromatin (annotations_grade_2), nucleoplasm (annotations_grade_3);DNA-acting enzymes, Chromatin remodelers, Histone PTM readers, Centromere-associated;Histone PTM readers;"Alabert et al., 2014; Alvarez et al., 2023; Ginno et al., 2018; Itzhak et al., 2016; Kustatscher et al., 2014; Shi et al., 2021; Ugur et al., 2023";26.2;"Helicase_C(Helicase conserved C-terminal domain,PF00271);Bromodomain(Bromodomain,PF00439);HSA(HSA domain,PF07529);BRK(BRK domain,PF07533);QLQ(QLQ,PF08880);SnAC(Snf2-ATP coupling, chromatin remodelling complex,PF14619);SNF2-rel_dom(SNF2-related domain,PF00176)";1647;"Embryonic stem cell-specific SWI/SNF ATP-dependent chromatin remodeling complex,CPX-1195,ECO:0005547(biological system reconstruction evidence based on inference from background scientific knowledge used in manual assertion);Polybromo-associated SWI/SNF ATP-dependent chromatin remodeling complex, ACTL6B variant,CPX-1196,ECO:0005547(biological system reconstruction evidence based on inference from background scientific knowledge used in manual assertion);Polybromo-associated SWI/SNF ATP-dependent chromatin remodeling complex, ACTL6A variant,CPX-1199,ECO:0005547(biological system reconstruction evidence based on inference from background scientific knowledge used in manual assertion);SWI/SNF ATP-dependent chromatin remodeling complex, ACTL6A-ARID1A-SMARCA4 variant,CPX-1204,ECO:0005547(biological system reconstruction evidence based on inference from background scientific knowledge used in manual assertion);SWI/SNF ATP-dependent chromatin remodeling complex, ACTL6A-ARID1B-SMARCA4 variant,CPX-1206,ECO:0005547(biological system reconstruction evidence based on inference from background scientific knowledge used in manual assertion);SWI/SNF ATP-dependent chromatin remodeling complex, ACTL6B-ARID1A-SMARCA4 variant,CPX-1209,ECO:0005547(biological system reconstruction evidence based on inference from background scientific knowledge used in manual assertion);SWI/SNF ATP-dependent chromatin remodeling complex, ACTL6B-ARID1B-SMARCA4 variant,CPX-1211,ECO:0005547(biological system reconstruction evidence based on inference from background scientific knowledge used in manual assertion);Neural progenitor-specific SWI/SNF ATP-dependent chromatin remodeling complex, ARID1A-SMARCA4 variant,CPX-1212,ECO:0005547(biological system reconstruction evidence based on inference from background scientific knowledge used in manual assertion);Neural progenitor-specific SWI/SNF ATP-dependent chromatin remodeling complex, ARID1B-SMARCA4 variant,CPX-1215,ECO:0005547(biological system reconstruction evidence based on inference from background scientific knowledge used in manual assertion);Neuron-specific SWI/SNF ATP-dependent chromatin remodeling complex, ARID1A-SMARCA4 variant,CPX-1216,ECO:0005547(biological system reconstruction evidence based on inference from background scientific knowledge used in manual assertion);Neuron-specific SWI/SNF ATP-dependent chromatin remodeling complex, ARID1B-SMARCA4 variant,CPX-1218,ECO:0005547(biological system reconstruction evidence based on inference from background scientific knowledge used in manual assertion);Brain-specific SWI/SNF ATP-dependent chromatin remodeling complex, ARID1A-SMARCA4 variant,CPX-1219,ECO:0005547(biological system reconstruction evidence based on inference from background scientific knowledge used in manual assertion);Brain-specific SWI/SNF ATP-dependent chromatin remodeling complex, ARID1B-SMARCA4 variant,CPX-1221,ECO:0005547(biological system reconstruction evidence based on inference from background scientific knowledge used in manual assertion);Muscle cell-specific SWI/SNF ATP-dependent chromatin remodeling complex, ACTL6A-ARID1A-SMARCA4 variant,CPX-1222,ECO:0005547(biological system reconstruction evidence based on inference from background scientific knowledge used in manual assertion);Muscle cell-specific SWI/SNF ATP-dependent chromatin remodeling complex, ACTL6A-ARID1B-SMARCA4 variant,CPX-1224,ECO:0005547(biological system reconstruction evidence based on inference from background scientific knowledge used in manual assertion);Muscle cell-specific SWI/SNF ATP-dependent chromatin remodeling complex, ACTL6B-ARID1A-SMARCA4 variant,CPX-1226,ECO:0005547(biological system reconstruction evidence based on inference from background scientific knowledge used in manual assertion);Muscle cell-specific SWI/SNF ATP-dependent chromatin remodeling complex, ACTL6B-ARID1B-SMARCA4 variant,CPX-1228,ECO:0005547(biological system reconstruction evidence based on inference from background scientific knowledge used in manual assertion);GBAF (SWI/SNF) ATP-dependent chromatin remodeling complex, ACTL6A-BICRA-SMARCA4 variant,CPX-4206,ECO:0005547(biological system reconstruction evidence based on inference from background scientific knowledge used in manual assertion);GBAF (SWI/SNF) ATP-dependent chromatin remodeling complex, ACTL6A-BICRAL-SMARCA4 variant,CPX-4207,ECO:0005547(biological system reconstruction evidence based on inference from background scientific knowledge used in manual assertion);GBAF (SWI/SNF) ATP-dependent chromatin remodeling complex, ACTL6B-BICRA-SMARCA4 variant,CPX-4225,ECO:0005547(biological system reconstruction evidence based on inference from background scientific knowledge used in manual assertion);GBAF (SWI/SNF) ATP-dependent chromatin remodeling complex, ACTL6B-BICRAL-SMARCA4 variant,CPX-4226,ECO:0005547(biological system reconstruction evidence based on inference from background scientific knowledge used in manual assertion)";RP01858194;LINC00426;lncRNA;Homo sapiens;TF;Homo sapiens;NCBI:100188949;NCBI:6597;0.4575;CLIP;ChIP-seq;;1336;ENSG00000238121;-2.3490125301135;2.72866220100849;-8.43620152093142;3.60657743554755e-10;6.62570797875482e-09;13.0814192603843
11037;2819208;SMARCA4;P51532;Transcription activator BRG1;Nucleus (ECO:0000255), Nucleus (ECO:0000269);Nucleoli fibrillar center (Supported), Nucleoli rim (Supported), Nucleoplasm (Supported);chromatin (annotations_grade_2), nucleoplasm (annotations_grade_3);DNA-acting enzymes, Chromatin remodelers, Histone PTM readers, Centromere-associated;Histone PTM readers;"Alabert et al., 2014; Alvarez et al., 2023; Ginno et al., 2018; Itzhak et al., 2016; Kustatscher et al., 2014; Shi et al., 2021; Ugur et al., 2023";26.2;"Helicase_C(Helicase conserved C-terminal domain,PF00271);Bromodomain(Bromodomain,PF00439);HSA(HSA domain,PF07529);BRK(BRK domain,PF07533);QLQ(QLQ,PF08880);SnAC(Snf2-ATP coupling, chromatin remodelling complex,PF14619);SNF2-rel_dom(SNF2-related domain,PF00176)";1647;"Embryonic stem cell-specific SWI/SNF ATP-dependent chromatin remodeling complex,CPX-1195,ECO:0005547(biological system reconstruction evidence based on inference from background scientific knowledge used in manual assertion);Polybromo-associated SWI/SNF ATP-dependent chromatin remodeling complex, ACTL6B variant,CPX-1196,ECO:0005547(biological system reconstruction evidence based on inference from background scientific knowledge used in manual assertion);Polybromo-associated SWI/SNF ATP-dependent chromatin remodeling complex, ACTL6A variant,CPX-1199,ECO:0005547(biological system reconstruction evidence based on inference from background scientific knowledge used in manual assertion);SWI/SNF ATP-dependent chromatin remodeling complex, ACTL6A-ARID1A-SMARCA4 variant,CPX-1204,ECO:0005547(biological system reconstruction evidence based on inference from background scientific knowledge used in manual assertion);SWI/SNF ATP-dependent chromatin remodeling complex, ACTL6A-ARID1B-SMARCA4 variant,CPX-1206,ECO:0005547(biological system reconstruction evidence based on inference from background scientific knowledge used in manual assertion);SWI/SNF ATP-dependent chromatin remodeling complex, ACTL6B-ARID1A-SMARCA4 variant,CPX-1209,ECO:0005547(biological system reconstruction evidence based on inference from background scientific knowledge used in manual assertion);SWI/SNF ATP-dependent chromatin remodeling complex, ACTL6B-ARID1B-SMARCA4 variant,CPX-1211,ECO:0005547(biological system reconstruction evidence based on inference from background scientific knowledge used in manual assertion);Neural progenitor-specific SWI/SNF ATP-dependent chromatin remodeling complex, ARID1A-SMARCA4 variant,CPX-1212,ECO:0005547(biological system reconstruction evidence based on inference from background scientific knowledge used in manual assertion);Neural progenitor-specific SWI/SNF ATP-dependent chromatin remodeling complex, ARID1B-SMARCA4 variant,CPX-1215,ECO:0005547(biological system reconstruction evidence based on inference from background scientific knowledge used in manual assertion);Neuron-specific SWI/SNF ATP-dependent chromatin remodeling complex, ARID1A-SMARCA4 variant,CPX-1216,ECO:0005547(biological system reconstruction evidence based on inference from background scientific knowledge used in manual assertion);Neuron-specific SWI/SNF ATP-dependent chromatin remodeling complex, ARID1B-SMARCA4 variant,CPX-1218,ECO:0005547(biological system reconstruction evidence based on inference from background scientific knowledge used in manual assertion);Brain-specific SWI/SNF ATP-dependent chromatin remodeling complex, ARID1A-SMARCA4 variant,CPX-1219,ECO:0005547(biological system reconstruction evidence based on inference from background scientific knowledge used in manual assertion);Brain-specific SWI/SNF ATP-dependent chromatin remodeling complex, ARID1B-SMARCA4 variant,CPX-1221,ECO:0005547(biological system reconstruction evidence based on inference from background scientific knowledge used in manual assertion);Muscle cell-specific SWI/SNF ATP-dependent chromatin remodeling complex, ACTL6A-ARID1A-SMARCA4 variant,CPX-1222,ECO:0005547(biological system reconstruction evidence based on inference from background scientific knowledge used in manual assertion);Muscle cell-specific SWI/SNF ATP-dependent chromatin remodeling complex, ACTL6A-ARID1B-SMARCA4 variant,CPX-1224,ECO:0005547(biological system reconstruction evidence based on inference from background scientific knowledge used in manual assertion);Muscle cell-specific SWI/SNF ATP-dependent chromatin remodeling complex, ACTL6B-ARID1A-SMARCA4 variant,CPX-1226,ECO:0005547(biological system reconstruction evidence based on inference from background scientific knowledge used in manual assertion);Muscle cell-specific SWI/SNF ATP-dependent chromatin remodeling complex, ACTL6B-ARID1B-SMARCA4 variant,CPX-1228,ECO:0005547(biological system reconstruction evidence based on inference from background scientific knowledge used in manual assertion);GBAF (SWI/SNF) ATP-dependent chromatin remodeling complex, ACTL6A-BICRA-SMARCA4 variant,CPX-4206,ECO:0005547(biological system reconstruction evidence based on inference from background scientific knowledge used in manual assertion);GBAF (SWI/SNF) ATP-dependent chromatin remodeling complex, ACTL6A-BICRAL-SMARCA4 variant,CPX-4207,ECO:0005547(biological system reconstruction evidence based on inference from background scientific knowledge used in manual assertion);GBAF (SWI/SNF) ATP-dependent chromatin remodeling complex, ACTL6B-BICRA-SMARCA4 variant,CPX-4225,ECO:0005547(biological system reconstruction evidence based on inference from background scientific knowledge used in manual assertion);GBAF (SWI/SNF) ATP-dependent chromatin remodeling complex, ACTL6B-BICRAL-SMARCA4 variant,CPX-4226,ECO:0005547(biological system reconstruction evidence based on inference from background scientific knowledge used in manual assertion)";RP35296314;LINC00278;lncRNA;Homo sapiens;protein;Homo sapiens;NCBI:100873962;NCBI:6597;0.2349;CLIP;;;862;ENSG00000231535;3.0750934355534;0.196655855636968;2.53142954767521;0.0157079581569749;0.0424700385388133;-4.10364771385186
11044;2819388;SMARCA4;P51532;Transcription activator BRG1;Nucleus (ECO:0000255), Nucleus (ECO:0000269);Nucleoli fibrillar center (Supported), Nucleoli rim (Supported), Nucleoplasm (Supported);chromatin (annotations_grade_2), nucleoplasm (annotations_grade_3);DNA-acting enzymes, Chromatin remodelers, Histone PTM readers, Centromere-associated;Histone PTM readers;"Alabert et al., 2014; Alvarez et al., 2023; Ginno et al., 2018; Itzhak et al., 2016; Kustatscher et al., 2014; Shi et al., 2021; Ugur et al., 2023";26.2;"Helicase_C(Helicase conserved C-terminal domain,PF00271);Bromodomain(Bromodomain,PF00439);HSA(HSA domain,PF07529);BRK(BRK domain,PF07533);QLQ(QLQ,PF08880);SnAC(Snf2-ATP coupling, chromatin remodelling complex,PF14619);SNF2-rel_dom(SNF2-related domain,PF00176)";1647;"Embryonic stem cell-specific SWI/SNF ATP-dependent chromatin remodeling complex,CPX-1195,ECO:0005547(biological system reconstruction evidence based on inference from background scientific knowledge used in manual assertion);Polybromo-associated SWI/SNF ATP-dependent chromatin remodeling complex, ACTL6B variant,CPX-1196,ECO:0005547(biological system reconstruction evidence based on inference from background scientific knowledge used in manual assertion);Polybromo-associated SWI/SNF ATP-dependent chromatin remodeling complex, ACTL6A variant,CPX-1199,ECO:0005547(biological system reconstruction evidence based on inference from background scientific knowledge used in manual assertion);SWI/SNF ATP-dependent chromatin remodeling complex, ACTL6A-ARID1A-SMARCA4 variant,CPX-1204,ECO:0005547(biological system reconstruction evidence based on inference from background scientific knowledge used in manual assertion);SWI/SNF ATP-dependent chromatin remodeling complex, ACTL6A-ARID1B-SMARCA4 variant,CPX-1206,ECO:0005547(biological system reconstruction evidence based on inference from background scientific knowledge used in manual assertion);SWI/SNF ATP-dependent chromatin remodeling complex, ACTL6B-ARID1A-SMARCA4 variant,CPX-1209,ECO:0005547(biological system reconstruction evidence based on inference from background scientific knowledge used in manual assertion);SWI/SNF ATP-dependent chromatin remodeling complex, ACTL6B-ARID1B-SMARCA4 variant,CPX-1211,ECO:0005547(biological system reconstruction evidence based on inference from background scientific knowledge used in manual assertion);Neural progenitor-specific SWI/SNF ATP-dependent chromatin remodeling complex, ARID1A-SMARCA4 variant,CPX-1212,ECO:0005547(biological system reconstruction evidence based on inference from background scientific knowledge used in manual assertion);Neural progenitor-specific SWI/SNF ATP-dependent chromatin remodeling complex, ARID1B-SMARCA4 variant,CPX-1215,ECO:0005547(biological system reconstruction evidence based on inference from background scientific knowledge used in manual assertion);Neuron-specific SWI/SNF ATP-dependent chromatin remodeling complex, ARID1A-SMARCA4 variant,CPX-1216,ECO:0005547(biological system reconstruction evidence based on inference from background scientific knowledge used in manual assertion);Neuron-specific SWI/SNF ATP-dependent chromatin remodeling complex, ARID1B-SMARCA4 variant,CPX-1218,ECO:0005547(biological system reconstruction evidence based on inference from background scientific knowledge used in manual assertion);Brain-specific SWI/SNF ATP-dependent chromatin remodeling complex, ARID1A-SMARCA4 variant,CPX-1219,ECO:0005547(biological system reconstruction evidence based on inference from background scientific knowledge used in manual assertion);Brain-specific SWI/SNF ATP-dependent chromatin remodeling complex, ARID1B-SMARCA4 variant,CPX-1221,ECO:0005547(biological system reconstruction evidence based on inference from background scientific knowledge used in manual assertion);Muscle cell-specific SWI/SNF ATP-dependent chromatin remodeling complex, ACTL6A-ARID1A-SMARCA4 variant,CPX-1222,ECO:0005547(biological system reconstruction evidence based on inference from background scientific knowledge used in manual assertion);Muscle cell-specific SWI/SNF ATP-dependent chromatin remodeling complex, ACTL6A-ARID1B-SMARCA4 variant,CPX-1224,ECO:0005547(biological system reconstruction evidence based on inference from background scientific knowledge used in manual assertion);Muscle cell-specific SWI/SNF ATP-dependent chromatin remodeling complex, ACTL6B-ARID1A-SMARCA4 variant,CPX-1226,ECO:0005547(biological system reconstruction evidence based on inference from background scientific knowledge used in manual assertion);Muscle cell-specific SWI/SNF ATP-dependent chromatin remodeling complex, ACTL6B-ARID1B-SMARCA4 variant,CPX-1228,ECO:0005547(biological system reconstruction evidence based on inference from background scientific knowledge used in manual assertion);GBAF (SWI/SNF) ATP-dependent chromatin remodeling complex, ACTL6A-BICRA-SMARCA4 variant,CPX-4206,ECO:0005547(biological system reconstruction evidence based on inference from background scientific knowledge used in manual assertion);GBAF (SWI/SNF) ATP-dependent chromatin remodeling complex, ACTL6A-BICRAL-SMARCA4 variant,CPX-4207,ECO:0005547(biological system reconstruction evidence based on inference from background scientific knowledge used in manual assertion);GBAF (SWI/SNF) ATP-dependent chromatin remodeling complex, ACTL6B-BICRA-SMARCA4 variant,CPX-4225,ECO:0005547(biological system reconstruction evidence based on inference from background scientific knowledge used in manual assertion);GBAF (SWI/SNF) ATP-dependent chromatin remodeling complex, ACTL6B-BICRAL-SMARCA4 variant,CPX-4226,ECO:0005547(biological system reconstruction evidence based on inference from background scientific knowledge used in manual assertion)";RP01858248;LINC00877;lncRNA;Homo sapiens;TF;Homo sapiens;NCBI:285286;NCBI:6597;0.4575;CLIP;ChIP-seq;;1376;ENSG00000241163;-1.69840444479095;2.86984243406203;-4.54358670988472;5.65290056053386e-05;0.0002874847048975;1.24722906378739
11056;2819352;SMARCA4;P51532;Transcription activator BRG1;Nucleus (ECO:0000255), Nucleus (ECO:0000269);Nucleoli fibrillar center (Supported), Nucleoli rim (Supported), Nucleoplasm (Supported);chromatin (annotations_grade_2), nucleoplasm (annotations_grade_3);DNA-acting enzymes, Chromatin remodelers, Histone PTM readers, Centromere-associated;Histone PTM readers;"Alabert et al., 2014; Alvarez et al., 2023; Ginno et al., 2018; Itzhak et al., 2016; Kustatscher et al., 2014; Shi et al., 2021; Ugur et al., 2023";26.2;"Helicase_C(Helicase conserved C-terminal domain,PF00271);Bromodomain(Bromodomain,PF00439);HSA(HSA domain,PF07529);BRK(BRK domain,PF07533);QLQ(QLQ,PF08880);SnAC(Snf2-ATP coupling, chromatin remodelling complex,PF14619);SNF2-rel_dom(SNF2-related domain,PF00176)";1647;"Embryonic stem cell-specific SWI/SNF ATP-dependent chromatin remodeling complex,CPX-1195,ECO:0005547(biological system reconstruction evidence based on inference from background scientific knowledge used in manual assertion);Polybromo-associated SWI/SNF ATP-dependent chromatin remodeling complex, ACTL6B variant,CPX-1196,ECO:0005547(biological system reconstruction evidence based on inference from background scientific knowledge used in manual assertion);Polybromo-associated SWI/SNF ATP-dependent chromatin remodeling complex, ACTL6A variant,CPX-1199,ECO:0005547(biological system reconstruction evidence based on inference from background scientific knowledge used in manual assertion);SWI/SNF ATP-dependent chromatin remodeling complex, ACTL6A-ARID1A-SMARCA4 variant,CPX-1204,ECO:0005547(biological system reconstruction evidence based on inference from background scientific knowledge used in manual assertion);SWI/SNF ATP-dependent chromatin remodeling complex, ACTL6A-ARID1B-SMARCA4 variant,CPX-1206,ECO:0005547(biological system reconstruction evidence based on inference from background scientific knowledge used in manual assertion);SWI/SNF ATP-dependent chromatin remodeling complex, ACTL6B-ARID1A-SMARCA4 variant,CPX-1209,ECO:0005547(biological system reconstruction evidence based on inference from background scientific knowledge used in manual assertion);SWI/SNF ATP-dependent chromatin remodeling complex, ACTL6B-ARID1B-SMARCA4 variant,CPX-1211,ECO:0005547(biological system reconstruction evidence based on inference from background scientific knowledge used in manual assertion);Neural progenitor-specific SWI/SNF ATP-dependent chromatin remodeling complex, ARID1A-SMARCA4 variant,CPX-1212,ECO:0005547(biological system reconstruction evidence based on inference from background scientific knowledge used in manual assertion);Neural progenitor-specific SWI/SNF ATP-dependent chromatin remodeling complex, ARID1B-SMARCA4 variant,CPX-1215,ECO:0005547(biological system reconstruction evidence based on inference from background scientific knowledge used in manual assertion);Neuron-specific SWI/SNF ATP-dependent chromatin remodeling complex, ARID1A-SMARCA4 variant,CPX-1216,ECO:0005547(biological system reconstruction evidence based on inference from background scientific knowledge used in manual assertion);Neuron-specific SWI/SNF ATP-dependent chromatin remodeling complex, ARID1B-SMARCA4 variant,CPX-1218,ECO:0005547(biological system reconstruction evidence based on inference from background scientific knowledge used in manual assertion);Brain-specific SWI/SNF ATP-dependent chromatin remodeling complex, ARID1A-SMARCA4 variant,CPX-1219,ECO:0005547(biological system reconstruction evidence based on inference from background scientific knowledge used in manual assertion);Brain-specific SWI/SNF ATP-dependent chromatin remodeling complex, ARID1B-SMARCA4 variant,CPX-1221,ECO:0005547(biological system reconstruction evidence based on inference from background scientific knowledge used in manual assertion);Muscle cell-specific SWI/SNF ATP-dependent chromatin remodeling complex, ACTL6A-ARID1A-SMARCA4 variant,CPX-1222,ECO:0005547(biological system reconstruction evidence based on inference from background scientific knowledge used in manual assertion);Muscle cell-specific SWI/SNF ATP-dependent chromatin remodeling complex, ACTL6A-ARID1B-SMARCA4 variant,CPX-1224,ECO:0005547(biological system reconstruction evidence based on inference from background scientific knowledge used in manual assertion);Muscle cell-specific SWI/SNF ATP-dependent chromatin remodeling complex, ACTL6B-ARID1A-SMARCA4 variant,CPX-1226,ECO:0005547(biological system reconstruction evidence based on inference from background scientific knowledge used in manual assertion);Muscle cell-specific SWI/SNF ATP-dependent chromatin remodeling complex, ACTL6B-ARID1B-SMARCA4 variant,CPX-1228,ECO:0005547(biological system reconstruction evidence based on inference from background scientific knowledge used in manual assertion);GBAF (SWI/SNF) ATP-dependent chromatin remodeling complex, ACTL6A-BICRA-SMARCA4 variant,CPX-4206,ECO:0005547(biological system reconstruction evidence based on inference from background scientific knowledge used in manual assertion);GBAF (SWI/SNF) ATP-dependent chromatin remodeling complex, ACTL6A-BICRAL-SMARCA4 variant,CPX-4207,ECO:0005547(biological system reconstruction evidence based on inference from background scientific knowledge used in manual assertion);GBAF (SWI/SNF) ATP-dependent chromatin remodeling complex, ACTL6B-BICRA-SMARCA4 variant,CPX-4225,ECO:0005547(biological system reconstruction evidence based on inference from background scientific knowledge used in manual assertion);GBAF (SWI/SNF) ATP-dependent chromatin remodeling complex, ACTL6B-BICRAL-SMARCA4 variant,CPX-4226,ECO:0005547(biological system reconstruction evidence based on inference from background scientific knowledge used in manual assertion)";RP00323868;LINC00664;lncRNA;Homo sapiens;TF;Homo sapiens;NCBI:400680;NCBI:6597;0.3985;CLIP;ChIP-seq;;3025;ENSG00000268658;-1.69033152220746;-1.35968632838524;-4.01011472894051;0.0002806609498888;0.0012048373634516;-0.307957581748415
11058;2819338;SMARCA4;P51532;Transcription activator BRG1;Nucleus (ECO:0000255), Nucleus (ECO:0000269);Nucleoli fibrillar center (Supported), Nucleoli rim (Supported), Nucleoplasm (Supported);chromatin (annotations_grade_2), nucleoplasm (annotations_grade_3);DNA-acting enzymes, Chromatin remodelers, Histone PTM readers, Centromere-associated;Histone PTM readers;"Alabert et al., 2014; Alvarez et al., 2023; Ginno et al., 2018; Itzhak et al., 2016; Kustatscher et al., 2014; Shi et al., 2021; Ugur et al., 2023";26.2;"Helicase_C(Helicase conserved C-terminal domain,PF00271);Bromodomain(Bromodomain,PF00439);HSA(HSA domain,PF07529);BRK(BRK domain,PF07533);QLQ(QLQ,PF08880);SnAC(Snf2-ATP coupling, chromatin remodelling complex,PF14619);SNF2-rel_dom(SNF2-related domain,PF00176)";1647;"Embryonic stem cell-specific SWI/SNF ATP-dependent chromatin remodeling complex,CPX-1195,ECO:0005547(biological system reconstruction evidence based on inference from background scientific knowledge used in manual assertion);Polybromo-associated SWI/SNF ATP-dependent chromatin remodeling complex, ACTL6B variant,CPX-1196,ECO:0005547(biological system reconstruction evidence based on inference from background scientific knowledge used in manual assertion);Polybromo-associated SWI/SNF ATP-dependent chromatin remodeling complex, ACTL6A variant,CPX-1199,ECO:0005547(biological system reconstruction evidence based on inference from background scientific knowledge used in manual assertion);SWI/SNF ATP-dependent chromatin remodeling complex, ACTL6A-ARID1A-SMARCA4 variant,CPX-1204,ECO:0005547(biological system reconstruction evidence based on inference from background scientific knowledge used in manual assertion);SWI/SNF ATP-dependent chromatin remodeling complex, ACTL6A-ARID1B-SMARCA4 variant,CPX-1206,ECO:0005547(biological system reconstruction evidence based on inference from background scientific knowledge used in manual assertion);SWI/SNF ATP-dependent chromatin remodeling complex, ACTL6B-ARID1A-SMARCA4 variant,CPX-1209,ECO:0005547(biological system reconstruction evidence based on inference from background scientific knowledge used in manual assertion);SWI/SNF ATP-dependent chromatin remodeling complex, ACTL6B-ARID1B-SMARCA4 variant,CPX-1211,ECO:0005547(biological system reconstruction evidence based on inference from background scientific knowledge used in manual assertion);Neural progenitor-specific SWI/SNF ATP-dependent chromatin remodeling complex, ARID1A-SMARCA4 variant,CPX-1212,ECO:0005547(biological system reconstruction evidence based on inference from background scientific knowledge used in manual assertion);Neural progenitor-specific SWI/SNF ATP-dependent chromatin remodeling complex, ARID1B-SMARCA4 variant,CPX-1215,ECO:0005547(biological system reconstruction evidence based on inference from background scientific knowledge used in manual assertion);Neuron-specific SWI/SNF ATP-dependent chromatin remodeling complex, ARID1A-SMARCA4 variant,CPX-1216,ECO:0005547(biological system reconstruction evidence based on inference from background scientific knowledge used in manual assertion);Neuron-specific SWI/SNF ATP-dependent chromatin remodeling complex, ARID1B-SMARCA4 variant,CPX-1218,ECO:0005547(biological system reconstruction evidence based on inference from background scientific knowledge used in manual assertion);Brain-specific SWI/SNF ATP-dependent chromatin remodeling complex, ARID1A-SMARCA4 variant,CPX-1219,ECO:0005547(biological system reconstruction evidence based on inference from background scientific knowledge used in manual assertion);Brain-specific SWI/SNF ATP-dependent chromatin remodeling complex, ARID1B-SMARCA4 variant,CPX-1221,ECO:0005547(biological system reconstruction evidence based on inference from background scientific knowledge used in manual assertion);Muscle cell-specific SWI/SNF ATP-dependent chromatin remodeling complex, ACTL6A-ARID1A-SMARCA4 variant,CPX-1222,ECO:0005547(biological system reconstruction evidence based on inference from background scientific knowledge used in manual assertion);Muscle cell-specific SWI/SNF ATP-dependent chromatin remodeling complex, ACTL6A-ARID1B-SMARCA4 variant,CPX-1224,ECO:0005547(biological system reconstruction evidence based on inference from background scientific knowledge used in manual assertion);Muscle cell-specific SWI/SNF ATP-dependent chromatin remodeling complex, ACTL6B-ARID1A-SMARCA4 variant,CPX-1226,ECO:0005547(biological system reconstruction evidence based on inference from background scientific knowledge used in manual assertion);Muscle cell-specific SWI/SNF ATP-dependent chromatin remodeling complex, ACTL6B-ARID1B-SMARCA4 variant,CPX-1228,ECO:0005547(biological system reconstruction evidence based on inference from background scientific knowledge used in manual assertion);GBAF (SWI/SNF) ATP-dependent chromatin remodeling complex, ACTL6A-BICRA-SMARCA4 variant,CPX-4206,ECO:0005547(biological system reconstruction evidence based on inference from background scientific knowledge used in manual assertion);GBAF (SWI/SNF) ATP-dependent chromatin remodeling complex, ACTL6A-BICRAL-SMARCA4 variant,CPX-4207,ECO:0005547(biological system reconstruction evidence based on inference from background scientific knowledge used in manual assertion);GBAF (SWI/SNF) ATP-dependent chromatin remodeling complex, ACTL6B-BICRA-SMARCA4 variant,CPX-4225,ECO:0005547(biological system reconstruction evidence based on inference from background scientific knowledge used in manual assertion);GBAF (SWI/SNF) ATP-dependent chromatin remodeling complex, ACTL6B-BICRAL-SMARCA4 variant,CPX-4226,ECO:0005547(biological system reconstruction evidence based on inference from background scientific knowledge used in manual assertion)";RP35303302;LINC00630;lncRNA;Homo sapiens;protein;Homo sapiens;NCBI:100287765;NCBI:6597;0.2349;CLIP;;;247;ENSG00000223546;-2.26301235070402;0.462538646230177;-7.84374214675453;2.09574721751214e-09;3.31458967822315e-08;11.3308619374593
11066;2818892;SMARCA4;P51532;Transcription activator BRG1;Nucleus (ECO:0000255), Nucleus (ECO:0000269);Nucleoli fibrillar center (Supported), Nucleoli rim (Supported), Nucleoplasm (Supported);chromatin (annotations_grade_2), nucleoplasm (annotations_grade_3);DNA-acting enzymes, Chromatin remodelers, Histone PTM readers, Centromere-associated;Histone PTM readers;"Alabert et al., 2014; Alvarez et al., 2023; Ginno et al., 2018; Itzhak et al., 2016; Kustatscher et al., 2014; Shi et al., 2021; Ugur et al., 2023";26.2;"Helicase_C(Helicase conserved C-terminal domain,PF00271);Bromodomain(Bromodomain,PF00439);HSA(HSA domain,PF07529);BRK(BRK domain,PF07533);QLQ(QLQ,PF08880);SnAC(Snf2-ATP coupling, chromatin remodelling complex,PF14619);SNF2-rel_dom(SNF2-related domain,PF00176)";1647;"Embryonic stem cell-specific SWI/SNF ATP-dependent chromatin remodeling complex,CPX-1195,ECO:0005547(biological system reconstruction evidence based on inference from background scientific knowledge used in manual assertion);Polybromo-associated SWI/SNF ATP-dependent chromatin remodeling complex, ACTL6B variant,CPX-1196,ECO:0005547(biological system reconstruction evidence based on inference from background scientific knowledge used in manual assertion);Polybromo-associated SWI/SNF ATP-dependent chromatin remodeling complex, ACTL6A variant,CPX-1199,ECO:0005547(biological system reconstruction evidence based on inference from background scientific knowledge used in manual assertion);SWI/SNF ATP-dependent chromatin remodeling complex, ACTL6A-ARID1A-SMARCA4 variant,CPX-1204,ECO:0005547(biological system reconstruction evidence based on inference from background scientific knowledge used in manual assertion);SWI/SNF ATP-dependent chromatin remodeling complex, ACTL6A-ARID1B-SMARCA4 variant,CPX-1206,ECO:0005547(biological system reconstruction evidence based on inference from background scientific knowledge used in manual assertion);SWI/SNF ATP-dependent chromatin remodeling complex, ACTL6B-ARID1A-SMARCA4 variant,CPX-1209,ECO:0005547(biological system reconstruction evidence based on inference from background scientific knowledge used in manual assertion);SWI/SNF ATP-dependent chromatin remodeling complex, ACTL6B-ARID1B-SMARCA4 variant,CPX-1211,ECO:0005547(biological system reconstruction evidence based on inference from background scientific knowledge used in manual assertion);Neural progenitor-specific SWI/SNF ATP-dependent chromatin remodeling complex, ARID1A-SMARCA4 variant,CPX-1212,ECO:0005547(biological system reconstruction evidence based on inference from background scientific knowledge used in manual assertion);Neural progenitor-specific SWI/SNF ATP-dependent chromatin remodeling complex, ARID1B-SMARCA4 variant,CPX-1215,ECO:0005547(biological system reconstruction evidence based on inference from background scientific knowledge used in manual assertion);Neuron-specific SWI/SNF ATP-dependent chromatin remodeling complex, ARID1A-SMARCA4 variant,CPX-1216,ECO:0005547(biological system reconstruction evidence based on inference from background scientific knowledge used in manual assertion);Neuron-specific SWI/SNF ATP-dependent chromatin remodeling complex, ARID1B-SMARCA4 variant,CPX-1218,ECO:0005547(biological system reconstruction evidence based on inference from background scientific knowledge used in manual assertion);Brain-specific SWI/SNF ATP-dependent chromatin remodeling complex, ARID1A-SMARCA4 variant,CPX-1219,ECO:0005547(biological system reconstruction evidence based on inference from background scientific knowledge used in manual assertion);Brain-specific SWI/SNF ATP-dependent chromatin remodeling complex, ARID1B-SMARCA4 variant,CPX-1221,ECO:0005547(biological system reconstruction evidence based on inference from background scientific knowledge used in manual assertion);Muscle cell-specific SWI/SNF ATP-dependent chromatin remodeling complex, ACTL6A-ARID1A-SMARCA4 variant,CPX-1222,ECO:0005547(biological system reconstruction evidence based on inference from background scientific knowledge used in manual assertion);Muscle cell-specific SWI/SNF ATP-dependent chromatin remodeling complex, ACTL6A-ARID1B-SMARCA4 variant,CPX-1224,ECO:0005547(biological system reconstruction evidence based on inference from background scientific knowledge used in manual assertion);Muscle cell-specific SWI/SNF ATP-dependent chromatin remodeling complex, ACTL6B-ARID1A-SMARCA4 variant,CPX-1226,ECO:0005547(biological system reconstruction evidence based on inference from background scientific knowledge used in manual assertion);Muscle cell-specific SWI/SNF ATP-dependent chromatin remodeling complex, ACTL6B-ARID1B-SMARCA4 variant,CPX-1228,ECO:0005547(biological system reconstruction evidence based on inference from background scientific knowledge used in manual assertion);GBAF (SWI/SNF) ATP-dependent chromatin remodeling complex, ACTL6A-BICRA-SMARCA4 variant,CPX-4206,ECO:0005547(biological system reconstruction evidence based on inference from background scientific knowledge used in manual assertion);GBAF (SWI/SNF) ATP-dependent chromatin remodeling complex, ACTL6A-BICRAL-SMARCA4 variant,CPX-4207,ECO:0005547(biological system reconstruction evidence based on inference from background scientific knowledge used in manual assertion);GBAF (SWI/SNF) ATP-dependent chromatin remodeling complex, ACTL6B-BICRA-SMARCA4 variant,CPX-4225,ECO:0005547(biological system reconstruction evidence based on inference from background scientific knowledge used in manual assertion);GBAF (SWI/SNF) ATP-dependent chromatin remodeling complex, ACTL6B-BICRAL-SMARCA4 variant,CPX-4226,ECO:0005547(biological system reconstruction evidence based on inference from background scientific knowledge used in manual assertion)";RP01858145;FOXD2-AS1;lncRNA;Homo sapiens;TF;Homo sapiens;NCBI:84793;NCBI:6597;0.4299;CLIP;ChIP-seq;;1276;ENSG00000237424;-1.8714959216105;0.3642643731734;-7.73367357319933;2.9184334875863704e-09;4.32318650784361e-08;11.0015376011454
11068;2819074;SMARCA4;P51532;Transcription activator BRG1;Nucleus (ECO:0000255), Nucleus (ECO:0000269);Nucleoli fibrillar center (Supported), Nucleoli rim (Supported), Nucleoplasm (Supported);chromatin (annotations_grade_2), nucleoplasm (annotations_grade_3);DNA-acting enzymes, Chromatin remodelers, Histone PTM readers, Centromere-associated;Histone PTM readers;"Alabert et al., 2014; Alvarez et al., 2023; Ginno et al., 2018; Itzhak et al., 2016; Kustatscher et al., 2014; Shi et al., 2021; Ugur et al., 2023";26.2;"Helicase_C(Helicase conserved C-terminal domain,PF00271);Bromodomain(Bromodomain,PF00439);HSA(HSA domain,PF07529);BRK(BRK domain,PF07533);QLQ(QLQ,PF08880);SnAC(Snf2-ATP coupling, chromatin remodelling complex,PF14619);SNF2-rel_dom(SNF2-related domain,PF00176)";1647;"Embryonic stem cell-specific SWI/SNF ATP-dependent chromatin remodeling complex,CPX-1195,ECO:0005547(biological system reconstruction evidence based on inference from background scientific knowledge used in manual assertion);Polybromo-associated SWI/SNF ATP-dependent chromatin remodeling complex, ACTL6B variant,CPX-1196,ECO:0005547(biological system reconstruction evidence based on inference from background scientific knowledge used in manual assertion);Polybromo-associated SWI/SNF ATP-dependent chromatin remodeling complex, ACTL6A variant,CPX-1199,ECO:0005547(biological system reconstruction evidence based on inference from background scientific knowledge used in manual assertion);SWI/SNF ATP-dependent chromatin remodeling complex, ACTL6A-ARID1A-SMARCA4 variant,CPX-1204,ECO:0005547(biological system reconstruction evidence based on inference from background scientific knowledge used in manual assertion);SWI/SNF ATP-dependent chromatin remodeling complex, ACTL6A-ARID1B-SMARCA4 variant,CPX-1206,ECO:0005547(biological system reconstruction evidence based on inference from background scientific knowledge used in manual assertion);SWI/SNF ATP-dependent chromatin remodeling complex, ACTL6B-ARID1A-SMARCA4 variant,CPX-1209,ECO:0005547(biological system reconstruction evidence based on inference from background scientific knowledge used in manual assertion);SWI/SNF ATP-dependent chromatin remodeling complex, ACTL6B-ARID1B-SMARCA4 variant,CPX-1211,ECO:0005547(biological system reconstruction evidence based on inference from background scientific knowledge used in manual assertion);Neural progenitor-specific SWI/SNF ATP-dependent chromatin remodeling complex, ARID1A-SMARCA4 variant,CPX-1212,ECO:0005547(biological system reconstruction evidence based on inference from background scientific knowledge used in manual assertion);Neural progenitor-specific SWI/SNF ATP-dependent chromatin remodeling complex, ARID1B-SMARCA4 variant,CPX-1215,ECO:0005547(biological system reconstruction evidence based on inference from background scientific knowledge used in manual assertion);Neuron-specific SWI/SNF ATP-dependent chromatin remodeling complex, ARID1A-SMARCA4 variant,CPX-1216,ECO:0005547(biological system reconstruction evidence based on inference from background scientific knowledge used in manual assertion);Neuron-specific SWI/SNF ATP-dependent chromatin remodeling complex, ARID1B-SMARCA4 variant,CPX-1218,ECO:0005547(biological system reconstruction evidence based on inference from background scientific knowledge used in manual assertion);Brain-specific SWI/SNF ATP-dependent chromatin remodeling complex, ARID1A-SMARCA4 variant,CPX-1219,ECO:0005547(biological system reconstruction evidence based on inference from background scientific knowledge used in manual assertion);Brain-specific SWI/SNF ATP-dependent chromatin remodeling complex, ARID1B-SMARCA4 variant,CPX-1221,ECO:0005547(biological system reconstruction evidence based on inference from background scientific knowledge used in manual assertion);Muscle cell-specific SWI/SNF ATP-dependent chromatin remodeling complex, ACTL6A-ARID1A-SMARCA4 variant,CPX-1222,ECO:0005547(biological system reconstruction evidence based on inference from background scientific knowledge used in manual assertion);Muscle cell-specific SWI/SNF ATP-dependent chromatin remodeling complex, ACTL6A-ARID1B-SMARCA4 variant,CPX-1224,ECO:0005547(biological system reconstruction evidence based on inference from background scientific knowledge used in manual assertion);Muscle cell-specific SWI/SNF ATP-dependent chromatin remodeling complex, ACTL6B-ARID1A-SMARCA4 variant,CPX-1226,ECO:0005547(biological system reconstruction evidence based on inference from background scientific knowledge used in manual assertion);Muscle cell-specific SWI/SNF ATP-dependent chromatin remodeling complex, ACTL6B-ARID1B-SMARCA4 variant,CPX-1228,ECO:0005547(biological system reconstruction evidence based on inference from background scientific knowledge used in manual assertion);GBAF (SWI/SNF) ATP-dependent chromatin remodeling complex, ACTL6A-BICRA-SMARCA4 variant,CPX-4206,ECO:0005547(biological system reconstruction evidence based on inference from background scientific knowledge used in manual assertion);GBAF (SWI/SNF) ATP-dependent chromatin remodeling complex, ACTL6A-BICRAL-SMARCA4 variant,CPX-4207,ECO:0005547(biological system reconstruction evidence based on inference from background scientific knowledge used in manual assertion);GBAF (SWI/SNF) ATP-dependent chromatin remodeling complex, ACTL6B-BICRA-SMARCA4 variant,CPX-4225,ECO:0005547(biological system reconstruction evidence based on inference from background scientific knowledge used in manual assertion);GBAF (SWI/SNF) ATP-dependent chromatin remodeling complex, ACTL6B-BICRAL-SMARCA4 variant,CPX-4226,ECO:0005547(biological system reconstruction evidence based on inference from background scientific knowledge used in manual assertion)";RP01832321;IQCH-AS1;lncRNA;Homo sapiens;TF;Homo sapiens;NCBI:100506686;NCBI:6597;0.4911;CLIP;ChIP-seq;;2357;ENSG00000259673;-2.36524264156248;-0.0326418860202442;-8.03552475053475;1.1805743112048e-09;2.01897403546284e-08;11.9017115063395
11323;2821730;SMARCA4;P51532;Transcription activator BRG1;Nucleus (ECO:0000255), Nucleus (ECO:0000269);Nucleoli fibrillar center (Supported), Nucleoli rim (Supported), Nucleoplasm (Supported);chromatin (annotations_grade_2), nucleoplasm (annotations_grade_3);DNA-acting enzymes, Chromatin remodelers, Histone PTM readers, Centromere-associated;Histone PTM readers;"Alabert et al., 2014; Alvarez et al., 2023; Ginno et al., 2018; Itzhak et al., 2016; Kustatscher et al., 2014; Shi et al., 2021; Ugur et al., 2023";26.2;"Helicase_C(Helicase conserved C-terminal domain,PF00271);Bromodomain(Bromodomain,PF00439);HSA(HSA domain,PF07529);BRK(BRK domain,PF07533);QLQ(QLQ,PF08880);SnAC(Snf2-ATP coupling, chromatin remodelling complex,PF14619);SNF2-rel_dom(SNF2-related domain,PF00176)";1647;"Embryonic stem cell-specific SWI/SNF ATP-dependent chromatin remodeling complex,CPX-1195,ECO:0005547(biological system reconstruction evidence based on inference from background scientific knowledge used in manual assertion);Polybromo-associated SWI/SNF ATP-dependent chromatin remodeling complex, ACTL6B variant,CPX-1196,ECO:0005547(biological system reconstruction evidence based on inference from background scientific knowledge used in manual assertion);Polybromo-associated SWI/SNF ATP-dependent chromatin remodeling complex, ACTL6A variant,CPX-1199,ECO:0005547(biological system reconstruction evidence based on inference from background scientific knowledge used in manual assertion);SWI/SNF ATP-dependent chromatin remodeling complex, ACTL6A-ARID1A-SMARCA4 variant,CPX-1204,ECO:0005547(biological system reconstruction evidence based on inference from background scientific knowledge used in manual assertion);SWI/SNF ATP-dependent chromatin remodeling complex, ACTL6A-ARID1B-SMARCA4 variant,CPX-1206,ECO:0005547(biological system reconstruction evidence based on inference from background scientific knowledge used in manual assertion);SWI/SNF ATP-dependent chromatin remodeling complex, ACTL6B-ARID1A-SMARCA4 variant,CPX-1209,ECO:0005547(biological system reconstruction evidence based on inference from background scientific knowledge used in manual assertion);SWI/SNF ATP-dependent chromatin remodeling complex, ACTL6B-ARID1B-SMARCA4 variant,CPX-1211,ECO:0005547(biological system reconstruction evidence based on inference from background scientific knowledge used in manual assertion);Neural progenitor-specific SWI/SNF ATP-dependent chromatin remodeling complex, ARID1A-SMARCA4 variant,CPX-1212,ECO:0005547(biological system reconstruction evidence based on inference from background scientific knowledge used in manual assertion);Neural progenitor-specific SWI/SNF ATP-dependent chromatin remodeling complex, ARID1B-SMARCA4 variant,CPX-1215,ECO:0005547(biological system reconstruction evidence based on inference from background scientific knowledge used in manual assertion);Neuron-specific SWI/SNF ATP-dependent chromatin remodeling complex, ARID1A-SMARCA4 variant,CPX-1216,ECO:0005547(biological system reconstruction evidence based on inference from background scientific knowledge used in manual assertion);Neuron-specific SWI/SNF ATP-dependent chromatin remodeling complex, ARID1B-SMARCA4 variant,CPX-1218,ECO:0005547(biological system reconstruction evidence based on inference from background scientific knowledge used in manual assertion);Brain-specific SWI/SNF ATP-dependent chromatin remodeling complex, ARID1A-SMARCA4 variant,CPX-1219,ECO:0005547(biological system reconstruction evidence based on inference from background scientific knowledge used in manual assertion);Brain-specific SWI/SNF ATP-dependent chromatin remodeling complex, ARID1B-SMARCA4 variant,CPX-1221,ECO:0005547(biological system reconstruction evidence based on inference from background scientific knowledge used in manual assertion);Muscle cell-specific SWI/SNF ATP-dependent chromatin remodeling complex, ACTL6A-ARID1A-SMARCA4 variant,CPX-1222,ECO:0005547(biological system reconstruction evidence based on inference from background scientific knowledge used in manual assertion);Muscle cell-specific SWI/SNF ATP-dependent chromatin remodeling complex, ACTL6A-ARID1B-SMARCA4 variant,CPX-1224,ECO:0005547(biological system reconstruction evidence based on inference from background scientific knowledge used in manual assertion);Muscle cell-specific SWI/SNF ATP-dependent chromatin remodeling complex, ACTL6B-ARID1A-SMARCA4 variant,CPX-1226,ECO:0005547(biological system reconstruction evidence based on inference from background scientific knowledge used in manual assertion);Muscle cell-specific SWI/SNF ATP-dependent chromatin remodeling complex, ACTL6B-ARID1B-SMARCA4 variant,CPX-1228,ECO:0005547(biological system reconstruction evidence based on inference from background scientific knowledge used in manual assertion);GBAF (SWI/SNF) ATP-dependent chromatin remodeling complex, ACTL6A-BICRA-SMARCA4 variant,CPX-4206,ECO:0005547(biological system reconstruction evidence based on inference from background scientific knowledge used in manual assertion);GBAF (SWI/SNF) ATP-dependent chromatin remodeling complex, ACTL6A-BICRAL-SMARCA4 variant,CPX-4207,ECO:0005547(biological system reconstruction evidence based on inference from background scientific knowledge used in manual assertion);GBAF (SWI/SNF) ATP-dependent chromatin remodeling complex, ACTL6B-BICRA-SMARCA4 variant,CPX-4225,ECO:0005547(biological system reconstruction evidence based on inference from background scientific knowledge used in manual assertion);GBAF (SWI/SNF) ATP-dependent chromatin remodeling complex, ACTL6B-BICRAL-SMARCA4 variant,CPX-4226,ECO:0005547(biological system reconstruction evidence based on inference from background scientific knowledge used in manual assertion)";RP00323796;SNHG3;lncRNA;Homo sapiens;TF;Homo sapiens;NCBI:8420;NCBI:6597;0.4575;CLIP;ChIP-seq;;1404;ENSG00000242125;-1.66215020983997;3.80442253035105;-6.53607722997152;1.14898325278424e-07;1.11634469849037e-06;7.35322044661673
11329;2821715;SMARCA4;P51532;Transcription activator BRG1;Nucleus (ECO:0000255), Nucleus (ECO:0000269);Nucleoli fibrillar center (Supported), Nucleoli rim (Supported), Nucleoplasm (Supported);chromatin (annotations_grade_2), nucleoplasm (annotations_grade_3);DNA-acting enzymes, Chromatin remodelers, Histone PTM readers, Centromere-associated;Histone PTM readers;"Alabert et al., 2014; Alvarez et al., 2023; Ginno et al., 2018; Itzhak et al., 2016; Kustatscher et al., 2014; Shi et al., 2021; Ugur et al., 2023";26.2;"Helicase_C(Helicase conserved C-terminal domain,PF00271);Bromodomain(Bromodomain,PF00439);HSA(HSA domain,PF07529);BRK(BRK domain,PF07533);QLQ(QLQ,PF08880);SnAC(Snf2-ATP coupling, chromatin remodelling complex,PF14619);SNF2-rel_dom(SNF2-related domain,PF00176)";1647;"Embryonic stem cell-specific SWI/SNF ATP-dependent chromatin remodeling complex,CPX-1195,ECO:0005547(biological system reconstruction evidence based on inference from background scientific knowledge used in manual assertion);Polybromo-associated SWI/SNF ATP-dependent chromatin remodeling complex, ACTL6B variant,CPX-1196,ECO:0005547(biological system reconstruction evidence based on inference from background scientific knowledge used in manual assertion);Polybromo-associated SWI/SNF ATP-dependent chromatin remodeling complex, ACTL6A variant,CPX-1199,ECO:0005547(biological system reconstruction evidence based on inference from background scientific knowledge used in manual assertion);SWI/SNF ATP-dependent chromatin remodeling complex, ACTL6A-ARID1A-SMARCA4 variant,CPX-1204,ECO:0005547(biological system reconstruction evidence based on inference from background scientific knowledge used in manual assertion);SWI/SNF ATP-dependent chromatin remodeling complex, ACTL6A-ARID1B-SMARCA4 variant,CPX-1206,ECO:0005547(biological system reconstruction evidence based on inference from background scientific knowledge used in manual assertion);SWI/SNF ATP-dependent chromatin remodeling complex, ACTL6B-ARID1A-SMARCA4 variant,CPX-1209,ECO:0005547(biological system reconstruction evidence based on inference from background scientific knowledge used in manual assertion);SWI/SNF ATP-dependent chromatin remodeling complex, ACTL6B-ARID1B-SMARCA4 variant,CPX-1211,ECO:0005547(biological system reconstruction evidence based on inference from background scientific knowledge used in manual assertion);Neural progenitor-specific SWI/SNF ATP-dependent chromatin remodeling complex, ARID1A-SMARCA4 variant,CPX-1212,ECO:0005547(biological system reconstruction evidence based on inference from background scientific knowledge used in manual assertion);Neural progenitor-specific SWI/SNF ATP-dependent chromatin remodeling complex, ARID1B-SMARCA4 variant,CPX-1215,ECO:0005547(biological system reconstruction evidence based on inference from background scientific knowledge used in manual assertion);Neuron-specific SWI/SNF ATP-dependent chromatin remodeling complex, ARID1A-SMARCA4 variant,CPX-1216,ECO:0005547(biological system reconstruction evidence based on inference from background scientific knowledge used in manual assertion);Neuron-specific SWI/SNF ATP-dependent chromatin remodeling complex, ARID1B-SMARCA4 variant,CPX-1218,ECO:0005547(biological system reconstruction evidence based on inference from background scientific knowledge used in manual assertion);Brain-specific SWI/SNF ATP-dependent chromatin remodeling complex, ARID1A-SMARCA4 variant,CPX-1219,ECO:0005547(biological system reconstruction evidence based on inference from background scientific knowledge used in manual assertion);Brain-specific SWI/SNF ATP-dependent chromatin remodeling complex, ARID1B-SMARCA4 variant,CPX-1221,ECO:0005547(biological system reconstruction evidence based on inference from background scientific knowledge used in manual assertion);Muscle cell-specific SWI/SNF ATP-dependent chromatin remodeling complex, ACTL6A-ARID1A-SMARCA4 variant,CPX-1222,ECO:0005547(biological system reconstruction evidence based on inference from background scientific knowledge used in manual assertion);Muscle cell-specific SWI/SNF ATP-dependent chromatin remodeling complex, ACTL6A-ARID1B-SMARCA4 variant,CPX-1224,ECO:0005547(biological system reconstruction evidence based on inference from background scientific knowledge used in manual assertion);Muscle cell-specific SWI/SNF ATP-dependent chromatin remodeling complex, ACTL6B-ARID1A-SMARCA4 variant,CPX-1226,ECO:0005547(biological system reconstruction evidence based on inference from background scientific knowledge used in manual assertion);Muscle cell-specific SWI/SNF ATP-dependent chromatin remodeling complex, ACTL6B-ARID1B-SMARCA4 variant,CPX-1228,ECO:0005547(biological system reconstruction evidence based on inference from background scientific knowledge used in manual assertion);GBAF (SWI/SNF) ATP-dependent chromatin remodeling complex, ACTL6A-BICRA-SMARCA4 variant,CPX-4206,ECO:0005547(biological system reconstruction evidence based on inference from background scientific knowledge used in manual assertion);GBAF (SWI/SNF) ATP-dependent chromatin remodeling complex, ACTL6A-BICRAL-SMARCA4 variant,CPX-4207,ECO:0005547(biological system reconstruction evidence based on inference from background scientific knowledge used in manual assertion);GBAF (SWI/SNF) ATP-dependent chromatin remodeling complex, ACTL6B-BICRA-SMARCA4 variant,CPX-4225,ECO:0005547(biological system reconstruction evidence based on inference from background scientific knowledge used in manual assertion);GBAF (SWI/SNF) ATP-dependent chromatin remodeling complex, ACTL6B-BICRAL-SMARCA4 variant,CPX-4226,ECO:0005547(biological system reconstruction evidence based on inference from background scientific knowledge used in manual assertion)";RP01832004;SNHG1;lncRNA;Homo sapiens;TF;Homo sapiens;NCBI:23642;NCBI:6597;0.5023;CLIP;ChIP-seq;catRAPID;2023;ENSG00000255717;-3.1343954975797;3.5255615293517;-12.1724795306288;1.50067688859263e-14;2.52533906812367e-12;23.0956312855758
11331;2821772;SMARCA4;P51532;Transcription activator BRG1;Nucleus (ECO:0000255), Nucleus (ECO:0000269);Nucleoli fibrillar center (Supported), Nucleoli rim (Supported), Nucleoplasm (Supported);chromatin (annotations_grade_2), nucleoplasm (annotations_grade_3);DNA-acting enzymes, Chromatin remodelers, Histone PTM readers, Centromere-associated;Histone PTM readers;"Alabert et al., 2014; Alvarez et al., 2023; Ginno et al., 2018; Itzhak et al., 2016; Kustatscher et al., 2014; Shi et al., 2021; Ugur et al., 2023";26.2;"Helicase_C(Helicase conserved C-terminal domain,PF00271);Bromodomain(Bromodomain,PF00439);HSA(HSA domain,PF07529);BRK(BRK domain,PF07533);QLQ(QLQ,PF08880);SnAC(Snf2-ATP coupling, chromatin remodelling complex,PF14619);SNF2-rel_dom(SNF2-related domain,PF00176)";1647;"Embryonic stem cell-specific SWI/SNF ATP-dependent chromatin remodeling complex,CPX-1195,ECO:0005547(biological system reconstruction evidence based on inference from background scientific knowledge used in manual assertion);Polybromo-associated SWI/SNF ATP-dependent chromatin remodeling complex, ACTL6B variant,CPX-1196,ECO:0005547(biological system reconstruction evidence based on inference from background scientific knowledge used in manual assertion);Polybromo-associated SWI/SNF ATP-dependent chromatin remodeling complex, ACTL6A variant,CPX-1199,ECO:0005547(biological system reconstruction evidence based on inference from background scientific knowledge used in manual assertion);SWI/SNF ATP-dependent chromatin remodeling complex, ACTL6A-ARID1A-SMARCA4 variant,CPX-1204,ECO:0005547(biological system reconstruction evidence based on inference from background scientific knowledge used in manual assertion);SWI/SNF ATP-dependent chromatin remodeling complex, ACTL6A-ARID1B-SMARCA4 variant,CPX-1206,ECO:0005547(biological system reconstruction evidence based on inference from background scientific knowledge used in manual assertion);SWI/SNF ATP-dependent chromatin remodeling complex, ACTL6B-ARID1A-SMARCA4 variant,CPX-1209,ECO:0005547(biological system reconstruction evidence based on inference from background scientific knowledge used in manual assertion);SWI/SNF ATP-dependent chromatin remodeling complex, ACTL6B-ARID1B-SMARCA4 variant,CPX-1211,ECO:0005547(biological system reconstruction evidence based on inference from background scientific knowledge used in manual assertion);Neural progenitor-specific SWI/SNF ATP-dependent chromatin remodeling complex, ARID1A-SMARCA4 variant,CPX-1212,ECO:0005547(biological system reconstruction evidence based on inference from background scientific knowledge used in manual assertion);Neural progenitor-specific SWI/SNF ATP-dependent chromatin remodeling complex, ARID1B-SMARCA4 variant,CPX-1215,ECO:0005547(biological system reconstruction evidence based on inference from background scientific knowledge used in manual assertion);Neuron-specific SWI/SNF ATP-dependent chromatin remodeling complex, ARID1A-SMARCA4 variant,CPX-1216,ECO:0005547(biological system reconstruction evidence based on inference from background scientific knowledge used in manual assertion);Neuron-specific SWI/SNF ATP-dependent chromatin remodeling complex, ARID1B-SMARCA4 variant,CPX-1218,ECO:0005547(biological system reconstruction evidence based on inference from background scientific knowledge used in manual assertion);Brain-specific SWI/SNF ATP-dependent chromatin remodeling complex, ARID1A-SMARCA4 variant,CPX-1219,ECO:0005547(biological system reconstruction evidence based on inference from background scientific knowledge used in manual assertion);Brain-specific SWI/SNF ATP-dependent chromatin remodeling complex, ARID1B-SMARCA4 variant,CPX-1221,ECO:0005547(biological system reconstruction evidence based on inference from background scientific knowledge used in manual assertion);Muscle cell-specific SWI/SNF ATP-dependent chromatin remodeling complex, ACTL6A-ARID1A-SMARCA4 variant,CPX-1222,ECO:0005547(biological system reconstruction evidence based on inference from background scientific knowledge used in manual assertion);Muscle cell-specific SWI/SNF ATP-dependent chromatin remodeling complex, ACTL6A-ARID1B-SMARCA4 variant,CPX-1224,ECO:0005547(biological system reconstruction evidence based on inference from background scientific knowledge used in manual assertion);Muscle cell-specific SWI/SNF ATP-dependent chromatin remodeling complex, ACTL6B-ARID1A-SMARCA4 variant,CPX-1226,ECO:0005547(biological system reconstruction evidence based on inference from background scientific knowledge used in manual assertion);Muscle cell-specific SWI/SNF ATP-dependent chromatin remodeling complex, ACTL6B-ARID1B-SMARCA4 variant,CPX-1228,ECO:0005547(biological system reconstruction evidence based on inference from background scientific knowledge used in manual assertion);GBAF (SWI/SNF) ATP-dependent chromatin remodeling complex, ACTL6A-BICRA-SMARCA4 variant,CPX-4206,ECO:0005547(biological system reconstruction evidence based on inference from background scientific knowledge used in manual assertion);GBAF (SWI/SNF) ATP-dependent chromatin remodeling complex, ACTL6A-BICRAL-SMARCA4 variant,CPX-4207,ECO:0005547(biological system reconstruction evidence based on inference from background scientific knowledge used in manual assertion);GBAF (SWI/SNF) ATP-dependent chromatin remodeling complex, ACTL6B-BICRA-SMARCA4 variant,CPX-4225,ECO:0005547(biological system reconstruction evidence based on inference from background scientific knowledge used in manual assertion);GBAF (SWI/SNF) ATP-dependent chromatin remodeling complex, ACTL6B-BICRAL-SMARCA4 variant,CPX-4226,ECO:0005547(biological system reconstruction evidence based on inference from background scientific knowledge used in manual assertion)";RP01831594;SRP14-AS1;lncRNA;Homo sapiens;TF;Homo sapiens;NCBI:100131089;NCBI:6597;0.4697;CLIP;ChIP-seq;;1556;ENSG00000248508;-2.19894713477944;0.563780192006873;-7.86439606590049;1.9697654311136e-09;3.13894059420262e-08;11.3925225023124
11332;2821737;SMARCA4;P51532;Transcription activator BRG1;Nucleus (ECO:0000255), Nucleus (ECO:0000269);Nucleoli fibrillar center (Supported), Nucleoli rim (Supported), Nucleoplasm (Supported);chromatin (annotations_grade_2), nucleoplasm (annotations_grade_3);DNA-acting enzymes, Chromatin remodelers, Histone PTM readers, Centromere-associated;Histone PTM readers;"Alabert et al., 2014; Alvarez et al., 2023; Ginno et al., 2018; Itzhak et al., 2016; Kustatscher et al., 2014; Shi et al., 2021; Ugur et al., 2023";26.2;"Helicase_C(Helicase conserved C-terminal domain,PF00271);Bromodomain(Bromodomain,PF00439);HSA(HSA domain,PF07529);BRK(BRK domain,PF07533);QLQ(QLQ,PF08880);SnAC(Snf2-ATP coupling, chromatin remodelling complex,PF14619);SNF2-rel_dom(SNF2-related domain,PF00176)";1647;"Embryonic stem cell-specific SWI/SNF ATP-dependent chromatin remodeling complex,CPX-1195,ECO:0005547(biological system reconstruction evidence based on inference from background scientific knowledge used in manual assertion);Polybromo-associated SWI/SNF ATP-dependent chromatin remodeling complex, ACTL6B variant,CPX-1196,ECO:0005547(biological system reconstruction evidence based on inference from background scientific knowledge used in manual assertion);Polybromo-associated SWI/SNF ATP-dependent chromatin remodeling complex, ACTL6A variant,CPX-1199,ECO:0005547(biological system reconstruction evidence based on inference from background scientific knowledge used in manual assertion);SWI/SNF ATP-dependent chromatin remodeling complex, ACTL6A-ARID1A-SMARCA4 variant,CPX-1204,ECO:0005547(biological system reconstruction evidence based on inference from background scientific knowledge used in manual assertion);SWI/SNF ATP-dependent chromatin remodeling complex, ACTL6A-ARID1B-SMARCA4 variant,CPX-1206,ECO:0005547(biological system reconstruction evidence based on inference from background scientific knowledge used in manual assertion);SWI/SNF ATP-dependent chromatin remodeling complex, ACTL6B-ARID1A-SMARCA4 variant,CPX-1209,ECO:0005547(biological system reconstruction evidence based on inference from background scientific knowledge used in manual assertion);SWI/SNF ATP-dependent chromatin remodeling complex, ACTL6B-ARID1B-SMARCA4 variant,CPX-1211,ECO:0005547(biological system reconstruction evidence based on inference from background scientific knowledge used in manual assertion);Neural progenitor-specific SWI/SNF ATP-dependent chromatin remodeling complex, ARID1A-SMARCA4 variant,CPX-1212,ECO:0005547(biological system reconstruction evidence based on inference from background scientific knowledge used in manual assertion);Neural progenitor-specific SWI/SNF ATP-dependent chromatin remodeling complex, ARID1B-SMARCA4 variant,CPX-1215,ECO:0005547(biological system reconstruction evidence based on inference from background scientific knowledge used in manual assertion);Neuron-specific SWI/SNF ATP-dependent chromatin remodeling complex, ARID1A-SMARCA4 variant,CPX-1216,ECO:0005547(biological system reconstruction evidence based on inference from background scientific knowledge used in manual assertion);Neuron-specific SWI/SNF ATP-dependent chromatin remodeling complex, ARID1B-SMARCA4 variant,CPX-1218,ECO:0005547(biological system reconstruction evidence based on inference from background scientific knowledge used in manual assertion);Brain-specific SWI/SNF ATP-dependent chromatin remodeling complex, ARID1A-SMARCA4 variant,CPX-1219,ECO:0005547(biological system reconstruction evidence based on inference from background scientific knowledge used in manual assertion);Brain-specific SWI/SNF ATP-dependent chromatin remodeling complex, ARID1B-SMARCA4 variant,CPX-1221,ECO:0005547(biological system reconstruction evidence based on inference from background scientific knowledge used in manual assertion);Muscle cell-specific SWI/SNF ATP-dependent chromatin remodeling complex, ACTL6A-ARID1A-SMARCA4 variant,CPX-1222,ECO:0005547(biological system reconstruction evidence based on inference from background scientific knowledge used in manual assertion);Muscle cell-specific SWI/SNF ATP-dependent chromatin remodeling complex, ACTL6A-ARID1B-SMARCA4 variant,CPX-1224,ECO:0005547(biological system reconstruction evidence based on inference from background scientific knowledge used in manual assertion);Muscle cell-specific SWI/SNF ATP-dependent chromatin remodeling complex, ACTL6B-ARID1A-SMARCA4 variant,CPX-1226,ECO:0005547(biological system reconstruction evidence based on inference from background scientific knowledge used in manual assertion);Muscle cell-specific SWI/SNF ATP-dependent chromatin remodeling complex, ACTL6B-ARID1B-SMARCA4 variant,CPX-1228,ECO:0005547(biological system reconstruction evidence based on inference from background scientific knowledge used in manual assertion);GBAF (SWI/SNF) ATP-dependent chromatin remodeling complex, ACTL6A-BICRA-SMARCA4 variant,CPX-4206,ECO:0005547(biological system reconstruction evidence based on inference from background scientific knowledge used in manual assertion);GBAF (SWI/SNF) ATP-dependent chromatin remodeling complex, ACTL6A-BICRAL-SMARCA4 variant,CPX-4207,ECO:0005547(biological system reconstruction evidence based on inference from background scientific knowledge used in manual assertion);GBAF (SWI/SNF) ATP-dependent chromatin remodeling complex, ACTL6B-BICRA-SMARCA4 variant,CPX-4225,ECO:0005547(biological system reconstruction evidence based on inference from background scientific knowledge used in manual assertion);GBAF (SWI/SNF) ATP-dependent chromatin remodeling complex, ACTL6B-BICRAL-SMARCA4 variant,CPX-4226,ECO:0005547(biological system reconstruction evidence based on inference from background scientific knowledge used in manual assertion)";RP01859816;SNHG8;lncRNA;Homo sapiens;TF;Homo sapiens;NCBI:100093630;NCBI:6597;0.4702;CLIP;;catRAPID;3070;ENSG00000269893;-2.44848407009223;2.11062542825147;-6.44138973928252;1.54274347761572e-07;1.46178419151562e-06;7.06107593248584
11344;2822082;SMARCA4;P51532;Transcription activator BRG1;Nucleus (ECO:0000255), Nucleus (ECO:0000269);Nucleoli fibrillar center (Supported), Nucleoli rim (Supported), Nucleoplasm (Supported);chromatin (annotations_grade_2), nucleoplasm (annotations_grade_3);DNA-acting enzymes, Chromatin remodelers, Histone PTM readers, Centromere-associated;Histone PTM readers;"Alabert et al., 2014; Alvarez et al., 2023; Ginno et al., 2018; Itzhak et al., 2016; Kustatscher et al., 2014; Shi et al., 2021; Ugur et al., 2023";26.2;"Helicase_C(Helicase conserved C-terminal domain,PF00271);Bromodomain(Bromodomain,PF00439);HSA(HSA domain,PF07529);BRK(BRK domain,PF07533);QLQ(QLQ,PF08880);SnAC(Snf2-ATP coupling, chromatin remodelling complex,PF14619);SNF2-rel_dom(SNF2-related domain,PF00176)";1647;"Embryonic stem cell-specific SWI/SNF ATP-dependent chromatin remodeling complex,CPX-1195,ECO:0005547(biological system reconstruction evidence based on inference from background scientific knowledge used in manual assertion);Polybromo-associated SWI/SNF ATP-dependent chromatin remodeling complex, ACTL6B variant,CPX-1196,ECO:0005547(biological system reconstruction evidence based on inference from background scientific knowledge used in manual assertion);Polybromo-associated SWI/SNF ATP-dependent chromatin remodeling complex, ACTL6A variant,CPX-1199,ECO:0005547(biological system reconstruction evidence based on inference from background scientific knowledge used in manual assertion);SWI/SNF ATP-dependent chromatin remodeling complex, ACTL6A-ARID1A-SMARCA4 variant,CPX-1204,ECO:0005547(biological system reconstruction evidence based on inference from background scientific knowledge used in manual assertion);SWI/SNF ATP-dependent chromatin remodeling complex, ACTL6A-ARID1B-SMARCA4 variant,CPX-1206,ECO:0005547(biological system reconstruction evidence based on inference from background scientific knowledge used in manual assertion);SWI/SNF ATP-dependent chromatin remodeling complex, ACTL6B-ARID1A-SMARCA4 variant,CPX-1209,ECO:0005547(biological system reconstruction evidence based on inference from background scientific knowledge used in manual assertion);SWI/SNF ATP-dependent chromatin remodeling complex, ACTL6B-ARID1B-SMARCA4 variant,CPX-1211,ECO:0005547(biological system reconstruction evidence based on inference from background scientific knowledge used in manual assertion);Neural progenitor-specific SWI/SNF ATP-dependent chromatin remodeling complex, ARID1A-SMARCA4 variant,CPX-1212,ECO:0005547(biological system reconstruction evidence based on inference from background scientific knowledge used in manual assertion);Neural progenitor-specific SWI/SNF ATP-dependent chromatin remodeling complex, ARID1B-SMARCA4 variant,CPX-1215,ECO:0005547(biological system reconstruction evidence based on inference from background scientific knowledge used in manual assertion);Neuron-specific SWI/SNF ATP-dependent chromatin remodeling complex, ARID1A-SMARCA4 variant,CPX-1216,ECO:0005547(biological system reconstruction evidence based on inference from background scientific knowledge used in manual assertion);Neuron-specific SWI/SNF ATP-dependent chromatin remodeling complex, ARID1B-SMARCA4 variant,CPX-1218,ECO:0005547(biological system reconstruction evidence based on inference from background scientific knowledge used in manual assertion);Brain-specific SWI/SNF ATP-dependent chromatin remodeling complex, ARID1A-SMARCA4 variant,CPX-1219,ECO:0005547(biological system reconstruction evidence based on inference from background scientific knowledge used in manual assertion);Brain-specific SWI/SNF ATP-dependent chromatin remodeling complex, ARID1B-SMARCA4 variant,CPX-1221,ECO:0005547(biological system reconstruction evidence based on inference from background scientific knowledge used in manual assertion);Muscle cell-specific SWI/SNF ATP-dependent chromatin remodeling complex, ACTL6A-ARID1A-SMARCA4 variant,CPX-1222,ECO:0005547(biological system reconstruction evidence based on inference from background scientific knowledge used in manual assertion);Muscle cell-specific SWI/SNF ATP-dependent chromatin remodeling complex, ACTL6A-ARID1B-SMARCA4 variant,CPX-1224,ECO:0005547(biological system reconstruction evidence based on inference from background scientific knowledge used in manual assertion);Muscle cell-specific SWI/SNF ATP-dependent chromatin remodeling complex, ACTL6B-ARID1A-SMARCA4 variant,CPX-1226,ECO:0005547(biological system reconstruction evidence based on inference from background scientific knowledge used in manual assertion);Muscle cell-specific SWI/SNF ATP-dependent chromatin remodeling complex, ACTL6B-ARID1B-SMARCA4 variant,CPX-1228,ECO:0005547(biological system reconstruction evidence based on inference from background scientific knowledge used in manual assertion);GBAF (SWI/SNF) ATP-dependent chromatin remodeling complex, ACTL6A-BICRA-SMARCA4 variant,CPX-4206,ECO:0005547(biological system reconstruction evidence based on inference from background scientific knowledge used in manual assertion);GBAF (SWI/SNF) ATP-dependent chromatin remodeling complex, ACTL6A-BICRAL-SMARCA4 variant,CPX-4207,ECO:0005547(biological system reconstruction evidence based on inference from background scientific knowledge used in manual assertion);GBAF (SWI/SNF) ATP-dependent chromatin remodeling complex, ACTL6B-BICRA-SMARCA4 variant,CPX-4225,ECO:0005547(biological system reconstruction evidence based on inference from background scientific knowledge used in manual assertion);GBAF (SWI/SNF) ATP-dependent chromatin remodeling complex, ACTL6B-BICRAL-SMARCA4 variant,CPX-4226,ECO:0005547(biological system reconstruction evidence based on inference from background scientific knowledge used in manual assertion)";RP01858130;ZNF295-AS1;lncRNA;Homo sapiens;TF;Homo sapiens;NCBI:150142;NCBI:6597;0.4474;CLIP;;catRAPID;1259;ENSG00000237232;-1.78655232255332;-2.42160609243871;-4.60970343409967;4.61965732210537e-05;0.0002426329382533;1.44412931303246
11345;2821975;SMARCA4;P51532;Transcription activator BRG1;Nucleus (ECO:0000255), Nucleus (ECO:0000269);Nucleoli fibrillar center (Supported), Nucleoli rim (Supported), Nucleoplasm (Supported);chromatin (annotations_grade_2), nucleoplasm (annotations_grade_3);DNA-acting enzymes, Chromatin remodelers, Histone PTM readers, Centromere-associated;Histone PTM readers;"Alabert et al., 2014; Alvarez et al., 2023; Ginno et al., 2018; Itzhak et al., 2016; Kustatscher et al., 2014; Shi et al., 2021; Ugur et al., 2023";26.2;"Helicase_C(Helicase conserved C-terminal domain,PF00271);Bromodomain(Bromodomain,PF00439);HSA(HSA domain,PF07529);BRK(BRK domain,PF07533);QLQ(QLQ,PF08880);SnAC(Snf2-ATP coupling, chromatin remodelling complex,PF14619);SNF2-rel_dom(SNF2-related domain,PF00176)";1647;"Embryonic stem cell-specific SWI/SNF ATP-dependent chromatin remodeling complex,CPX-1195,ECO:0005547(biological system reconstruction evidence based on inference from background scientific knowledge used in manual assertion);Polybromo-associated SWI/SNF ATP-dependent chromatin remodeling complex, ACTL6B variant,CPX-1196,ECO:0005547(biological system reconstruction evidence based on inference from background scientific knowledge used in manual assertion);Polybromo-associated SWI/SNF ATP-dependent chromatin remodeling complex, ACTL6A variant,CPX-1199,ECO:0005547(biological system reconstruction evidence based on inference from background scientific knowledge used in manual assertion);SWI/SNF ATP-dependent chromatin remodeling complex, ACTL6A-ARID1A-SMARCA4 variant,CPX-1204,ECO:0005547(biological system reconstruction evidence based on inference from background scientific knowledge used in manual assertion);SWI/SNF ATP-dependent chromatin remodeling complex, ACTL6A-ARID1B-SMARCA4 variant,CPX-1206,ECO:0005547(biological system reconstruction evidence based on inference from background scientific knowledge used in manual assertion);SWI/SNF ATP-dependent chromatin remodeling complex, ACTL6B-ARID1A-SMARCA4 variant,CPX-1209,ECO:0005547(biological system reconstruction evidence based on inference from background scientific knowledge used in manual assertion);SWI/SNF ATP-dependent chromatin remodeling complex, ACTL6B-ARID1B-SMARCA4 variant,CPX-1211,ECO:0005547(biological system reconstruction evidence based on inference from background scientific knowledge used in manual assertion);Neural progenitor-specific SWI/SNF ATP-dependent chromatin remodeling complex, ARID1A-SMARCA4 variant,CPX-1212,ECO:0005547(biological system reconstruction evidence based on inference from background scientific knowledge used in manual assertion);Neural progenitor-specific SWI/SNF ATP-dependent chromatin remodeling complex, ARID1B-SMARCA4 variant,CPX-1215,ECO:0005547(biological system reconstruction evidence based on inference from background scientific knowledge used in manual assertion);Neuron-specific SWI/SNF ATP-dependent chromatin remodeling complex, ARID1A-SMARCA4 variant,CPX-1216,ECO:0005547(biological system reconstruction evidence based on inference from background scientific knowledge used in manual assertion);Neuron-specific SWI/SNF ATP-dependent chromatin remodeling complex, ARID1B-SMARCA4 variant,CPX-1218,ECO:0005547(biological system reconstruction evidence based on inference from background scientific knowledge used in manual assertion);Brain-specific SWI/SNF ATP-dependent chromatin remodeling complex, ARID1A-SMARCA4 variant,CPX-1219,ECO:0005547(biological system reconstruction evidence based on inference from background scientific knowledge used in manual assertion);Brain-specific SWI/SNF ATP-dependent chromatin remodeling complex, ARID1B-SMARCA4 variant,CPX-1221,ECO:0005547(biological system reconstruction evidence based on inference from background scientific knowledge used in manual assertion);Muscle cell-specific SWI/SNF ATP-dependent chromatin remodeling complex, ACTL6A-ARID1A-SMARCA4 variant,CPX-1222,ECO:0005547(biological system reconstruction evidence based on inference from background scientific knowledge used in manual assertion);Muscle cell-specific SWI/SNF ATP-dependent chromatin remodeling complex, ACTL6A-ARID1B-SMARCA4 variant,CPX-1224,ECO:0005547(biological system reconstruction evidence based on inference from background scientific knowledge used in manual assertion);Muscle cell-specific SWI/SNF ATP-dependent chromatin remodeling complex, ACTL6B-ARID1A-SMARCA4 variant,CPX-1226,ECO:0005547(biological system reconstruction evidence based on inference from background scientific knowledge used in manual assertion);Muscle cell-specific SWI/SNF ATP-dependent chromatin remodeling complex, ACTL6B-ARID1B-SMARCA4 variant,CPX-1228,ECO:0005547(biological system reconstruction evidence based on inference from background scientific knowledge used in manual assertion);GBAF (SWI/SNF) ATP-dependent chromatin remodeling complex, ACTL6A-BICRA-SMARCA4 variant,CPX-4206,ECO:0005547(biological system reconstruction evidence based on inference from background scientific knowledge used in manual assertion);GBAF (SWI/SNF) ATP-dependent chromatin remodeling complex, ACTL6A-BICRAL-SMARCA4 variant,CPX-4207,ECO:0005547(biological system reconstruction evidence based on inference from background scientific knowledge used in manual assertion);GBAF (SWI/SNF) ATP-dependent chromatin remodeling complex, ACTL6B-BICRA-SMARCA4 variant,CPX-4225,ECO:0005547(biological system reconstruction evidence based on inference from background scientific knowledge used in manual assertion);GBAF (SWI/SNF) ATP-dependent chromatin remodeling complex, ACTL6B-BICRAL-SMARCA4 variant,CPX-4226,ECO:0005547(biological system reconstruction evidence based on inference from background scientific knowledge used in manual assertion)";RP01857139;WDFY3-AS2;lncRNA;Homo sapiens;TF;Homo sapiens;NCBI:404201;NCBI:6597;0.4299;CLIP;ChIP-seq;;60;ENSG00000180769;1.76681881282403;-0.989480559432154;4.4117767021852;8.43753639815283e-05;0.0004185933446583;0.857124461810423
11348;2821992;SMARCA4;P51532;Transcription activator BRG1;Nucleus (ECO:0000255), Nucleus (ECO:0000269);Nucleoli fibrillar center (Supported), Nucleoli rim (Supported), Nucleoplasm (Supported);chromatin (annotations_grade_2), nucleoplasm (annotations_grade_3);DNA-acting enzymes, Chromatin remodelers, Histone PTM readers, Centromere-associated;Histone PTM readers;"Alabert et al., 2014; Alvarez et al., 2023; Ginno et al., 2018; Itzhak et al., 2016; Kustatscher et al., 2014; Shi et al., 2021; Ugur et al., 2023";26.2;"Helicase_C(Helicase conserved C-terminal domain,PF00271);Bromodomain(Bromodomain,PF00439);HSA(HSA domain,PF07529);BRK(BRK domain,PF07533);QLQ(QLQ,PF08880);SnAC(Snf2-ATP coupling, chromatin remodelling complex,PF14619);SNF2-rel_dom(SNF2-related domain,PF00176)";1647;"Embryonic stem cell-specific SWI/SNF ATP-dependent chromatin remodeling complex,CPX-1195,ECO:0005547(biological system reconstruction evidence based on inference from background scientific knowledge used in manual assertion);Polybromo-associated SWI/SNF ATP-dependent chromatin remodeling complex, ACTL6B variant,CPX-1196,ECO:0005547(biological system reconstruction evidence based on inference from background scientific knowledge used in manual assertion);Polybromo-associated SWI/SNF ATP-dependent chromatin remodeling complex, ACTL6A variant,CPX-1199,ECO:0005547(biological system reconstruction evidence based on inference from background scientific knowledge used in manual assertion);SWI/SNF ATP-dependent chromatin remodeling complex, ACTL6A-ARID1A-SMARCA4 variant,CPX-1204,ECO:0005547(biological system reconstruction evidence based on inference from background scientific knowledge used in manual assertion);SWI/SNF ATP-dependent chromatin remodeling complex, ACTL6A-ARID1B-SMARCA4 variant,CPX-1206,ECO:0005547(biological system reconstruction evidence based on inference from background scientific knowledge used in manual assertion);SWI/SNF ATP-dependent chromatin remodeling complex, ACTL6B-ARID1A-SMARCA4 variant,CPX-1209,ECO:0005547(biological system reconstruction evidence based on inference from background scientific knowledge used in manual assertion);SWI/SNF ATP-dependent chromatin remodeling complex, ACTL6B-ARID1B-SMARCA4 variant,CPX-1211,ECO:0005547(biological system reconstruction evidence based on inference from background scientific knowledge used in manual assertion);Neural progenitor-specific SWI/SNF ATP-dependent chromatin remodeling complex, ARID1A-SMARCA4 variant,CPX-1212,ECO:0005547(biological system reconstruction evidence based on inference from background scientific knowledge used in manual assertion);Neural progenitor-specific SWI/SNF ATP-dependent chromatin remodeling complex, ARID1B-SMARCA4 variant,CPX-1215,ECO:0005547(biological system reconstruction evidence based on inference from background scientific knowledge used in manual assertion);Neuron-specific SWI/SNF ATP-dependent chromatin remodeling complex, ARID1A-SMARCA4 variant,CPX-1216,ECO:0005547(biological system reconstruction evidence based on inference from background scientific knowledge used in manual assertion);Neuron-specific SWI/SNF ATP-dependent chromatin remodeling complex, ARID1B-SMARCA4 variant,CPX-1218,ECO:0005547(biological system reconstruction evidence based on inference from background scientific knowledge used in manual assertion);Brain-specific SWI/SNF ATP-dependent chromatin remodeling complex, ARID1A-SMARCA4 variant,CPX-1219,ECO:0005547(biological system reconstruction evidence based on inference from background scientific knowledge used in manual assertion);Brain-specific SWI/SNF ATP-dependent chromatin remodeling complex, ARID1B-SMARCA4 variant,CPX-1221,ECO:0005547(biological system reconstruction evidence based on inference from background scientific knowledge used in manual assertion);Muscle cell-specific SWI/SNF ATP-dependent chromatin remodeling complex, ACTL6A-ARID1A-SMARCA4 variant,CPX-1222,ECO:0005547(biological system reconstruction evidence based on inference from background scientific knowledge used in manual assertion);Muscle cell-specific SWI/SNF ATP-dependent chromatin remodeling complex, ACTL6A-ARID1B-SMARCA4 variant,CPX-1224,ECO:0005547(biological system reconstruction evidence based on inference from background scientific knowledge used in manual assertion);Muscle cell-specific SWI/SNF ATP-dependent chromatin remodeling complex, ACTL6B-ARID1A-SMARCA4 variant,CPX-1226,ECO:0005547(biological system reconstruction evidence based on inference from background scientific knowledge used in manual assertion);Muscle cell-specific SWI/SNF ATP-dependent chromatin remodeling complex, ACTL6B-ARID1B-SMARCA4 variant,CPX-1228,ECO:0005547(biological system reconstruction evidence based on inference from background scientific knowledge used in manual assertion);GBAF (SWI/SNF) ATP-dependent chromatin remodeling complex, ACTL6A-BICRA-SMARCA4 variant,CPX-4206,ECO:0005547(biological system reconstruction evidence based on inference from background scientific knowledge used in manual assertion);GBAF (SWI/SNF) ATP-dependent chromatin remodeling complex, ACTL6A-BICRAL-SMARCA4 variant,CPX-4207,ECO:0005547(biological system reconstruction evidence based on inference from background scientific knowledge used in manual assertion);GBAF (SWI/SNF) ATP-dependent chromatin remodeling complex, ACTL6B-BICRA-SMARCA4 variant,CPX-4225,ECO:0005547(biological system reconstruction evidence based on inference from background scientific knowledge used in manual assertion);GBAF (SWI/SNF) ATP-dependent chromatin remodeling complex, ACTL6B-BICRAL-SMARCA4 variant,CPX-4226,ECO:0005547(biological system reconstruction evidence based on inference from background scientific knowledge used in manual assertion)";RP01857654;XIST;lncRNA;Homo sapiens;TF;Homo sapiens;NCBI:7503;NCBI:6597;0.4299;CLIP;ChIP-seq;;718;ENSG00000229807;-6.57326935078366;1.54159830942689;-4.14945804433362;0.0001856278660776;0.0008424341236124;0.0917621252499083
12491;1834350;KMT2A;Q03164;Histone-lysine N-methyltransferase 2A;Nucleus (ECO:0000269);Nucleoplasm (Supported);;Histone modification, Histone PTM writers, Histone PTM readers;Histone PTM writers;"Alabert et al., 2014; Alvarez et al., 2023; Ginno et al., 2018; Itzhak et al., 2016; Kustatscher et al., 2014; Shi et al., 2021; Ugur et al., 2023";3.13;"PHD(PHD-finger,PF00628);PHD(PHD-finger,PF00628);SET(SET domain,PF00856);zf-CXXC(CXXC zinc finger domain,PF02008);FYRN(F/Y-rich N-terminus,PF05964);FYRC(F/Y rich C-terminus,PF05965);zf-HC5HC2H(PHD-like zinc-binding domain,PF13771)";3969;Histone-lysine N-methyltransferase complex, KMT2A variant,CPX-5850,ECO:0005547(biological system reconstruction evidence based on inference from background scientific knowledge used in manual assertion);RP07519962;MIAT;lncRNA;Homo sapiens;TF;Homo sapiens;NCBI:440823;NCBI:4297;0.3702;RIP;;;402;ENSG00000225783;-1.92823429725324;3.8414058880437;-5.39047054729595;4.1197948350467e-06;2.70389654774438e-05;3.81461074427552
12817;2510455;PRMT5;O14744;Protein arginine N-methyltransferase 5 (PRMT5);Chromosome (ECO:0000269), Cytoplasm (ECO:0000269), Golgi apparatus (ECO:0000269), Nucleus (ECO:0000269);Cytosol (Supported), Nucleoplasm (Supported);;Histone modification, Histone PTM writers, Methylated DNA binding;Histone PTM writers;"Alabert et al., 2014; Alvarez et al., 2023; Ginno et al., 2018; Shi et al., 2021";79.0;"PRMT5(PRMT5 arginine-N-methyltransferase,PF05185);PRMT5_TIM(PRMT5 TIM barrel domain,PF17285);PRMT5_C(PRMT5 oligomerisation domain,PF17286)";637;"PRMT5 methylosome complex, CLNS1A variant,CPX-696,ECO:0005547(biological system reconstruction evidence based on inference from background scientific knowledge used in manual assertion);PRMT5 methylosome complex, RIOK1 variant,CPX-8148,ECO:0000353(physical interaction evidence used in manual assertion);PRMT5 methylosome complex, COPR5 variant,CPX-8149,ECO:0005547(biological system reconstruction evidence based on inference from background scientific knowledge used in manual assertion)";RP09425773;LINC01138;lncRNA;Homo sapiens;protein;Homo sapiens;NCBI:388685;NCBI:10419;0.4488;RT-PCR//RNA interference//Northern blot//Western blot//RIP//RNA pull-down assay;RNA-seq;;3586;ENSG00000274020;-1.61249500705848;4.2278752813958;-7.2063565605834;1.44962489922403e-08;1.82766175860015e-07;9.40820159618394
12994;918520;EZH2;Q15910;Histone-lysine N-methyltransferase EZH2;Nucleus (ECO:0000269);Nucleoplasm (Supported);;Histone modification, Histone PTM writers, Centromere-associated, Telomere-associated, Heterochromatin-associated;Histone PTM writers;"Alabert et al., 2014; Alvarez et al., 2023; Ginno et al., 2018; Itzhak et al., 2016; Kustatscher et al., 2014; Shi et al., 2021";9.93;"SET(SET domain,PF00856);EZH2_WD-Binding(WD repeat binding protein EZH2,PF11616);Ezh2_MCSS(PF21358);preSET_CXC(CXC domain,PF18264);PRC2_HTH_1(Polycomb repressive complex 2 tri-helical domain,PF18118)";746;"Polycomb repressive complex 2.1,EZH2-RBBP4-PCL3-PALI1 variant,CPX-2198,ECO:0005547(biological system reconstruction evidence based on inference from background scientific knowledge used in manual assertion);Polycomb repressive complex 2.1, EZH2-RBBP4-PCL1-PALI1 variant,CPX-2204,ECO:0005547(biological system reconstruction evidence based on inference from background scientific knowledge used in manual assertion);Polycomb repressive complex 2.2, EZH2-RBBP4 variant,CPX-2209,ECO:0000353(physical interaction evidence used in manual assertion);Polycomb repressive complex 2.2, EZH2-RBBP7 variant,CPX-2213,ECO:0005546(biological system reconstruction evidence based on paralogy evidence used in manual assertion);Polycomb repressive complex 2.1, EZH2-RBBP7-PCL1-PALI1 variant,CPX-2311,ECO:0005547(biological system reconstruction evidence based on inference from background scientific knowledge used in manual assertion);Polycomb repressive complex 2.1, EZH2-RBBP4-PCL2-PALI1 variant,CPX-2312,ECO:0005547(biological system reconstruction evidence based on inference from background scientific knowledge used in manual assertion);Polycomb repressive complex 2.1,EZH2-RBBP7-PCL2-PALI1 variant,CPX-2314,ECO:0005547(biological system reconstruction evidence based on inference from background scientific knowledge used in manual assertion);Polycomb repressive complex 2.1,EZH2-RBBP7-PCL3-PALI1 variant,CPX-2316,ECO:0005547(biological system reconstruction evidence based on inference from background scientific knowledge used in manual assertion);Polycomb repressive complex 2.1, EZH2-RBBP4-PCL1-EPOP variant,CPX-2324,ECO:0005547(biological system reconstruction evidence based on inference from background scientific knowledge used in manual assertion);Polycomb repressive complex 2.1, EZH2-RBBP7-PCL1-EPOP variant,CPX-2325,ECO:0005547(biological system reconstruction evidence based on inference from background scientific knowledge used in manual assertion);Polycomb repressive complex 2.1, EZH2-RBBP4-PCL2-EPOP variant,CPX-2326,ECO:0005547(biological system reconstruction evidence based on inference from background scientific knowledge used in manual assertion);Polycomb repressive complex 2.1, EZH2-RBBP7-PCL2-EPOP variant,CPX-2327,ECO:0005547(biological system reconstruction evidence based on inference from background scientific knowledge used in manual assertion);Polycomb repressive complex 2.1, EZH2-RBBP4-PCL3-EPOP variant,CPX-2328,ECO:0005547(biological system reconstruction evidence based on inference from background scientific knowledge used in manual assertion);Polycomb repressive complex 2.1, EZH2-RBBP7-PCL3-EPOP variant,CPX-2329,ECO:0005547(biological system reconstruction evidence based on inference from background scientific knowledge used in manual assertion)";RP01053748;MAPKAPK5-AS1;lncRNA;Homo sapiens;TF;Homo sapiens;NCBI:51275;NCBI:2146;0.3584;ChIP//IHC//Western blot//FISH//qPCR//RIP;;;1085;ENSG00000234608;-2.63252355737418;1.04822737889617;-8.99803411401456;7.0606353590824e-11;1.6502273864255401e-09;14.703843740093
12995;918511;EZH2;Q15910;Histone-lysine N-methyltransferase EZH2;Nucleus (ECO:0000269);Nucleoplasm (Supported);;Histone modification, Histone PTM writers, Centromere-associated, Telomere-associated, Heterochromatin-associated;Histone PTM writers;"Alabert et al., 2014; Alvarez et al., 2023; Ginno et al., 2018; Itzhak et al., 2016; Kustatscher et al., 2014; Shi et al., 2021";9.93;"SET(SET domain,PF00856);EZH2_WD-Binding(WD repeat binding protein EZH2,PF11616);Ezh2_MCSS(PF21358);preSET_CXC(CXC domain,PF18264);PRC2_HTH_1(Polycomb repressive complex 2 tri-helical domain,PF18118)";746;"Polycomb repressive complex 2.1,EZH2-RBBP4-PCL3-PALI1 variant,CPX-2198,ECO:0005547(biological system reconstruction evidence based on inference from background scientific knowledge used in manual assertion);Polycomb repressive complex 2.1, EZH2-RBBP4-PCL1-PALI1 variant,CPX-2204,ECO:0005547(biological system reconstruction evidence based on inference from background scientific knowledge used in manual assertion);Polycomb repressive complex 2.2, EZH2-RBBP4 variant,CPX-2209,ECO:0000353(physical interaction evidence used in manual assertion);Polycomb repressive complex 2.2, EZH2-RBBP7 variant,CPX-2213,ECO:0005546(biological system reconstruction evidence based on paralogy evidence used in manual assertion);Polycomb repressive complex 2.1, EZH2-RBBP7-PCL1-PALI1 variant,CPX-2311,ECO:0005547(biological system reconstruction evidence based on inference from background scientific knowledge used in manual assertion);Polycomb repressive complex 2.1, EZH2-RBBP4-PCL2-PALI1 variant,CPX-2312,ECO:0005547(biological system reconstruction evidence based on inference from background scientific knowledge used in manual assertion);Polycomb repressive complex 2.1,EZH2-RBBP7-PCL2-PALI1 variant,CPX-2314,ECO:0005547(biological system reconstruction evidence based on inference from background scientific knowledge used in manual assertion);Polycomb repressive complex 2.1,EZH2-RBBP7-PCL3-PALI1 variant,CPX-2316,ECO:0005547(biological system reconstruction evidence based on inference from background scientific knowledge used in manual assertion);Polycomb repressive complex 2.1, EZH2-RBBP4-PCL1-EPOP variant,CPX-2324,ECO:0005547(biological system reconstruction evidence based on inference from background scientific knowledge used in manual assertion);Polycomb repressive complex 2.1, EZH2-RBBP7-PCL1-EPOP variant,CPX-2325,ECO:0005547(biological system reconstruction evidence based on inference from background scientific knowledge used in manual assertion);Polycomb repressive complex 2.1, EZH2-RBBP4-PCL2-EPOP variant,CPX-2326,ECO:0005547(biological system reconstruction evidence based on inference from background scientific knowledge used in manual assertion);Polycomb repressive complex 2.1, EZH2-RBBP7-PCL2-EPOP variant,CPX-2327,ECO:0005547(biological system reconstruction evidence based on inference from background scientific knowledge used in manual assertion);Polycomb repressive complex 2.1, EZH2-RBBP4-PCL3-EPOP variant,CPX-2328,ECO:0005547(biological system reconstruction evidence based on inference from background scientific knowledge used in manual assertion);Polycomb repressive complex 2.1, EZH2-RBBP7-PCL3-EPOP variant,CPX-2329,ECO:0005547(biological system reconstruction evidence based on inference from background scientific knowledge used in manual assertion)";RP01055279;MALAT1;lncRNA;Homo sapiens;TF;Homo sapiens;NCBI:378938;NCBI:2146;0.7533;RT-PCR//ChIP//GST pull-down assay//qRT-PCR//RNA interference//Western blot//Pull-down assay//qPCR//Dual luciferase reporter assay//RIP;RNA-seq//Microarray//iCLIP//RIP-seq;;1786;ENSG00000251562;-2.69192848146394;10.8069205658514;-9.99570573098169;4.30182645492996e-12;1.65306630339579e-10;17.4859517032396
13075;919661;EZH2;Q15910;Histone-lysine N-methyltransferase EZH2;Nucleus (ECO:0000269);Nucleoplasm (Supported);;Histone modification, Histone PTM writers, Centromere-associated, Telomere-associated, Heterochromatin-associated;Histone PTM writers;"Alabert et al., 2014; Alvarez et al., 2023; Ginno et al., 2018; Itzhak et al., 2016; Kustatscher et al., 2014; Shi et al., 2021";9.93;"SET(SET domain,PF00856);EZH2_WD-Binding(WD repeat binding protein EZH2,PF11616);Ezh2_MCSS(PF21358);preSET_CXC(CXC domain,PF18264);PRC2_HTH_1(Polycomb repressive complex 2 tri-helical domain,PF18118)";746;"Polycomb repressive complex 2.1,EZH2-RBBP4-PCL3-PALI1 variant,CPX-2198,ECO:0005547(biological system reconstruction evidence based on inference from background scientific knowledge used in manual assertion);Polycomb repressive complex 2.1, EZH2-RBBP4-PCL1-PALI1 variant,CPX-2204,ECO:0005547(biological system reconstruction evidence based on inference from background scientific knowledge used in manual assertion);Polycomb repressive complex 2.2, EZH2-RBBP4 variant,CPX-2209,ECO:0000353(physical interaction evidence used in manual assertion);Polycomb repressive complex 2.2, EZH2-RBBP7 variant,CPX-2213,ECO:0005546(biological system reconstruction evidence based on paralogy evidence used in manual assertion);Polycomb repressive complex 2.1, EZH2-RBBP7-PCL1-PALI1 variant,CPX-2311,ECO:0005547(biological system reconstruction evidence based on inference from background scientific knowledge used in manual assertion);Polycomb repressive complex 2.1, EZH2-RBBP4-PCL2-PALI1 variant,CPX-2312,ECO:0005547(biological system reconstruction evidence based on inference from background scientific knowledge used in manual assertion);Polycomb repressive complex 2.1,EZH2-RBBP7-PCL2-PALI1 variant,CPX-2314,ECO:0005547(biological system reconstruction evidence based on inference from background scientific knowledge used in manual assertion);Polycomb repressive complex 2.1,EZH2-RBBP7-PCL3-PALI1 variant,CPX-2316,ECO:0005547(biological system reconstruction evidence based on inference from background scientific knowledge used in manual assertion);Polycomb repressive complex 2.1, EZH2-RBBP4-PCL1-EPOP variant,CPX-2324,ECO:0005547(biological system reconstruction evidence based on inference from background scientific knowledge used in manual assertion);Polycomb repressive complex 2.1, EZH2-RBBP7-PCL1-EPOP variant,CPX-2325,ECO:0005547(biological system reconstruction evidence based on inference from background scientific knowledge used in manual assertion);Polycomb repressive complex 2.1, EZH2-RBBP4-PCL2-EPOP variant,CPX-2326,ECO:0005547(biological system reconstruction evidence based on inference from background scientific knowledge used in manual assertion);Polycomb repressive complex 2.1, EZH2-RBBP7-PCL2-EPOP variant,CPX-2327,ECO:0005547(biological system reconstruction evidence based on inference from background scientific knowledge used in manual assertion);Polycomb repressive complex 2.1, EZH2-RBBP4-PCL3-EPOP variant,CPX-2328,ECO:0005547(biological system reconstruction evidence based on inference from background scientific knowledge used in manual assertion);Polycomb repressive complex 2.1, EZH2-RBBP7-PCL3-EPOP variant,CPX-2329,ECO:0005547(biological system reconstruction evidence based on inference from background scientific knowledge used in manual assertion)";RP01053797;SNHG20;lncRNA;Homo sapiens;TF;Homo sapiens;NCBI:654434;NCBI:2146;0.5053;ChIP//RIP;;;1109;ENSG00000234912;-2.17872432826671;1.79776133096446;-8.77115813498281;1.3577943368487e-10;2.9144085587359604e-09;14.0533249132432
13077;919658;EZH2;Q15910;Histone-lysine N-methyltransferase EZH2;Nucleus (ECO:0000269);Nucleoplasm (Supported);;Histone modification, Histone PTM writers, Centromere-associated, Telomere-associated, Heterochromatin-associated;Histone PTM writers;"Alabert et al., 2014; Alvarez et al., 2023; Ginno et al., 2018; Itzhak et al., 2016; Kustatscher et al., 2014; Shi et al., 2021";9.93;"SET(SET domain,PF00856);EZH2_WD-Binding(WD repeat binding protein EZH2,PF11616);Ezh2_MCSS(PF21358);preSET_CXC(CXC domain,PF18264);PRC2_HTH_1(Polycomb repressive complex 2 tri-helical domain,PF18118)";746;"Polycomb repressive complex 2.1,EZH2-RBBP4-PCL3-PALI1 variant,CPX-2198,ECO:0005547(biological system reconstruction evidence based on inference from background scientific knowledge used in manual assertion);Polycomb repressive complex 2.1, EZH2-RBBP4-PCL1-PALI1 variant,CPX-2204,ECO:0005547(biological system reconstruction evidence based on inference from background scientific knowledge used in manual assertion);Polycomb repressive complex 2.2, EZH2-RBBP4 variant,CPX-2209,ECO:0000353(physical interaction evidence used in manual assertion);Polycomb repressive complex 2.2, EZH2-RBBP7 variant,CPX-2213,ECO:0005546(biological system reconstruction evidence based on paralogy evidence used in manual assertion);Polycomb repressive complex 2.1, EZH2-RBBP7-PCL1-PALI1 variant,CPX-2311,ECO:0005547(biological system reconstruction evidence based on inference from background scientific knowledge used in manual assertion);Polycomb repressive complex 2.1, EZH2-RBBP4-PCL2-PALI1 variant,CPX-2312,ECO:0005547(biological system reconstruction evidence based on inference from background scientific knowledge used in manual assertion);Polycomb repressive complex 2.1,EZH2-RBBP7-PCL2-PALI1 variant,CPX-2314,ECO:0005547(biological system reconstruction evidence based on inference from background scientific knowledge used in manual assertion);Polycomb repressive complex 2.1,EZH2-RBBP7-PCL3-PALI1 variant,CPX-2316,ECO:0005547(biological system reconstruction evidence based on inference from background scientific knowledge used in manual assertion);Polycomb repressive complex 2.1, EZH2-RBBP4-PCL1-EPOP variant,CPX-2324,ECO:0005547(biological system reconstruction evidence based on inference from background scientific knowledge used in manual assertion);Polycomb repressive complex 2.1, EZH2-RBBP7-PCL1-EPOP variant,CPX-2325,ECO:0005547(biological system reconstruction evidence based on inference from background scientific knowledge used in manual assertion);Polycomb repressive complex 2.1, EZH2-RBBP4-PCL2-EPOP variant,CPX-2326,ECO:0005547(biological system reconstruction evidence based on inference from background scientific knowledge used in manual assertion);Polycomb repressive complex 2.1, EZH2-RBBP7-PCL2-EPOP variant,CPX-2327,ECO:0005547(biological system reconstruction evidence based on inference from background scientific knowledge used in manual assertion);Polycomb repressive complex 2.1, EZH2-RBBP4-PCL3-EPOP variant,CPX-2328,ECO:0005547(biological system reconstruction evidence based on inference from background scientific knowledge used in manual assertion);Polycomb repressive complex 2.1, EZH2-RBBP7-PCL3-EPOP variant,CPX-2329,ECO:0005547(biological system reconstruction evidence based on inference from background scientific knowledge used in manual assertion)";RP01051674;SNHG17;lncRNA;Homo sapiens;TF;Homo sapiens;NCBI:388796;NCBI:2146;0.3385;ChIP//IHC//Western blot//qPCR//RIP;;;95;ENSG00000196756;-2.91593577289014;2.76693240053218;-11.8719733234314;3.16171674568078e-14;4.15666948408721e-12;22.3586429297008
13079;919656;EZH2;Q15910;Histone-lysine N-methyltransferase EZH2;Nucleus (ECO:0000269);Nucleoplasm (Supported);;Histone modification, Histone PTM writers, Centromere-associated, Telomere-associated, Heterochromatin-associated;Histone PTM writers;"Alabert et al., 2014; Alvarez et al., 2023; Ginno et al., 2018; Itzhak et al., 2016; Kustatscher et al., 2014; Shi et al., 2021";9.93;"SET(SET domain,PF00856);EZH2_WD-Binding(WD repeat binding protein EZH2,PF11616);Ezh2_MCSS(PF21358);preSET_CXC(CXC domain,PF18264);PRC2_HTH_1(Polycomb repressive complex 2 tri-helical domain,PF18118)";746;"Polycomb repressive complex 2.1,EZH2-RBBP4-PCL3-PALI1 variant,CPX-2198,ECO:0005547(biological system reconstruction evidence based on inference from background scientific knowledge used in manual assertion);Polycomb repressive complex 2.1, EZH2-RBBP4-PCL1-PALI1 variant,CPX-2204,ECO:0005547(biological system reconstruction evidence based on inference from background scientific knowledge used in manual assertion);Polycomb repressive complex 2.2, EZH2-RBBP4 variant,CPX-2209,ECO:0000353(physical interaction evidence used in manual assertion);Polycomb repressive complex 2.2, EZH2-RBBP7 variant,CPX-2213,ECO:0005546(biological system reconstruction evidence based on paralogy evidence used in manual assertion);Polycomb repressive complex 2.1, EZH2-RBBP7-PCL1-PALI1 variant,CPX-2311,ECO:0005547(biological system reconstruction evidence based on inference from background scientific knowledge used in manual assertion);Polycomb repressive complex 2.1, EZH2-RBBP4-PCL2-PALI1 variant,CPX-2312,ECO:0005547(biological system reconstruction evidence based on inference from background scientific knowledge used in manual assertion);Polycomb repressive complex 2.1,EZH2-RBBP7-PCL2-PALI1 variant,CPX-2314,ECO:0005547(biological system reconstruction evidence based on inference from background scientific knowledge used in manual assertion);Polycomb repressive complex 2.1,EZH2-RBBP7-PCL3-PALI1 variant,CPX-2316,ECO:0005547(biological system reconstruction evidence based on inference from background scientific knowledge used in manual assertion);Polycomb repressive complex 2.1, EZH2-RBBP4-PCL1-EPOP variant,CPX-2324,ECO:0005547(biological system reconstruction evidence based on inference from background scientific knowledge used in manual assertion);Polycomb repressive complex 2.1, EZH2-RBBP7-PCL1-EPOP variant,CPX-2325,ECO:0005547(biological system reconstruction evidence based on inference from background scientific knowledge used in manual assertion);Polycomb repressive complex 2.1, EZH2-RBBP4-PCL2-EPOP variant,CPX-2326,ECO:0005547(biological system reconstruction evidence based on inference from background scientific knowledge used in manual assertion);Polycomb repressive complex 2.1, EZH2-RBBP7-PCL2-EPOP variant,CPX-2327,ECO:0005547(biological system reconstruction evidence based on inference from background scientific knowledge used in manual assertion);Polycomb repressive complex 2.1, EZH2-RBBP4-PCL3-EPOP variant,CPX-2328,ECO:0005547(biological system reconstruction evidence based on inference from background scientific knowledge used in manual assertion);Polycomb repressive complex 2.1, EZH2-RBBP7-PCL3-EPOP variant,CPX-2329,ECO:0005547(biological system reconstruction evidence based on inference from background scientific knowledge used in manual assertion)";RP01053476;SNHG15;lncRNA;Homo sapiens;TF;Homo sapiens;NCBI:285958;NCBI:2146;0.4593;qRT-PCR//ChIP//RIP//Western blot;;;966;ENSG00000232956;-2.77917597283892;1.81941702980103;-9.99049401552001;4.36370990206709e-12;1.65388536558525e-10;17.4717593121349
13081;919652;EZH2;Q15910;Histone-lysine N-methyltransferase EZH2;Nucleus (ECO:0000269);Nucleoplasm (Supported);;Histone modification, Histone PTM writers, Centromere-associated, Telomere-associated, Heterochromatin-associated;Histone PTM writers;"Alabert et al., 2014; Alvarez et al., 2023; Ginno et al., 2018; Itzhak et al., 2016; Kustatscher et al., 2014; Shi et al., 2021";9.93;"SET(SET domain,PF00856);EZH2_WD-Binding(WD repeat binding protein EZH2,PF11616);Ezh2_MCSS(PF21358);preSET_CXC(CXC domain,PF18264);PRC2_HTH_1(Polycomb repressive complex 2 tri-helical domain,PF18118)";746;"Polycomb repressive complex 2.1,EZH2-RBBP4-PCL3-PALI1 variant,CPX-2198,ECO:0005547(biological system reconstruction evidence based on inference from background scientific knowledge used in manual assertion);Polycomb repressive complex 2.1, EZH2-RBBP4-PCL1-PALI1 variant,CPX-2204,ECO:0005547(biological system reconstruction evidence based on inference from background scientific knowledge used in manual assertion);Polycomb repressive complex 2.2, EZH2-RBBP4 variant,CPX-2209,ECO:0000353(physical interaction evidence used in manual assertion);Polycomb repressive complex 2.2, EZH2-RBBP7 variant,CPX-2213,ECO:0005546(biological system reconstruction evidence based on paralogy evidence used in manual assertion);Polycomb repressive complex 2.1, EZH2-RBBP7-PCL1-PALI1 variant,CPX-2311,ECO:0005547(biological system reconstruction evidence based on inference from background scientific knowledge used in manual assertion);Polycomb repressive complex 2.1, EZH2-RBBP4-PCL2-PALI1 variant,CPX-2312,ECO:0005547(biological system reconstruction evidence based on inference from background scientific knowledge used in manual assertion);Polycomb repressive complex 2.1,EZH2-RBBP7-PCL2-PALI1 variant,CPX-2314,ECO:0005547(biological system reconstruction evidence based on inference from background scientific knowledge used in manual assertion);Polycomb repressive complex 2.1,EZH2-RBBP7-PCL3-PALI1 variant,CPX-2316,ECO:0005547(biological system reconstruction evidence based on inference from background scientific knowledge used in manual assertion);Polycomb repressive complex 2.1, EZH2-RBBP4-PCL1-EPOP variant,CPX-2324,ECO:0005547(biological system reconstruction evidence based on inference from background scientific knowledge used in manual assertion);Polycomb repressive complex 2.1, EZH2-RBBP7-PCL1-EPOP variant,CPX-2325,ECO:0005547(biological system reconstruction evidence based on inference from background scientific knowledge used in manual assertion);Polycomb repressive complex 2.1, EZH2-RBBP4-PCL2-EPOP variant,CPX-2326,ECO:0005547(biological system reconstruction evidence based on inference from background scientific knowledge used in manual assertion);Polycomb repressive complex 2.1, EZH2-RBBP7-PCL2-EPOP variant,CPX-2327,ECO:0005547(biological system reconstruction evidence based on inference from background scientific knowledge used in manual assertion);Polycomb repressive complex 2.1, EZH2-RBBP4-PCL3-EPOP variant,CPX-2328,ECO:0005547(biological system reconstruction evidence based on inference from background scientific knowledge used in manual assertion);Polycomb repressive complex 2.1, EZH2-RBBP7-PCL3-EPOP variant,CPX-2329,ECO:0005547(biological system reconstruction evidence based on inference from background scientific knowledge used in manual assertion)";RP01055910;SNHG1;lncRNA;Homo sapiens;TF;Homo sapiens;NCBI:23642;NCBI:2146;0.5174;ChIP//Western blot//Luciferase reporter assay//FISH//RIP//RNA pull-down assay;;;2023;ENSG00000255717;-3.1343954975797;3.5255615293517;-12.1724795306288;1.50067688859263e-14;2.52533906812367e-12;23.0956312855758
13084;919670;EZH2;Q15910;Histone-lysine N-methyltransferase EZH2;Nucleus (ECO:0000269);Nucleoplasm (Supported);;Histone modification, Histone PTM writers, Centromere-associated, Telomere-associated, Heterochromatin-associated;Histone PTM writers;"Alabert et al., 2014; Alvarez et al., 2023; Ginno et al., 2018; Itzhak et al., 2016; Kustatscher et al., 2014; Shi et al., 2021";9.93;"SET(SET domain,PF00856);EZH2_WD-Binding(WD repeat binding protein EZH2,PF11616);Ezh2_MCSS(PF21358);preSET_CXC(CXC domain,PF18264);PRC2_HTH_1(Polycomb repressive complex 2 tri-helical domain,PF18118)";746;"Polycomb repressive complex 2.1,EZH2-RBBP4-PCL3-PALI1 variant,CPX-2198,ECO:0005547(biological system reconstruction evidence based on inference from background scientific knowledge used in manual assertion);Polycomb repressive complex 2.1, EZH2-RBBP4-PCL1-PALI1 variant,CPX-2204,ECO:0005547(biological system reconstruction evidence based on inference from background scientific knowledge used in manual assertion);Polycomb repressive complex 2.2, EZH2-RBBP4 variant,CPX-2209,ECO:0000353(physical interaction evidence used in manual assertion);Polycomb repressive complex 2.2, EZH2-RBBP7 variant,CPX-2213,ECO:0005546(biological system reconstruction evidence based on paralogy evidence used in manual assertion);Polycomb repressive complex 2.1, EZH2-RBBP7-PCL1-PALI1 variant,CPX-2311,ECO:0005547(biological system reconstruction evidence based on inference from background scientific knowledge used in manual assertion);Polycomb repressive complex 2.1, EZH2-RBBP4-PCL2-PALI1 variant,CPX-2312,ECO:0005547(biological system reconstruction evidence based on inference from background scientific knowledge used in manual assertion);Polycomb repressive complex 2.1,EZH2-RBBP7-PCL2-PALI1 variant,CPX-2314,ECO:0005547(biological system reconstruction evidence based on inference from background scientific knowledge used in manual assertion);Polycomb repressive complex 2.1,EZH2-RBBP7-PCL3-PALI1 variant,CPX-2316,ECO:0005547(biological system reconstruction evidence based on inference from background scientific knowledge used in manual assertion);Polycomb repressive complex 2.1, EZH2-RBBP4-PCL1-EPOP variant,CPX-2324,ECO:0005547(biological system reconstruction evidence based on inference from background scientific knowledge used in manual assertion);Polycomb repressive complex 2.1, EZH2-RBBP7-PCL1-EPOP variant,CPX-2325,ECO:0005547(biological system reconstruction evidence based on inference from background scientific knowledge used in manual assertion);Polycomb repressive complex 2.1, EZH2-RBBP4-PCL2-EPOP variant,CPX-2326,ECO:0005547(biological system reconstruction evidence based on inference from background scientific knowledge used in manual assertion);Polycomb repressive complex 2.1, EZH2-RBBP7-PCL2-EPOP variant,CPX-2327,ECO:0005547(biological system reconstruction evidence based on inference from background scientific knowledge used in manual assertion);Polycomb repressive complex 2.1, EZH2-RBBP4-PCL3-EPOP variant,CPX-2328,ECO:0005547(biological system reconstruction evidence based on inference from background scientific knowledge used in manual assertion);Polycomb repressive complex 2.1, EZH2-RBBP7-PCL3-EPOP variant,CPX-2329,ECO:0005547(biological system reconstruction evidence based on inference from background scientific knowledge used in manual assertion)";RP01054621;SNHG6;lncRNA;Homo sapiens;TF;Homo sapiens;NCBI:641638;NCBI:2146;0.5132;ChIP//RIP//Luciferase reporter assay;;catRAPID;1482;ENSG00000245910;-3.02030504081192;2.13635252691397;-9.00111087542265;6.998606051362839e-11;1.6448679138594102e-09;14.7126214928218
13093;919911;EZH2;Q15910;Histone-lysine N-methyltransferase EZH2;Nucleus (ECO:0000269);Nucleoplasm (Supported);;Histone modification, Histone PTM writers, Centromere-associated, Telomere-associated, Heterochromatin-associated;Histone PTM writers;"Alabert et al., 2014; Alvarez et al., 2023; Ginno et al., 2018; Itzhak et al., 2016; Kustatscher et al., 2014; Shi et al., 2021";9.93;"SET(SET domain,PF00856);EZH2_WD-Binding(WD repeat binding protein EZH2,PF11616);Ezh2_MCSS(PF21358);preSET_CXC(CXC domain,PF18264);PRC2_HTH_1(Polycomb repressive complex 2 tri-helical domain,PF18118)";746;"Polycomb repressive complex 2.1,EZH2-RBBP4-PCL3-PALI1 variant,CPX-2198,ECO:0005547(biological system reconstruction evidence based on inference from background scientific knowledge used in manual assertion);Polycomb repressive complex 2.1, EZH2-RBBP4-PCL1-PALI1 variant,CPX-2204,ECO:0005547(biological system reconstruction evidence based on inference from background scientific knowledge used in manual assertion);Polycomb repressive complex 2.2, EZH2-RBBP4 variant,CPX-2209,ECO:0000353(physical interaction evidence used in manual assertion);Polycomb repressive complex 2.2, EZH2-RBBP7 variant,CPX-2213,ECO:0005546(biological system reconstruction evidence based on paralogy evidence used in manual assertion);Polycomb repressive complex 2.1, EZH2-RBBP7-PCL1-PALI1 variant,CPX-2311,ECO:0005547(biological system reconstruction evidence based on inference from background scientific knowledge used in manual assertion);Polycomb repressive complex 2.1, EZH2-RBBP4-PCL2-PALI1 variant,CPX-2312,ECO:0005547(biological system reconstruction evidence based on inference from background scientific knowledge used in manual assertion);Polycomb repressive complex 2.1,EZH2-RBBP7-PCL2-PALI1 variant,CPX-2314,ECO:0005547(biological system reconstruction evidence based on inference from background scientific knowledge used in manual assertion);Polycomb repressive complex 2.1,EZH2-RBBP7-PCL3-PALI1 variant,CPX-2316,ECO:0005547(biological system reconstruction evidence based on inference from background scientific knowledge used in manual assertion);Polycomb repressive complex 2.1, EZH2-RBBP4-PCL1-EPOP variant,CPX-2324,ECO:0005547(biological system reconstruction evidence based on inference from background scientific knowledge used in manual assertion);Polycomb repressive complex 2.1, EZH2-RBBP7-PCL1-EPOP variant,CPX-2325,ECO:0005547(biological system reconstruction evidence based on inference from background scientific knowledge used in manual assertion);Polycomb repressive complex 2.1, EZH2-RBBP4-PCL2-EPOP variant,CPX-2326,ECO:0005547(biological system reconstruction evidence based on inference from background scientific knowledge used in manual assertion);Polycomb repressive complex 2.1, EZH2-RBBP7-PCL2-EPOP variant,CPX-2327,ECO:0005547(biological system reconstruction evidence based on inference from background scientific knowledge used in manual assertion);Polycomb repressive complex 2.1, EZH2-RBBP4-PCL3-EPOP variant,CPX-2328,ECO:0005547(biological system reconstruction evidence based on inference from background scientific knowledge used in manual assertion);Polycomb repressive complex 2.1, EZH2-RBBP7-PCL3-EPOP variant,CPX-2329,ECO:0005547(biological system reconstruction evidence based on inference from background scientific knowledge used in manual assertion)";RP01052959;XIST;lncRNA;Homo sapiens;TF;Homo sapiens;NCBI:7503;NCBI:2146;0.5644;ChIP//Western blot//U.V.-Crosslinking//EMSA//RIP//RNA pull-down assay;NGS;;718;ENSG00000229807;-6.57326935078366;1.54159830942689;-4.14945804433362;0.0001856278660776;0.0008424341236124;0.0917621252499083
13180;916444;EZH2;Q15910;Histone-lysine N-methyltransferase EZH2;Nucleus (ECO:0000269);Nucleoplasm (Supported);;Histone modification, Histone PTM writers, Centromere-associated, Telomere-associated, Heterochromatin-associated;Histone PTM writers;"Alabert et al., 2014; Alvarez et al., 2023; Ginno et al., 2018; Itzhak et al., 2016; Kustatscher et al., 2014; Shi et al., 2021";9.93;"SET(SET domain,PF00856);EZH2_WD-Binding(WD repeat binding protein EZH2,PF11616);Ezh2_MCSS(PF21358);preSET_CXC(CXC domain,PF18264);PRC2_HTH_1(Polycomb repressive complex 2 tri-helical domain,PF18118)";746;"Polycomb repressive complex 2.1,EZH2-RBBP4-PCL3-PALI1 variant,CPX-2198,ECO:0005547(biological system reconstruction evidence based on inference from background scientific knowledge used in manual assertion);Polycomb repressive complex 2.1, EZH2-RBBP4-PCL1-PALI1 variant,CPX-2204,ECO:0005547(biological system reconstruction evidence based on inference from background scientific knowledge used in manual assertion);Polycomb repressive complex 2.2, EZH2-RBBP4 variant,CPX-2209,ECO:0000353(physical interaction evidence used in manual assertion);Polycomb repressive complex 2.2, EZH2-RBBP7 variant,CPX-2213,ECO:0005546(biological system reconstruction evidence based on paralogy evidence used in manual assertion);Polycomb repressive complex 2.1, EZH2-RBBP7-PCL1-PALI1 variant,CPX-2311,ECO:0005547(biological system reconstruction evidence based on inference from background scientific knowledge used in manual assertion);Polycomb repressive complex 2.1, EZH2-RBBP4-PCL2-PALI1 variant,CPX-2312,ECO:0005547(biological system reconstruction evidence based on inference from background scientific knowledge used in manual assertion);Polycomb repressive complex 2.1,EZH2-RBBP7-PCL2-PALI1 variant,CPX-2314,ECO:0005547(biological system reconstruction evidence based on inference from background scientific knowledge used in manual assertion);Polycomb repressive complex 2.1,EZH2-RBBP7-PCL3-PALI1 variant,CPX-2316,ECO:0005547(biological system reconstruction evidence based on inference from background scientific knowledge used in manual assertion);Polycomb repressive complex 2.1, EZH2-RBBP4-PCL1-EPOP variant,CPX-2324,ECO:0005547(biological system reconstruction evidence based on inference from background scientific knowledge used in manual assertion);Polycomb repressive complex 2.1, EZH2-RBBP7-PCL1-EPOP variant,CPX-2325,ECO:0005547(biological system reconstruction evidence based on inference from background scientific knowledge used in manual assertion);Polycomb repressive complex 2.1, EZH2-RBBP4-PCL2-EPOP variant,CPX-2326,ECO:0005547(biological system reconstruction evidence based on inference from background scientific knowledge used in manual assertion);Polycomb repressive complex 2.1, EZH2-RBBP7-PCL2-EPOP variant,CPX-2327,ECO:0005547(biological system reconstruction evidence based on inference from background scientific knowledge used in manual assertion);Polycomb repressive complex 2.1, EZH2-RBBP4-PCL3-EPOP variant,CPX-2328,ECO:0005547(biological system reconstruction evidence based on inference from background scientific knowledge used in manual assertion);Polycomb repressive complex 2.1, EZH2-RBBP7-PCL3-EPOP variant,CPX-2329,ECO:0005547(biological system reconstruction evidence based on inference from background scientific knowledge used in manual assertion)";RP01057781;ILF3-DT;lncRNA;Homo sapiens;TF;Homo sapiens;NCBI:147727;NCBI:2146;0.4791;qRT-PCR//ChIP//RIP//RNA pull-down assay;;;2875;ENSG00000267100;-2.55047399447468;1.59023087311001;-9.99485544174391;4.3118614312331494e-12;1.65306630339579e-10;17.4836364682991
13186;916258;EZH2;Q15910;Histone-lysine N-methyltransferase EZH2;Nucleus (ECO:0000269);Nucleoplasm (Supported);;Histone modification, Histone PTM writers, Centromere-associated, Telomere-associated, Heterochromatin-associated;Histone PTM writers;"Alabert et al., 2014; Alvarez et al., 2023; Ginno et al., 2018; Itzhak et al., 2016; Kustatscher et al., 2014; Shi et al., 2021";9.93;"SET(SET domain,PF00856);EZH2_WD-Binding(WD repeat binding protein EZH2,PF11616);Ezh2_MCSS(PF21358);preSET_CXC(CXC domain,PF18264);PRC2_HTH_1(Polycomb repressive complex 2 tri-helical domain,PF18118)";746;"Polycomb repressive complex 2.1,EZH2-RBBP4-PCL3-PALI1 variant,CPX-2198,ECO:0005547(biological system reconstruction evidence based on inference from background scientific knowledge used in manual assertion);Polycomb repressive complex 2.1, EZH2-RBBP4-PCL1-PALI1 variant,CPX-2204,ECO:0005547(biological system reconstruction evidence based on inference from background scientific knowledge used in manual assertion);Polycomb repressive complex 2.2, EZH2-RBBP4 variant,CPX-2209,ECO:0000353(physical interaction evidence used in manual assertion);Polycomb repressive complex 2.2, EZH2-RBBP7 variant,CPX-2213,ECO:0005546(biological system reconstruction evidence based on paralogy evidence used in manual assertion);Polycomb repressive complex 2.1, EZH2-RBBP7-PCL1-PALI1 variant,CPX-2311,ECO:0005547(biological system reconstruction evidence based on inference from background scientific knowledge used in manual assertion);Polycomb repressive complex 2.1, EZH2-RBBP4-PCL2-PALI1 variant,CPX-2312,ECO:0005547(biological system reconstruction evidence based on inference from background scientific knowledge used in manual assertion);Polycomb repressive complex 2.1,EZH2-RBBP7-PCL2-PALI1 variant,CPX-2314,ECO:0005547(biological system reconstruction evidence based on inference from background scientific knowledge used in manual assertion);Polycomb repressive complex 2.1,EZH2-RBBP7-PCL3-PALI1 variant,CPX-2316,ECO:0005547(biological system reconstruction evidence based on inference from background scientific knowledge used in manual assertion);Polycomb repressive complex 2.1, EZH2-RBBP4-PCL1-EPOP variant,CPX-2324,ECO:0005547(biological system reconstruction evidence based on inference from background scientific knowledge used in manual assertion);Polycomb repressive complex 2.1, EZH2-RBBP7-PCL1-EPOP variant,CPX-2325,ECO:0005547(biological system reconstruction evidence based on inference from background scientific knowledge used in manual assertion);Polycomb repressive complex 2.1, EZH2-RBBP4-PCL2-EPOP variant,CPX-2326,ECO:0005547(biological system reconstruction evidence based on inference from background scientific knowledge used in manual assertion);Polycomb repressive complex 2.1, EZH2-RBBP7-PCL2-EPOP variant,CPX-2327,ECO:0005547(biological system reconstruction evidence based on inference from background scientific knowledge used in manual assertion);Polycomb repressive complex 2.1, EZH2-RBBP4-PCL3-EPOP variant,CPX-2328,ECO:0005547(biological system reconstruction evidence based on inference from background scientific knowledge used in manual assertion);Polycomb repressive complex 2.1, EZH2-RBBP7-PCL3-EPOP variant,CPX-2329,ECO:0005547(biological system reconstruction evidence based on inference from background scientific knowledge used in manual assertion)";RP00172010;FOXD2-AS1;lncRNA;Homo sapiens;TF;Homo sapiens;NCBI:84793;NCBI:2146;0.5069;RIP//RNA pull-down assay;ChIP-seq;;1276;ENSG00000237424;-1.8714959216105;0.3642643731734;-7.73367357319933;2.9184334875863704e-09;4.32318650784361e-08;11.0015376011454
13247;916038;EZH2;Q15910;Histone-lysine N-methyltransferase EZH2;Nucleus (ECO:0000269);Nucleoplasm (Supported);;Histone modification, Histone PTM writers, Centromere-associated, Telomere-associated, Heterochromatin-associated;Histone PTM writers;"Alabert et al., 2014; Alvarez et al., 2023; Ginno et al., 2018; Itzhak et al., 2016; Kustatscher et al., 2014; Shi et al., 2021";9.93;"SET(SET domain,PF00856);EZH2_WD-Binding(WD repeat binding protein EZH2,PF11616);Ezh2_MCSS(PF21358);preSET_CXC(CXC domain,PF18264);PRC2_HTH_1(Polycomb repressive complex 2 tri-helical domain,PF18118)";746;"Polycomb repressive complex 2.1,EZH2-RBBP4-PCL3-PALI1 variant,CPX-2198,ECO:0005547(biological system reconstruction evidence based on inference from background scientific knowledge used in manual assertion);Polycomb repressive complex 2.1, EZH2-RBBP4-PCL1-PALI1 variant,CPX-2204,ECO:0005547(biological system reconstruction evidence based on inference from background scientific knowledge used in manual assertion);Polycomb repressive complex 2.2, EZH2-RBBP4 variant,CPX-2209,ECO:0000353(physical interaction evidence used in manual assertion);Polycomb repressive complex 2.2, EZH2-RBBP7 variant,CPX-2213,ECO:0005546(biological system reconstruction evidence based on paralogy evidence used in manual assertion);Polycomb repressive complex 2.1, EZH2-RBBP7-PCL1-PALI1 variant,CPX-2311,ECO:0005547(biological system reconstruction evidence based on inference from background scientific knowledge used in manual assertion);Polycomb repressive complex 2.1, EZH2-RBBP4-PCL2-PALI1 variant,CPX-2312,ECO:0005547(biological system reconstruction evidence based on inference from background scientific knowledge used in manual assertion);Polycomb repressive complex 2.1,EZH2-RBBP7-PCL2-PALI1 variant,CPX-2314,ECO:0005547(biological system reconstruction evidence based on inference from background scientific knowledge used in manual assertion);Polycomb repressive complex 2.1,EZH2-RBBP7-PCL3-PALI1 variant,CPX-2316,ECO:0005547(biological system reconstruction evidence based on inference from background scientific knowledge used in manual assertion);Polycomb repressive complex 2.1, EZH2-RBBP4-PCL1-EPOP variant,CPX-2324,ECO:0005547(biological system reconstruction evidence based on inference from background scientific knowledge used in manual assertion);Polycomb repressive complex 2.1, EZH2-RBBP7-PCL1-EPOP variant,CPX-2325,ECO:0005547(biological system reconstruction evidence based on inference from background scientific knowledge used in manual assertion);Polycomb repressive complex 2.1, EZH2-RBBP4-PCL2-EPOP variant,CPX-2326,ECO:0005547(biological system reconstruction evidence based on inference from background scientific knowledge used in manual assertion);Polycomb repressive complex 2.1, EZH2-RBBP7-PCL2-EPOP variant,CPX-2327,ECO:0005547(biological system reconstruction evidence based on inference from background scientific knowledge used in manual assertion);Polycomb repressive complex 2.1, EZH2-RBBP4-PCL3-EPOP variant,CPX-2328,ECO:0005547(biological system reconstruction evidence based on inference from background scientific knowledge used in manual assertion);Polycomb repressive complex 2.1, EZH2-RBBP7-PCL3-EPOP variant,CPX-2329,ECO:0005547(biological system reconstruction evidence based on inference from background scientific knowledge used in manual assertion)";RP01052492;DANCR;lncRNA;Homo sapiens;TF;Homo sapiens;NCBI:57291;NCBI:2146;0.4962;ChIP//RIP//RNA pull-down assay;;;493;ENSG00000226950;-1.97490458175396;2.8150326492749;-6.0781695760482;4.79377709969811e-07;4.02543318531536e-06;5.93825752661623
13257;915836;EZH2;Q15910;Histone-lysine N-methyltransferase EZH2;Nucleus (ECO:0000269);Nucleoplasm (Supported);;Histone modification, Histone PTM writers, Centromere-associated, Telomere-associated, Heterochromatin-associated;Histone PTM writers;"Alabert et al., 2014; Alvarez et al., 2023; Ginno et al., 2018; Itzhak et al., 2016; Kustatscher et al., 2014; Shi et al., 2021";9.93;"SET(SET domain,PF00856);EZH2_WD-Binding(WD repeat binding protein EZH2,PF11616);Ezh2_MCSS(PF21358);preSET_CXC(CXC domain,PF18264);PRC2_HTH_1(Polycomb repressive complex 2 tri-helical domain,PF18118)";746;"Polycomb repressive complex 2.1,EZH2-RBBP4-PCL3-PALI1 variant,CPX-2198,ECO:0005547(biological system reconstruction evidence based on inference from background scientific knowledge used in manual assertion);Polycomb repressive complex 2.1, EZH2-RBBP4-PCL1-PALI1 variant,CPX-2204,ECO:0005547(biological system reconstruction evidence based on inference from background scientific knowledge used in manual assertion);Polycomb repressive complex 2.2, EZH2-RBBP4 variant,CPX-2209,ECO:0000353(physical interaction evidence used in manual assertion);Polycomb repressive complex 2.2, EZH2-RBBP7 variant,CPX-2213,ECO:0005546(biological system reconstruction evidence based on paralogy evidence used in manual assertion);Polycomb repressive complex 2.1, EZH2-RBBP7-PCL1-PALI1 variant,CPX-2311,ECO:0005547(biological system reconstruction evidence based on inference from background scientific knowledge used in manual assertion);Polycomb repressive complex 2.1, EZH2-RBBP4-PCL2-PALI1 variant,CPX-2312,ECO:0005547(biological system reconstruction evidence based on inference from background scientific knowledge used in manual assertion);Polycomb repressive complex 2.1,EZH2-RBBP7-PCL2-PALI1 variant,CPX-2314,ECO:0005547(biological system reconstruction evidence based on inference from background scientific knowledge used in manual assertion);Polycomb repressive complex 2.1,EZH2-RBBP7-PCL3-PALI1 variant,CPX-2316,ECO:0005547(biological system reconstruction evidence based on inference from background scientific knowledge used in manual assertion);Polycomb repressive complex 2.1, EZH2-RBBP4-PCL1-EPOP variant,CPX-2324,ECO:0005547(biological system reconstruction evidence based on inference from background scientific knowledge used in manual assertion);Polycomb repressive complex 2.1, EZH2-RBBP7-PCL1-EPOP variant,CPX-2325,ECO:0005547(biological system reconstruction evidence based on inference from background scientific knowledge used in manual assertion);Polycomb repressive complex 2.1, EZH2-RBBP4-PCL2-EPOP variant,CPX-2326,ECO:0005547(biological system reconstruction evidence based on inference from background scientific knowledge used in manual assertion);Polycomb repressive complex 2.1, EZH2-RBBP7-PCL2-EPOP variant,CPX-2327,ECO:0005547(biological system reconstruction evidence based on inference from background scientific knowledge used in manual assertion);Polycomb repressive complex 2.1, EZH2-RBBP4-PCL3-EPOP variant,CPX-2328,ECO:0005547(biological system reconstruction evidence based on inference from background scientific knowledge used in manual assertion);Polycomb repressive complex 2.1, EZH2-RBBP7-PCL3-EPOP variant,CPX-2329,ECO:0005547(biological system reconstruction evidence based on inference from background scientific knowledge used in manual assertion)";RP01060130;CCAT2;lncRNA;Homo sapiens;TF;Homo sapiens;NCBI:101805488;NCBI:2146;0.4217;ChIP//RIP;ChIP-seq;;3930;ENSG00000280997;-1.9992829610655;-2.11172082817622;-9.69167526004849;9.955767792679329e-12;3.32412024633349e-10;16.6519716585031
17131;933802;FBL;P22087;rRNA 2'-O-methyltransferase fibrillarin;Nucleolus (ECO:0000269), Nucleoplasm (ECO:0000250);Nucleoli fibrillar center (Supported), Nucleoplasm (Approved);nucleolus_fc_dfc (annotations_grade_3);Histone modification, Nuclear RNA binding proteins, Preribosome-associated, RNA processing, RNA modification;Histone modification;"Alabert et al., 2014; Alvarez et al., 2023; Ginno et al., 2018; Itzhak et al., 2016; Shi et al., 2021; Torrente et al., 2011; Ugur et al., 2023";298.0;Fibrillarin(Fibrillarin,PF01269);321;Small ribosomal subunit processome,CPX-2511,ECO:0005547(biological system reconstruction evidence based on inference from background scientific knowledge used in manual assertion);RP36055981;SLC25A5-AS1;lncRNA;Homo sapiens;protein;Homo sapiens;NCBI:100303728;NCBI:2091;0.2152;CLIP;;;304;ENSG00000224281;-1.53643277672215;-1.38347150960606;-7.8519889040719;2.04449526868163e-09;3.24573267748816e-08;11.3554871587804
17133;934056;FBL;P22087;rRNA 2'-O-methyltransferase fibrillarin;Nucleolus (ECO:0000269), Nucleoplasm (ECO:0000250);Nucleoli fibrillar center (Supported), Nucleoplasm (Approved);nucleolus_fc_dfc (annotations_grade_3);Histone modification, Nuclear RNA binding proteins, Preribosome-associated, RNA processing, RNA modification;Histone modification;"Alabert et al., 2014; Alvarez et al., 2023; Ginno et al., 2018; Itzhak et al., 2016; Shi et al., 2021; Torrente et al., 2011; Ugur et al., 2023";298.0;Fibrillarin(Fibrillarin,PF01269);321;Small ribosomal subunit processome,CPX-2511,ECO:0005547(biological system reconstruction evidence based on inference from background scientific knowledge used in manual assertion);RP08301385;SNHG1;lncRNA;Homo sapiens;RBP;Homo sapiens;NCBI:23642;NCBI:2091;0.3289;CLIP;PAR-CLIP;;2023;ENSG00000255717;-3.1343954975797;3.5255615293517;-12.1724795306288;1.50067688859263e-14;2.52533906812367e-12;23.0956312855758
17134;934058;FBL;P22087;rRNA 2'-O-methyltransferase fibrillarin;Nucleolus (ECO:0000269), Nucleoplasm (ECO:0000250);Nucleoli fibrillar center (Supported), Nucleoplasm (Approved);nucleolus_fc_dfc (annotations_grade_3);Histone modification, Nuclear RNA binding proteins, Preribosome-associated, RNA processing, RNA modification;Histone modification;"Alabert et al., 2014; Alvarez et al., 2023; Ginno et al., 2018; Itzhak et al., 2016; Shi et al., 2021; Torrente et al., 2011; Ugur et al., 2023";298.0;Fibrillarin(Fibrillarin,PF01269);321;Small ribosomal subunit processome,CPX-2511,ECO:0005547(biological system reconstruction evidence based on inference from background scientific knowledge used in manual assertion);RP33728751;SNHG11;lncRNA;Homo sapiens;RBP;Homo sapiens;NCBI:128439;NCBI:2091;0.3289;CLIP;PAR-CLIP;;25;ENSG00000174365;-1.93584870158956;0.727560758018254;-8.01486359681623;1.25563120362735e-09;2.12146203761457e-08;11.840398547648
17135;934059;FBL;P22087;rRNA 2'-O-methyltransferase fibrillarin;Nucleolus (ECO:0000269), Nucleoplasm (ECO:0000250);Nucleoli fibrillar center (Supported), Nucleoplasm (Approved);nucleolus_fc_dfc (annotations_grade_3);Histone modification, Nuclear RNA binding proteins, Preribosome-associated, RNA processing, RNA modification;Histone modification;"Alabert et al., 2014; Alvarez et al., 2023; Ginno et al., 2018; Itzhak et al., 2016; Shi et al., 2021; Torrente et al., 2011; Ugur et al., 2023";298.0;Fibrillarin(Fibrillarin,PF01269);321;Small ribosomal subunit processome,CPX-2511,ECO:0005547(biological system reconstruction evidence based on inference from background scientific knowledge used in manual assertion);RP33600047;SNHG15;lncRNA;Homo sapiens;RBP;Homo sapiens;NCBI:285958;NCBI:2091;0.3289;CLIP;PAR-CLIP;;966;ENSG00000232956;-2.77917597283892;1.81941702980103;-9.99049401552001;4.36370990206709e-12;1.65388536558525e-10;17.4717593121349
17136;934060;FBL;P22087;rRNA 2'-O-methyltransferase fibrillarin;Nucleolus (ECO:0000269), Nucleoplasm (ECO:0000250);Nucleoli fibrillar center (Supported), Nucleoplasm (Approved);nucleolus_fc_dfc (annotations_grade_3);Histone modification, Nuclear RNA binding proteins, Preribosome-associated, RNA processing, RNA modification;Histone modification;"Alabert et al., 2014; Alvarez et al., 2023; Ginno et al., 2018; Itzhak et al., 2016; Shi et al., 2021; Torrente et al., 2011; Ugur et al., 2023";298.0;Fibrillarin(Fibrillarin,PF01269);321;Small ribosomal subunit processome,CPX-2511,ECO:0005547(biological system reconstruction evidence based on inference from background scientific knowledge used in manual assertion);RP08301416;SNHG16;lncRNA;Homo sapiens;RBP;Homo sapiens;NCBI:100507246;NCBI:2091;0.3289;CLIP;PAR-CLIP;;17;ENSG00000163597;-1.76574685009836;3.88332039022155;-7.2253013716623;1.36790691052561e-08;1.73860555062877e-07;9.46585361999884
17137;934061;FBL;P22087;rRNA 2'-O-methyltransferase fibrillarin;Nucleolus (ECO:0000269), Nucleoplasm (ECO:0000250);Nucleoli fibrillar center (Supported), Nucleoplasm (Approved);nucleolus_fc_dfc (annotations_grade_3);Histone modification, Nuclear RNA binding proteins, Preribosome-associated, RNA processing, RNA modification;Histone modification;"Alabert et al., 2014; Alvarez et al., 2023; Ginno et al., 2018; Itzhak et al., 2016; Shi et al., 2021; Torrente et al., 2011; Ugur et al., 2023";298.0;Fibrillarin(Fibrillarin,PF01269);321;Small ribosomal subunit processome,CPX-2511,ECO:0005547(biological system reconstruction evidence based on inference from background scientific knowledge used in manual assertion);RP08301426;SNHG17;lncRNA;Homo sapiens;RBP;Homo sapiens;NCBI:388796;NCBI:2091;0.3289;CLIP;PAR-CLIP;;95;ENSG00000196756;-2.91593577289014;2.76693240053218;-11.8719733234314;3.16171674568078e-14;4.15666948408721e-12;22.3586429297008
17140;934069;FBL;P22087;rRNA 2'-O-methyltransferase fibrillarin;Nucleolus (ECO:0000269), Nucleoplasm (ECO:0000250);Nucleoli fibrillar center (Supported), Nucleoplasm (Approved);nucleolus_fc_dfc (annotations_grade_3);Histone modification, Nuclear RNA binding proteins, Preribosome-associated, RNA processing, RNA modification;Histone modification;"Alabert et al., 2014; Alvarez et al., 2023; Ginno et al., 2018; Itzhak et al., 2016; Shi et al., 2021; Torrente et al., 2011; Ugur et al., 2023";298.0;Fibrillarin(Fibrillarin,PF01269);321;Small ribosomal subunit processome,CPX-2511,ECO:0005547(biological system reconstruction evidence based on inference from background scientific knowledge used in manual assertion);RP08301437;SNHG5;lncRNA;Homo sapiens;RBP;Homo sapiens;NCBI:387066;NCBI:2091;0.3289;CLIP;PAR-CLIP;;132;ENSG00000203875;-2.79357818092896;3.17229546572489;-7.92087451041262;1.6629897857665301e-09;2.70123476012347e-08;11.5609108469976
17141;934070;FBL;P22087;rRNA 2'-O-methyltransferase fibrillarin;Nucleolus (ECO:0000269), Nucleoplasm (ECO:0000250);Nucleoli fibrillar center (Supported), Nucleoplasm (Approved);nucleolus_fc_dfc (annotations_grade_3);Histone modification, Nuclear RNA binding proteins, Preribosome-associated, RNA processing, RNA modification;Histone modification;"Alabert et al., 2014; Alvarez et al., 2023; Ginno et al., 2018; Itzhak et al., 2016; Shi et al., 2021; Torrente et al., 2011; Ugur et al., 2023";298.0;Fibrillarin(Fibrillarin,PF01269);321;Small ribosomal subunit processome,CPX-2511,ECO:0005547(biological system reconstruction evidence based on inference from background scientific knowledge used in manual assertion);RP08301441;SNHG6;lncRNA;Homo sapiens;RBP;Homo sapiens;NCBI:641638;NCBI:2091;0.3289;CLIP;PAR-CLIP;;1482;ENSG00000245910;-3.02030504081192;2.13635252691397;-9.00111087542265;6.998606051362839e-11;1.6448679138594102e-09;14.7126214928218
17143;934336;FBL;P22087;rRNA 2'-O-methyltransferase fibrillarin;Nucleolus (ECO:0000269), Nucleoplasm (ECO:0000250);Nucleoli fibrillar center (Supported), Nucleoplasm (Approved);nucleolus_fc_dfc (annotations_grade_3);Histone modification, Nuclear RNA binding proteins, Preribosome-associated, RNA processing, RNA modification;Histone modification;"Alabert et al., 2014; Alvarez et al., 2023; Ginno et al., 2018; Itzhak et al., 2016; Shi et al., 2021; Torrente et al., 2011; Ugur et al., 2023";298.0;Fibrillarin(Fibrillarin,PF01269);321;Small ribosomal subunit processome,CPX-2511,ECO:0005547(biological system reconstruction evidence based on inference from background scientific knowledge used in manual assertion);RP36107025;SRP14-AS1;lncRNA;Homo sapiens;protein;Homo sapiens;NCBI:100131089;NCBI:2091;0.2152;CLIP;;;1556;ENSG00000248508;-2.19894713477944;0.563780192006873;-7.86439606590049;1.9697654311136e-09;3.13894059420262e-08;11.3925225023124
17191;932129;FBL;P22087;rRNA 2'-O-methyltransferase fibrillarin;Nucleolus (ECO:0000269), Nucleoplasm (ECO:0000250);Nucleoli fibrillar center (Supported), Nucleoplasm (Approved);nucleolus_fc_dfc (annotations_grade_3);Histone modification, Nuclear RNA binding proteins, Preribosome-associated, RNA processing, RNA modification;Histone modification;"Alabert et al., 2014; Alvarez et al., 2023; Ginno et al., 2018; Itzhak et al., 2016; Shi et al., 2021; Torrente et al., 2011; Ugur et al., 2023";298.0;Fibrillarin(Fibrillarin,PF01269);321;Small ribosomal subunit processome,CPX-2511,ECO:0005547(biological system reconstruction evidence based on inference from background scientific knowledge used in manual assertion);RP08301534;PVT1;lncRNA;Homo sapiens;RBP;Homo sapiens;NCBI:5820;NCBI:2091;0.3289;CLIP;PAR-CLIP;;1653;ENSG00000249859;-2.94835528412177;3.44033601704875;-13.2423529425615;1.1556977876688e-15;4.42001872065694e-13;25.6256393463927
17192;932342;FBL;P22087;rRNA 2'-O-methyltransferase fibrillarin;Nucleolus (ECO:0000269), Nucleoplasm (ECO:0000250);Nucleoli fibrillar center (Supported), Nucleoplasm (Approved);nucleolus_fc_dfc (annotations_grade_3);Histone modification, Nuclear RNA binding proteins, Preribosome-associated, RNA processing, RNA modification;Histone modification;"Alabert et al., 2014; Alvarez et al., 2023; Ginno et al., 2018; Itzhak et al., 2016; Shi et al., 2021; Torrente et al., 2011; Ugur et al., 2023";298.0;Fibrillarin(Fibrillarin,PF01269);321;Small ribosomal subunit processome,CPX-2511,ECO:0005547(biological system reconstruction evidence based on inference from background scientific knowledge used in manual assertion);RP33776908;RBFADN;lncRNA;Homo sapiens;RBP;Homo sapiens;NCBI:100506070;NCBI:2091;0.3289;CLIP;PAR-CLIP;;2585;ENSG00000261126;-1.55643035769149;-1.35961443816084;-5.25638895086853;6.25906465106392e-06;3.89524925843579e-05;3.4030320245472
17254;935960;FBL;P22087;rRNA 2'-O-methyltransferase fibrillarin;Nucleolus (ECO:0000269), Nucleoplasm (ECO:0000250);Nucleoli fibrillar center (Supported), Nucleoplasm (Approved);nucleolus_fc_dfc (annotations_grade_3);Histone modification, Nuclear RNA binding proteins, Preribosome-associated, RNA processing, RNA modification;Histone modification;"Alabert et al., 2014; Alvarez et al., 2023; Ginno et al., 2018; Itzhak et al., 2016; Shi et al., 2021; Torrente et al., 2011; Ugur et al., 2023";298.0;Fibrillarin(Fibrillarin,PF01269);321;Small ribosomal subunit processome,CPX-2511,ECO:0005547(biological system reconstruction evidence based on inference from background scientific knowledge used in manual assertion);RP33689635;WDFY3-AS2;lncRNA;Homo sapiens;RBP;Homo sapiens;NCBI:404201;NCBI:2091;0.3289;CLIP;PAR-CLIP;;60;ENSG00000180769;1.76681881282403;-0.989480559432154;4.4117767021852;8.43753639815283e-05;0.0004185933446583;0.857124461810423
17255;936062;FBL;P22087;rRNA 2'-O-methyltransferase fibrillarin;Nucleolus (ECO:0000269), Nucleoplasm (ECO:0000250);Nucleoli fibrillar center (Supported), Nucleoplasm (Approved);nucleolus_fc_dfc (annotations_grade_3);Histone modification, Nuclear RNA binding proteins, Preribosome-associated, RNA processing, RNA modification;Histone modification;"Alabert et al., 2014; Alvarez et al., 2023; Ginno et al., 2018; Itzhak et al., 2016; Shi et al., 2021; Torrente et al., 2011; Ugur et al., 2023";298.0;Fibrillarin(Fibrillarin,PF01269);321;Small ribosomal subunit processome,CPX-2511,ECO:0005547(biological system reconstruction evidence based on inference from background scientific knowledge used in manual assertion);RP08301444;XIST;lncRNA;Homo sapiens;RBP;Homo sapiens;NCBI:7503;NCBI:2091;0.3289;CLIP;PAR-CLIP;;718;ENSG00000229807;-6.57326935078366;1.54159830942689;-4.14945804433362;0.0001856278660776;0.0008424341236124;0.0917621252499083
17256;935265;FBL;P22087;rRNA 2'-O-methyltransferase fibrillarin;Nucleolus (ECO:0000269), Nucleoplasm (ECO:0000250);Nucleoli fibrillar center (Supported), Nucleoplasm (Approved);nucleolus_fc_dfc (annotations_grade_3);Histone modification, Nuclear RNA binding proteins, Preribosome-associated, RNA processing, RNA modification;Histone modification;"Alabert et al., 2014; Alvarez et al., 2023; Ginno et al., 2018; Itzhak et al., 2016; Shi et al., 2021; Torrente et al., 2011; Ugur et al., 2023";298.0;Fibrillarin(Fibrillarin,PF01269);321;Small ribosomal subunit processome,CPX-2511,ECO:0005547(biological system reconstruction evidence based on inference from background scientific knowledge used in manual assertion);RP36294672;TP53TG1;lncRNA;Homo sapiens;protein;Homo sapiens;NCBI:11257;NCBI:2091;0.2152;CLIP;;;65;ENSG00000182165;-1.57710008276527;0.273490325857145;-5.00587619209585;1.36356183430206e-05;7.98956077563895e-05;2.63819594067564
17266;936576;FBL;P22087;rRNA 2'-O-methyltransferase fibrillarin;Nucleolus (ECO:0000269), Nucleoplasm (ECO:0000250);Nucleoli fibrillar center (Supported), Nucleoplasm (Approved);nucleolus_fc_dfc (annotations_grade_3);Histone modification, Nuclear RNA binding proteins, Preribosome-associated, RNA processing, RNA modification;Histone modification;"Alabert et al., 2014; Alvarez et al., 2023; Ginno et al., 2018; Itzhak et al., 2016; Shi et al., 2021; Torrente et al., 2011; Ugur et al., 2023";298.0;Fibrillarin(Fibrillarin,PF01269);321;Small ribosomal subunit processome,CPX-2511,ECO:0005547(biological system reconstruction evidence based on inference from background scientific knowledge used in manual assertion);RP36544800;ZNF674-AS1;lncRNA;Homo sapiens;protein;Homo sapiens;NCBI:401588;NCBI:2091;0.2152;CLIP;;;807;ENSG00000230844;-1.62664520516677;0.363252398583748;-7.05603251390023;2.29965338016828e-08;2.74069171965097e-07;8.94978867878412
17267;936390;FBL;P22087;rRNA 2'-O-methyltransferase fibrillarin;Nucleolus (ECO:0000269), Nucleoplasm (ECO:0000250);Nucleoli fibrillar center (Supported), Nucleoplasm (Approved);nucleolus_fc_dfc (annotations_grade_3);Histone modification, Nuclear RNA binding proteins, Preribosome-associated, RNA processing, RNA modification;Histone modification;"Alabert et al., 2014; Alvarez et al., 2023; Ginno et al., 2018; Itzhak et al., 2016; Shi et al., 2021; Torrente et al., 2011; Ugur et al., 2023";298.0;Fibrillarin(Fibrillarin,PF01269);321;Small ribosomal subunit processome,CPX-2511,ECO:0005547(biological system reconstruction evidence based on inference from background scientific knowledge used in manual assertion);RP36528394;ZNF295-AS1;lncRNA;Homo sapiens;protein;Homo sapiens;NCBI:150142;NCBI:2091;0.2152;CLIP;;;1259;ENSG00000237232;-1.78655232255332;-2.42160609243871;-4.60970343409967;4.61965732210537e-05;0.0002426329382533;1.44412931303246
17268;926053;FBL;P22087;rRNA 2'-O-methyltransferase fibrillarin;Nucleolus (ECO:0000269), Nucleoplasm (ECO:0000250);Nucleoli fibrillar center (Supported), Nucleoplasm (Approved);nucleolus_fc_dfc (annotations_grade_3);Histone modification, Nuclear RNA binding proteins, Preribosome-associated, RNA processing, RNA modification;Histone modification;"Alabert et al., 2014; Alvarez et al., 2023; Ginno et al., 2018; Itzhak et al., 2016; Shi et al., 2021; Torrente et al., 2011; Ugur et al., 2023";298.0;Fibrillarin(Fibrillarin,PF01269);321;Small ribosomal subunit processome,CPX-2511,ECO:0005547(biological system reconstruction evidence based on inference from background scientific knowledge used in manual assertion);RP08301461;DISC1FP1;lncRNA;Homo sapiens;RBP;Homo sapiens;NCBI:101929222;NCBI:2091;0.2152;CLIP;PAR-CLIP;;2642;ENSG00000261645;-1.57960787827338;-2.09187619416356;-5.74915221319155;1.34209915776998e-06;9.95804436814516e-06;4.92061532040349
17269;926537;FBL;P22087;rRNA 2'-O-methyltransferase fibrillarin;Nucleolus (ECO:0000269), Nucleoplasm (ECO:0000250);Nucleoli fibrillar center (Supported), Nucleoplasm (Approved);nucleolus_fc_dfc (annotations_grade_3);Histone modification, Nuclear RNA binding proteins, Preribosome-associated, RNA processing, RNA modification;Histone modification;"Alabert et al., 2014; Alvarez et al., 2023; Ginno et al., 2018; Itzhak et al., 2016; Shi et al., 2021; Torrente et al., 2011; Ugur et al., 2023";298.0;Fibrillarin(Fibrillarin,PF01269);321;Small ribosomal subunit processome,CPX-2511,ECO:0005547(biological system reconstruction evidence based on inference from background scientific knowledge used in manual assertion);RP08301522;EPB41L4A-AS1;lncRNA;Homo sapiens;RBP;Homo sapiens;NCBI:114915;NCBI:2091;0.3289;CLIP;PAR-CLIP;;285;ENSG00000224032;-2.55110776467953;0.623872226190378;-8.55111286415612;2.57565840171701e-10;5.081461628800851e-09;13.4163564845539
17270;927263;FBL;P22087;rRNA 2'-O-methyltransferase fibrillarin;Nucleolus (ECO:0000269), Nucleoplasm (ECO:0000250);Nucleoli fibrillar center (Supported), Nucleoplasm (Approved);nucleolus_fc_dfc (annotations_grade_3);Histone modification, Nuclear RNA binding proteins, Preribosome-associated, RNA processing, RNA modification;Histone modification;"Alabert et al., 2014; Alvarez et al., 2023; Ginno et al., 2018; Itzhak et al., 2016; Shi et al., 2021; Torrente et al., 2011; Ugur et al., 2023";298.0;Fibrillarin(Fibrillarin,PF01269);321;Small ribosomal subunit processome,CPX-2511,ECO:0005547(biological system reconstruction evidence based on inference from background scientific knowledge used in manual assertion);RP08301391;GAS5;lncRNA;Homo sapiens;RBP;Homo sapiens;NCBI:60674;NCBI:2091;0.2152;CLIP;PAR-CLIP;;1098;ENSG00000234741;-2.56041864444156;3.87237361491495;-7.93865419283863;1.5767911812111202e-09;2.58115194527439e-08;11.6138519668715
17271;927085;FBL;P22087;rRNA 2'-O-methyltransferase fibrillarin;Nucleolus (ECO:0000269), Nucleoplasm (ECO:0000250);Nucleoli fibrillar center (Supported), Nucleoplasm (Approved);nucleolus_fc_dfc (annotations_grade_3);Histone modification, Nuclear RNA binding proteins, Preribosome-associated, RNA processing, RNA modification;Histone modification;"Alabert et al., 2014; Alvarez et al., 2023; Ginno et al., 2018; Itzhak et al., 2016; Shi et al., 2021; Torrente et al., 2011; Ugur et al., 2023";298.0;Fibrillarin(Fibrillarin,PF01269);321;Small ribosomal subunit processome,CPX-2511,ECO:0005547(biological system reconstruction evidence based on inference from background scientific knowledge used in manual assertion);RP33791004;FOXD2-AS1;lncRNA;Homo sapiens;RBP;Homo sapiens;NCBI:84793;NCBI:2091;0.3289;CLIP;PAR-CLIP;;1276;ENSG00000237424;-1.8714959216105;0.3642643731734;-7.73367357319933;2.9184334875863704e-09;4.32318650784361e-08;11.0015376011454
17273;926791;FBL;P22087;rRNA 2'-O-methyltransferase fibrillarin;Nucleolus (ECO:0000269), Nucleoplasm (ECO:0000250);Nucleoli fibrillar center (Supported), Nucleoplasm (Approved);nucleolus_fc_dfc (annotations_grade_3);Histone modification, Nuclear RNA binding proteins, Preribosome-associated, RNA processing, RNA modification;Histone modification;"Alabert et al., 2014; Alvarez et al., 2023; Ginno et al., 2018; Itzhak et al., 2016; Shi et al., 2021; Torrente et al., 2011; Ugur et al., 2023";298.0;Fibrillarin(Fibrillarin,PF01269);321;Small ribosomal subunit processome,CPX-2511,ECO:0005547(biological system reconstruction evidence based on inference from background scientific knowledge used in manual assertion);RP34872141;FAM225A;lncRNA;Homo sapiens;protein;Homo sapiens;NCBI:286333;NCBI:2091;0.2152;CLIP;;;861;ENSG00000231528;-1.75353117181884;-1.61684923410865;-7.12345495217864;1.86929863631861e-08;2.27287264826369e-07;9.15559815099274
17274;926792;FBL;P22087;rRNA 2'-O-methyltransferase fibrillarin;Nucleolus (ECO:0000269), Nucleoplasm (ECO:0000250);Nucleoli fibrillar center (Supported), Nucleoplasm (Approved);nucleolus_fc_dfc (annotations_grade_3);Histone modification, Nuclear RNA binding proteins, Preribosome-associated, RNA processing, RNA modification;Histone modification;"Alabert et al., 2014; Alvarez et al., 2023; Ginno et al., 2018; Itzhak et al., 2016; Shi et al., 2021; Torrente et al., 2011; Ugur et al., 2023";298.0;Fibrillarin(Fibrillarin,PF01269);321;Small ribosomal subunit processome,CPX-2511,ECO:0005547(biological system reconstruction evidence based on inference from background scientific knowledge used in manual assertion);RP34872219;FAM225B;lncRNA;Homo sapiens;protein;Homo sapiens;NCBI:100128385;NCBI:2091;0.2152;CLIP;;;395;ENSG00000225684;-1.61030932448821;-1.87837550245342;-7.75219932475669;2.7599855603138602e-09;4.1174678199434e-08;11.057050791022
17275;926605;FBL;P22087;rRNA 2'-O-methyltransferase fibrillarin;Nucleolus (ECO:0000269), Nucleoplasm (ECO:0000250);Nucleoli fibrillar center (Supported), Nucleoplasm (Approved);nucleolus_fc_dfc (annotations_grade_3);Histone modification, Nuclear RNA binding proteins, Preribosome-associated, RNA processing, RNA modification;Histone modification;"Alabert et al., 2014; Alvarez et al., 2023; Ginno et al., 2018; Itzhak et al., 2016; Shi et al., 2021; Torrente et al., 2011; Ugur et al., 2023";298.0;Fibrillarin(Fibrillarin,PF01269);321;Small ribosomal subunit processome,CPX-2511,ECO:0005547(biological system reconstruction evidence based on inference from background scientific knowledge used in manual assertion);RP34821012;ERVK13-1;lncRNA;Homo sapiens;protein;Homo sapiens;NCBI:100507321;NCBI:2091;0.2152;CLIP;;;2496;ENSG00000260565;-2.1793751357727;3.37818926211326;-7.65464711208258;3.7045425106337803e-09;5.33733230898503e-08;10.7643564661693
17276;926826;FBL;P22087;rRNA 2'-O-methyltransferase fibrillarin;Nucleolus (ECO:0000269), Nucleoplasm (ECO:0000250);Nucleoli fibrillar center (Supported), Nucleoplasm (Approved);nucleolus_fc_dfc (annotations_grade_3);Histone modification, Nuclear RNA binding proteins, Preribosome-associated, RNA processing, RNA modification;Histone modification;"Alabert et al., 2014; Alvarez et al., 2023; Ginno et al., 2018; Itzhak et al., 2016; Shi et al., 2021; Torrente et al., 2011; Ugur et al., 2023";298.0;Fibrillarin(Fibrillarin,PF01269);321;Small ribosomal subunit processome,CPX-2511,ECO:0005547(biological system reconstruction evidence based on inference from background scientific knowledge used in manual assertion);RP34874802;FAM66B;lncRNA;Homo sapiens;protein;Homo sapiens;NCBI:100128890;NCBI:2091;0.2152;CLIP;;;213;ENSG00000215374;-2.24058640920372;-1.15706040212715;-9.59984701820656;1.2857804725133199e-11;4.10967563783427e-10;16.3976687082489
17298;929691;FBL;P22087;rRNA 2'-O-methyltransferase fibrillarin;Nucleolus (ECO:0000269), Nucleoplasm (ECO:0000250);Nucleoli fibrillar center (Supported), Nucleoplasm (Approved);nucleolus_fc_dfc (annotations_grade_3);Histone modification, Nuclear RNA binding proteins, Preribosome-associated, RNA processing, RNA modification;Histone modification;"Alabert et al., 2014; Alvarez et al., 2023; Ginno et al., 2018; Itzhak et al., 2016; Shi et al., 2021; Torrente et al., 2011; Ugur et al., 2023";298.0;Fibrillarin(Fibrillarin,PF01269);321;Small ribosomal subunit processome,CPX-2511,ECO:0005547(biological system reconstruction evidence based on inference from background scientific knowledge used in manual assertion);RP08301387;MALAT1;lncRNA;Homo sapiens;RBP;Homo sapiens;NCBI:378938;NCBI:2091;0.3289;CLIP;PAR-CLIP;;1786;ENSG00000251562;-2.69192848146394;10.8069205658514;-9.99570573098169;4.30182645492996e-12;1.65306630339579e-10;17.4859517032396
17299;929757;FBL;P22087;rRNA 2'-O-methyltransferase fibrillarin;Nucleolus (ECO:0000269), Nucleoplasm (ECO:0000250);Nucleoli fibrillar center (Supported), Nucleoplasm (Approved);nucleolus_fc_dfc (annotations_grade_3);Histone modification, Nuclear RNA binding proteins, Preribosome-associated, RNA processing, RNA modification;Histone modification;"Alabert et al., 2014; Alvarez et al., 2023; Ginno et al., 2018; Itzhak et al., 2016; Shi et al., 2021; Torrente et al., 2011; Ugur et al., 2023";298.0;Fibrillarin(Fibrillarin,PF01269);321;Small ribosomal subunit processome,CPX-2511,ECO:0005547(biological system reconstruction evidence based on inference from background scientific knowledge used in manual assertion);RP35401386;MAPKAPK5-AS1;lncRNA;Homo sapiens;protein;Homo sapiens;NCBI:51275;NCBI:2091;0.2152;CLIP;;;1085;ENSG00000234608;-2.63252355737418;1.04822737889617;-8.99803411401456;7.0606353590824e-11;1.6502273864255401e-09;14.703843740093
17302;929980;FBL;P22087;rRNA 2'-O-methyltransferase fibrillarin;Nucleolus (ECO:0000269), Nucleoplasm (ECO:0000250);Nucleoli fibrillar center (Supported), Nucleoplasm (Approved);nucleolus_fc_dfc (annotations_grade_3);Histone modification, Nuclear RNA binding proteins, Preribosome-associated, RNA processing, RNA modification;Histone modification;"Alabert et al., 2014; Alvarez et al., 2023; Ginno et al., 2018; Itzhak et al., 2016; Shi et al., 2021; Torrente et al., 2011; Ugur et al., 2023";298.0;Fibrillarin(Fibrillarin,PF01269);321;Small ribosomal subunit processome,CPX-2511,ECO:0005547(biological system reconstruction evidence based on inference from background scientific knowledge used in manual assertion);RP35425789;MIR155HG;lncRNA;Homo sapiens;protein;Homo sapiens;NCBI:114614;NCBI:2091;0.2152;CLIP;;;1106;ENSG00000234883;-2.19892248664093;-0.895189111127164;-6.07619956133059;4.82339797346411e-07;4.03420184380984e-06;5.93216256204037
17303;929983;FBL;P22087;rRNA 2'-O-methyltransferase fibrillarin;Nucleolus (ECO:0000269), Nucleoplasm (ECO:0000250);Nucleoli fibrillar center (Supported), Nucleoplasm (Approved);nucleolus_fc_dfc (annotations_grade_3);Histone modification, Nuclear RNA binding proteins, Preribosome-associated, RNA processing, RNA modification;Histone modification;"Alabert et al., 2014; Alvarez et al., 2023; Ginno et al., 2018; Itzhak et al., 2016; Shi et al., 2021; Torrente et al., 2011; Ugur et al., 2023";298.0;Fibrillarin(Fibrillarin,PF01269);321;Small ribosomal subunit processome,CPX-2511,ECO:0005547(biological system reconstruction evidence based on inference from background scientific knowledge used in manual assertion);RP08301463;MIR181A1HG;lncRNA;Homo sapiens;RBP;Homo sapiens;NCBI:100131234;NCBI:2091;0.3289;CLIP;PAR-CLIP;;733;ENSG00000229989;-1.96778898192628;1.27892832409396;-6.45145267303389;1.49514635854925e-07;1.42309518787708e-06;7.09213857469546
17304;929990;FBL;P22087;rRNA 2'-O-methyltransferase fibrillarin;Nucleolus (ECO:0000269), Nucleoplasm (ECO:0000250);Nucleoli fibrillar center (Supported), Nucleoplasm (Approved);nucleolus_fc_dfc (annotations_grade_3);Histone modification, Nuclear RNA binding proteins, Preribosome-associated, RNA processing, RNA modification;Histone modification;"Alabert et al., 2014; Alvarez et al., 2023; Ginno et al., 2018; Itzhak et al., 2016; Shi et al., 2021; Torrente et al., 2011; Ugur et al., 2023";298.0;Fibrillarin(Fibrillarin,PF01269);321;Small ribosomal subunit processome,CPX-2511,ECO:0005547(biological system reconstruction evidence based on inference from background scientific knowledge used in manual assertion);RP33863359;MIR22HG;lncRNA;Homo sapiens;RBP;Homo sapiens;NCBI:84981;NCBI:2091;0.3289;CLIP;PAR-CLIP;;77;ENSG00000186594;-2.50560118250147;2.93862258387378;-7.53745059189184;5.2825980379258805e-09;7.35890395548152e-08;10.4115260666507
17305;929982;FBL;P22087;rRNA 2'-O-methyltransferase fibrillarin;Nucleolus (ECO:0000269), Nucleoplasm (ECO:0000250);Nucleoli fibrillar center (Supported), Nucleoplasm (Approved);nucleolus_fc_dfc (annotations_grade_3);Histone modification, Nuclear RNA binding proteins, Preribosome-associated, RNA processing, RNA modification;Histone modification;"Alabert et al., 2014; Alvarez et al., 2023; Ginno et al., 2018; Itzhak et al., 2016; Shi et al., 2021; Torrente et al., 2011; Ugur et al., 2023";298.0;Fibrillarin(Fibrillarin,PF01269);321;Small ribosomal subunit processome,CPX-2511,ECO:0005547(biological system reconstruction evidence based on inference from background scientific knowledge used in manual assertion);RP08301401;MIR17HG;lncRNA;Homo sapiens;RBP;Homo sapiens;NCBI:407975;NCBI:2091;0.3289;CLIP;PAR-CLIP;;215;ENSG00000215417;-1.84534139091266;0.99398029655203;-5.74834557141758;1.34549165469835e-06;9.96563977344356e-06;4.91812246599078
17306;931259;FBL;P22087;rRNA 2'-O-methyltransferase fibrillarin;Nucleolus (ECO:0000269), Nucleoplasm (ECO:0000250);Nucleoli fibrillar center (Supported), Nucleoplasm (Approved);nucleolus_fc_dfc (annotations_grade_3);Histone modification, Nuclear RNA binding proteins, Preribosome-associated, RNA processing, RNA modification;Histone modification;"Alabert et al., 2014; Alvarez et al., 2023; Ginno et al., 2018; Itzhak et al., 2016; Shi et al., 2021; Torrente et al., 2011; Ugur et al., 2023";298.0;Fibrillarin(Fibrillarin,PF01269);321;Small ribosomal subunit processome,CPX-2511,ECO:0005547(biological system reconstruction evidence based on inference from background scientific knowledge used in manual assertion);RP35724551;PCED1B-AS1;lncRNA;Homo sapiens;protein;Homo sapiens;NCBI:100233209;NCBI:2091;0.2152;CLIP;;;1521;ENSG00000247774;-2.61295475623359;4.78842240012784;-9.28143564660552;3.1479335290620895e-11;8.38187111187609e-10;15.5073161334113
17310;928334;FBL;P22087;rRNA 2'-O-methyltransferase fibrillarin;Nucleolus (ECO:0000269), Nucleoplasm (ECO:0000250);Nucleoli fibrillar center (Supported), Nucleoplasm (Approved);nucleolus_fc_dfc (annotations_grade_3);Histone modification, Nuclear RNA binding proteins, Preribosome-associated, RNA processing, RNA modification;Histone modification;"Alabert et al., 2014; Alvarez et al., 2023; Ginno et al., 2018; Itzhak et al., 2016; Shi et al., 2021; Torrente et al., 2011; Ugur et al., 2023";298.0;Fibrillarin(Fibrillarin,PF01269);321;Small ribosomal subunit processome,CPX-2511,ECO:0005547(biological system reconstruction evidence based on inference from background scientific knowledge used in manual assertion);RP33699066;IQCH-AS1;lncRNA;Homo sapiens;RBP;Homo sapiens;NCBI:100506686;NCBI:2091;0.3289;CLIP;PAR-CLIP;;2357;ENSG00000259673;-2.36524264156248;-0.0326418860202442;-8.03552475053475;1.1805743112048e-09;2.01897403546284e-08;11.9017115063395
17311;928458;FBL;P22087;rRNA 2'-O-methyltransferase fibrillarin;Nucleolus (ECO:0000269), Nucleoplasm (ECO:0000250);Nucleoli fibrillar center (Supported), Nucleoplasm (Approved);nucleolus_fc_dfc (annotations_grade_3);Histone modification, Nuclear RNA binding proteins, Preribosome-associated, RNA processing, RNA modification;Histone modification;"Alabert et al., 2014; Alvarez et al., 2023; Ginno et al., 2018; Itzhak et al., 2016; Shi et al., 2021; Torrente et al., 2011; Ugur et al., 2023";298.0;Fibrillarin(Fibrillarin,PF01269);321;Small ribosomal subunit processome,CPX-2511,ECO:0005547(biological system reconstruction evidence based on inference from background scientific knowledge used in manual assertion);RP08301542;JPX;lncRNA;Homo sapiens;RBP;Homo sapiens;NCBI:554203;NCBI:2091;0.3289;CLIP;PAR-CLIP;;374;ENSG00000225470;-1.81667140678558;3.58380683530008;-7.33868036440905;9.67227303315251e-09;1.24819793406358e-07;9.810288704289
17312;927714;FBL;P22087;rRNA 2'-O-methyltransferase fibrillarin;Nucleolus (ECO:0000269), Nucleoplasm (ECO:0000250);Nucleoli fibrillar center (Supported), Nucleoplasm (Approved);nucleolus_fc_dfc (annotations_grade_3);Histone modification, Nuclear RNA binding proteins, Preribosome-associated, RNA processing, RNA modification;Histone modification;"Alabert et al., 2014; Alvarez et al., 2023; Ginno et al., 2018; Itzhak et al., 2016; Shi et al., 2021; Torrente et al., 2011; Ugur et al., 2023";298.0;Fibrillarin(Fibrillarin,PF01269);321;Small ribosomal subunit processome,CPX-2511,ECO:0005547(biological system reconstruction evidence based on inference from background scientific knowledge used in manual assertion);RP35109627;HAR1B;lncRNA;Homo sapiens;protein;Homo sapiens;NCBI:768097;NCBI:2091;0.2152;CLIP;;;828;ENSG00000231133;-1.61445034017062;-2.16238637568102;-5.81875106476564;1.0793972440124e-06;8.16730972223051e-06;5.13576258998913
17317;929178;FBL;P22087;rRNA 2'-O-methyltransferase fibrillarin;Nucleolus (ECO:0000269), Nucleoplasm (ECO:0000250);Nucleoli fibrillar center (Supported), Nucleoplasm (Approved);nucleolus_fc_dfc (annotations_grade_3);Histone modification, Nuclear RNA binding proteins, Preribosome-associated, RNA processing, RNA modification;Histone modification;"Alabert et al., 2014; Alvarez et al., 2023; Ginno et al., 2018; Itzhak et al., 2016; Shi et al., 2021; Torrente et al., 2011; Ugur et al., 2023";298.0;Fibrillarin(Fibrillarin,PF01269);321;Small ribosomal subunit processome,CPX-2511,ECO:0005547(biological system reconstruction evidence based on inference from background scientific knowledge used in manual assertion);RP35307873;LINC00920;lncRNA;Homo sapiens;protein;Homo sapiens;NCBI:100505865;NCBI:2091;0.2152;CLIP;;;1508;ENSG00000246898;-1.55773065837821;-2.05647773741848;-5.54573127056217;2.536186777588e-06;1.72370561765957e-05;4.29264055347601
17318;929181;FBL;P22087;rRNA 2'-O-methyltransferase fibrillarin;Nucleolus (ECO:0000269), Nucleoplasm (ECO:0000250);Nucleoli fibrillar center (Supported), Nucleoplasm (Approved);nucleolus_fc_dfc (annotations_grade_3);Histone modification, Nuclear RNA binding proteins, Preribosome-associated, RNA processing, RNA modification;Histone modification;"Alabert et al., 2014; Alvarez et al., 2023; Ginno et al., 2018; Itzhak et al., 2016; Shi et al., 2021; Torrente et al., 2011; Ugur et al., 2023";298.0;Fibrillarin(Fibrillarin,PF01269);321;Small ribosomal subunit processome,CPX-2511,ECO:0005547(biological system reconstruction evidence based on inference from background scientific knowledge used in manual assertion);RP35308117;LINC00926;lncRNA;Homo sapiens;protein;Homo sapiens;NCBI:283663;NCBI:2091;0.2152;CLIP;;;1524;ENSG00000247982;-2.91105104767217;3.27604843264759;-7.78213923254109;2.5220837406324e-09;3.84274426400029e-08;11.1466953497868
17319;929187;FBL;P22087;rRNA 2'-O-methyltransferase fibrillarin;Nucleolus (ECO:0000269), Nucleoplasm (ECO:0000250);Nucleoli fibrillar center (Supported), Nucleoplasm (Approved);nucleolus_fc_dfc (annotations_grade_3);Histone modification, Nuclear RNA binding proteins, Preribosome-associated, RNA processing, RNA modification;Histone modification;"Alabert et al., 2014; Alvarez et al., 2023; Ginno et al., 2018; Itzhak et al., 2016; Shi et al., 2021; Torrente et al., 2011; Ugur et al., 2023";298.0;Fibrillarin(Fibrillarin,PF01269);321;Small ribosomal subunit processome,CPX-2511,ECO:0005547(biological system reconstruction evidence based on inference from background scientific knowledge used in manual assertion);RP35308578;LINC00940;lncRNA;Homo sapiens;protein;Homo sapiens;NCBI:100271702;NCBI:2091;0.2152;CLIP;;;1118;ENSG00000235049;-2.02215500039528;-2.3267320318411;-10.0877239726463;3.34492056322503e-12;1.34019817233216e-10;17.7359346982347
17320;929190;FBL;P22087;rRNA 2'-O-methyltransferase fibrillarin;Nucleolus (ECO:0000269), Nucleoplasm (ECO:0000250);Nucleoli fibrillar center (Supported), Nucleoplasm (Approved);nucleolus_fc_dfc (annotations_grade_3);Histone modification, Nuclear RNA binding proteins, Preribosome-associated, RNA processing, RNA modification;Histone modification;"Alabert et al., 2014; Alvarez et al., 2023; Ginno et al., 2018; Itzhak et al., 2016; Shi et al., 2021; Torrente et al., 2011; Ugur et al., 2023";298.0;Fibrillarin(Fibrillarin,PF01269);321;Small ribosomal subunit processome,CPX-2511,ECO:0005547(biological system reconstruction evidence based on inference from background scientific knowledge used in manual assertion);RP35308766;LINC00944;lncRNA;Homo sapiens;protein;Homo sapiens;NCBI:387895;NCBI:2091;0.2152;CLIP;;;2051;ENSG00000256128;-3.57226909312257;1.45482991672144;-9.01841630890728;6.65988117201706e-11;1.5779342449407802e-09;14.7619702673137
17321;929191;FBL;P22087;rRNA 2'-O-methyltransferase fibrillarin;Nucleolus (ECO:0000269), Nucleoplasm (ECO:0000250);Nucleoli fibrillar center (Supported), Nucleoplasm (Approved);nucleolus_fc_dfc (annotations_grade_3);Histone modification, Nuclear RNA binding proteins, Preribosome-associated, RNA processing, RNA modification;Histone modification;"Alabert et al., 2014; Alvarez et al., 2023; Ginno et al., 2018; Itzhak et al., 2016; Shi et al., 2021; Torrente et al., 2011; Ugur et al., 2023";298.0;Fibrillarin(Fibrillarin,PF01269);321;Small ribosomal subunit processome,CPX-2511,ECO:0005547(biological system reconstruction evidence based on inference from background scientific knowledge used in manual assertion);RP35308797;LINC00954;lncRNA;Homo sapiens;protein;Homo sapiens;NCBI:400946;NCBI:2091;0.2152;CLIP;;;632;ENSG00000228784;-2.47727010616684;1.73829963219017;-8.56988062195246;2.43822613252651e-10;4.86143001873888e-09;13.4709112252178
17322;929144;FBL;P22087;rRNA 2'-O-methyltransferase fibrillarin;Nucleolus (ECO:0000269), Nucleoplasm (ECO:0000250);Nucleoli fibrillar center (Supported), Nucleoplasm (Approved);nucleolus_fc_dfc (annotations_grade_3);Histone modification, Nuclear RNA binding proteins, Preribosome-associated, RNA processing, RNA modification;Histone modification;"Alabert et al., 2014; Alvarez et al., 2023; Ginno et al., 2018; Itzhak et al., 2016; Shi et al., 2021; Torrente et al., 2011; Ugur et al., 2023";298.0;Fibrillarin(Fibrillarin,PF01269);321;Small ribosomal subunit processome,CPX-2511,ECO:0005547(biological system reconstruction evidence based on inference from background scientific knowledge used in manual assertion);RP35305949;LINC00847;lncRNA;Homo sapiens;protein;Homo sapiens;NCBI:729678;NCBI:2091;0.2152;CLIP;;;1457;ENSG00000245060;-1.5544968499769;2.53522937087546;-6.93423902906258;3.34655191399944e-08;3.74439997398821e-07;8.57721719601313
17323;929149;FBL;P22087;rRNA 2'-O-methyltransferase fibrillarin;Nucleolus (ECO:0000269), Nucleoplasm (ECO:0000250);Nucleoli fibrillar center (Supported), Nucleoplasm (Approved);nucleolus_fc_dfc (annotations_grade_3);Histone modification, Nuclear RNA binding proteins, Preribosome-associated, RNA processing, RNA modification;Histone modification;"Alabert et al., 2014; Alvarez et al., 2023; Ginno et al., 2018; Itzhak et al., 2016; Shi et al., 2021; Torrente et al., 2011; Ugur et al., 2023";298.0;Fibrillarin(Fibrillarin,PF01269);321;Small ribosomal subunit processome,CPX-2511,ECO:0005547(biological system reconstruction evidence based on inference from background scientific knowledge used in manual assertion);RP35306233;LINC00861;lncRNA;Homo sapiens;protein;Homo sapiens;NCBI:100130231;NCBI:2091;0.2152;CLIP;;;1460;ENSG00000245164;-3.05855618995156;4.29350130925531;-8.62946445815152;2.0492267636125701e-10;4.16478115677202e-09;13.6438323723828
17324;929152;FBL;P22087;rRNA 2'-O-methyltransferase fibrillarin;Nucleolus (ECO:0000269), Nucleoplasm (ECO:0000250);Nucleoli fibrillar center (Supported), Nucleoplasm (Approved);nucleolus_fc_dfc (annotations_grade_3);Histone modification, Nuclear RNA binding proteins, Preribosome-associated, RNA processing, RNA modification;Histone modification;"Alabert et al., 2014; Alvarez et al., 2023; Ginno et al., 2018; Itzhak et al., 2016; Shi et al., 2021; Torrente et al., 2011; Ugur et al., 2023";298.0;Fibrillarin(Fibrillarin,PF01269);321;Small ribosomal subunit processome,CPX-2511,ECO:0005547(biological system reconstruction evidence based on inference from background scientific knowledge used in manual assertion);RP35306496;LINC00866;lncRNA;Homo sapiens;protein;Homo sapiens;NCBI:100505561;NCBI:2091;0.2152;CLIP;;;520;ENSG00000227356;-1.74438701220279;-2.35605126538767;-5.48622915216402;3.05467608240653e-06;2.04308780265251e-05;4.10928306045135
17325;929157;FBL;P22087;rRNA 2'-O-methyltransferase fibrillarin;Nucleolus (ECO:0000269), Nucleoplasm (ECO:0000250);Nucleoli fibrillar center (Supported), Nucleoplasm (Approved);nucleolus_fc_dfc (annotations_grade_3);Histone modification, Nuclear RNA binding proteins, Preribosome-associated, RNA processing, RNA modification;Histone modification;"Alabert et al., 2014; Alvarez et al., 2023; Ginno et al., 2018; Itzhak et al., 2016; Shi et al., 2021; Torrente et al., 2011; Ugur et al., 2023";298.0;Fibrillarin(Fibrillarin,PF01269);321;Small ribosomal subunit processome,CPX-2511,ECO:0005547(biological system reconstruction evidence based on inference from background scientific knowledge used in manual assertion);RP35306797;LINC00877;lncRNA;Homo sapiens;protein;Homo sapiens;NCBI:285286;NCBI:2091;0.2152;CLIP;;;1376;ENSG00000241163;-1.69840444479095;2.86984243406203;-4.54358670988472;5.65290056053386e-05;0.0002874847048975;1.24722906378739
17337;929048;FBL;P22087;rRNA 2'-O-methyltransferase fibrillarin;Nucleolus (ECO:0000269), Nucleoplasm (ECO:0000250);Nucleoli fibrillar center (Supported), Nucleoplasm (Approved);nucleolus_fc_dfc (annotations_grade_3);Histone modification, Nuclear RNA binding proteins, Preribosome-associated, RNA processing, RNA modification;Histone modification;"Alabert et al., 2014; Alvarez et al., 2023; Ginno et al., 2018; Itzhak et al., 2016; Shi et al., 2021; Torrente et al., 2011; Ugur et al., 2023";298.0;Fibrillarin(Fibrillarin,PF01269);321;Small ribosomal subunit processome,CPX-2511,ECO:0005547(biological system reconstruction evidence based on inference from background scientific knowledge used in manual assertion);RP35301076;LINC00544;lncRNA;Homo sapiens;protein;Homo sapiens;NCBI:440131;NCBI:2091;0.2152;CLIP;;;2;ENSG00000122043;-1.69551973459084;-0.516158861416097;-4.21880195609843;0.0001508879501656;0.0006970543037599;0.292535418347142
17338;929053;FBL;P22087;rRNA 2'-O-methyltransferase fibrillarin;Nucleolus (ECO:0000269), Nucleoplasm (ECO:0000250);Nucleoli fibrillar center (Supported), Nucleoplasm (Approved);nucleolus_fc_dfc (annotations_grade_3);Histone modification, Nuclear RNA binding proteins, Preribosome-associated, RNA processing, RNA modification;Histone modification;"Alabert et al., 2014; Alvarez et al., 2023; Ginno et al., 2018; Itzhak et al., 2016; Shi et al., 2021; Torrente et al., 2011; Ugur et al., 2023";298.0;Fibrillarin(Fibrillarin,PF01269);321;Small ribosomal subunit processome,CPX-2511,ECO:0005547(biological system reconstruction evidence based on inference from background scientific knowledge used in manual assertion);RP35301680;LINC00565;lncRNA;Homo sapiens;protein;Homo sapiens;NCBI:100861555;NCBI:2091;0.2152;CLIP;;;2548;ENSG00000260910;-3.37217816624914;-0.520604847090391;-13.0528775861183;1.80184621258317e-15;5.09096478668391e-13;25.188052434697
17339;929070;FBL;P22087;rRNA 2'-O-methyltransferase fibrillarin;Nucleolus (ECO:0000269), Nucleoplasm (ECO:0000250);Nucleoli fibrillar center (Supported), Nucleoplasm (Approved);nucleolus_fc_dfc (annotations_grade_3);Histone modification, Nuclear RNA binding proteins, Preribosome-associated, RNA processing, RNA modification;Histone modification;"Alabert et al., 2014; Alvarez et al., 2023; Ginno et al., 2018; Itzhak et al., 2016; Shi et al., 2021; Torrente et al., 2011; Ugur et al., 2023";298.0;Fibrillarin(Fibrillarin,PF01269);321;Small ribosomal subunit processome,CPX-2511,ECO:0005547(biological system reconstruction evidence based on inference from background scientific knowledge used in manual assertion);RP33735642;LINC00598;lncRNA;Homo sapiens;RBP;Homo sapiens;Ensembl:ENSG00000215483;NCBI:2091;0.3289;CLIP;PAR-CLIP;;216;ENSG00000215483;-1.50887892036587;0.189236991007434;-6.56807695040025;1.04017683230292e-07;1.02723566514047e-06;7.45187449310852
17340;929016;FBL;P22087;rRNA 2'-O-methyltransferase fibrillarin;Nucleolus (ECO:0000269), Nucleoplasm (ECO:0000250);Nucleoli fibrillar center (Supported), Nucleoplasm (Approved);nucleolus_fc_dfc (annotations_grade_3);Histone modification, Nuclear RNA binding proteins, Preribosome-associated, RNA processing, RNA modification;Histone modification;"Alabert et al., 2014; Alvarez et al., 2023; Ginno et al., 2018; Itzhak et al., 2016; Shi et al., 2021; Torrente et al., 2011; Ugur et al., 2023";298.0;Fibrillarin(Fibrillarin,PF01269);321;Small ribosomal subunit processome,CPX-2511,ECO:0005547(biological system reconstruction evidence based on inference from background scientific knowledge used in manual assertion);RP33750728;LINC00476;lncRNA;Homo sapiens;RBP;Homo sapiens;NCBI:100128782;NCBI:2091;0.3289;CLIP;PAR-CLIP;;27;ENSG00000175611;-2.19724688558074;1.62463722411676;-6.90916380536433;3.61578319885548e-08;4.01361475398021e-07;8.50039124750522
17341;929022;FBL;P22087;rRNA 2'-O-methyltransferase fibrillarin;Nucleolus (ECO:0000269), Nucleoplasm (ECO:0000250);Nucleoli fibrillar center (Supported), Nucleoplasm (Approved);nucleolus_fc_dfc (annotations_grade_3);Histone modification, Nuclear RNA binding proteins, Preribosome-associated, RNA processing, RNA modification;Histone modification;"Alabert et al., 2014; Alvarez et al., 2023; Ginno et al., 2018; Itzhak et al., 2016; Shi et al., 2021; Torrente et al., 2011; Ugur et al., 2023";298.0;Fibrillarin(Fibrillarin,PF01269);321;Small ribosomal subunit processome,CPX-2511,ECO:0005547(biological system reconstruction evidence based on inference from background scientific knowledge used in manual assertion);RP35299784;LINC00487;lncRNA;Homo sapiens;protein;Homo sapiens;NCBI:400941;NCBI:2091;0.2152;CLIP;;;166;ENSG00000205837;-2.70997036675211;-1.98014750053705;-7.83768014854472;2.1342485784672104e-09;3.35029245134759e-08;11.3127561087916
17342;929027;FBL;P22087;rRNA 2'-O-methyltransferase fibrillarin;Nucleolus (ECO:0000269), Nucleoplasm (ECO:0000250);Nucleoli fibrillar center (Supported), Nucleoplasm (Approved);nucleolus_fc_dfc (annotations_grade_3);Histone modification, Nuclear RNA binding proteins, Preribosome-associated, RNA processing, RNA modification;Histone modification;"Alabert et al., 2014; Alvarez et al., 2023; Ginno et al., 2018; Itzhak et al., 2016; Shi et al., 2021; Torrente et al., 2011; Ugur et al., 2023";298.0;Fibrillarin(Fibrillarin,PF01269);321;Small ribosomal subunit processome,CPX-2511,ECO:0005547(biological system reconstruction evidence based on inference from background scientific knowledge used in manual assertion);RP35299980;LINC00494;lncRNA;Homo sapiens;protein;Homo sapiens;NCBI:284749;NCBI:2091;0.2152;CLIP;;;1155;ENSG00000235621;-1.6391235889896;-0.564519317231483;-4.2731346045558;0.0001281942976967;0.0006046114466482;0.450652449980677
17343;929111;FBL;P22087;rRNA 2'-O-methyltransferase fibrillarin;Nucleolus (ECO:0000269), Nucleoplasm (ECO:0000250);Nucleoli fibrillar center (Supported), Nucleoplasm (Approved);nucleolus_fc_dfc (annotations_grade_3);Histone modification, Nuclear RNA binding proteins, Preribosome-associated, RNA processing, RNA modification;Histone modification;"Alabert et al., 2014; Alvarez et al., 2023; Ginno et al., 2018; Itzhak et al., 2016; Shi et al., 2021; Torrente et al., 2011; Ugur et al., 2023";298.0;Fibrillarin(Fibrillarin,PF01269);321;Small ribosomal subunit processome,CPX-2511,ECO:0005547(biological system reconstruction evidence based on inference from background scientific knowledge used in manual assertion);RP35304468;LINC00665;lncRNA;Homo sapiens;protein;Homo sapiens;NCBI:100506930;NCBI:2091;0.2152;CLIP;;;946;ENSG00000232677;-2.48408296009301;0.195874356526333;-6.26477681548624;2.67587339187264e-07;2.41859696100483e-06;6.51542954889168
17344;929112;FBL;P22087;rRNA 2'-O-methyltransferase fibrillarin;Nucleolus (ECO:0000269), Nucleoplasm (ECO:0000250);Nucleoli fibrillar center (Supported), Nucleoplasm (Approved);nucleolus_fc_dfc (annotations_grade_3);Histone modification, Nuclear RNA binding proteins, Preribosome-associated, RNA processing, RNA modification;Histone modification;"Alabert et al., 2014; Alvarez et al., 2023; Ginno et al., 2018; Itzhak et al., 2016; Shi et al., 2021; Torrente et al., 2011; Ugur et al., 2023";298.0;Fibrillarin(Fibrillarin,PF01269);321;Small ribosomal subunit processome,CPX-2511,ECO:0005547(biological system reconstruction evidence based on inference from background scientific knowledge used in manual assertion);RP35304540;LINC00667;lncRNA;Homo sapiens;protein;Homo sapiens;NCBI:339290;NCBI:2091;0.2152;CLIP;;;2740;ENSG00000263753;-2.51117823961993;2.70237682518895;-9.94075365615122;5.001889892832109e-12;1.84587287536357e-10;17.3361252363185
17345;929115;FBL;P22087;rRNA 2'-O-methyltransferase fibrillarin;Nucleolus (ECO:0000269), Nucleoplasm (ECO:0000250);Nucleoli fibrillar center (Supported), Nucleoplasm (Approved);nucleolus_fc_dfc (annotations_grade_3);Histone modification, Nuclear RNA binding proteins, Preribosome-associated, RNA processing, RNA modification;Histone modification;"Alabert et al., 2014; Alvarez et al., 2023; Ginno et al., 2018; Itzhak et al., 2016; Shi et al., 2021; Torrente et al., 2011; Ugur et al., 2023";298.0;Fibrillarin(Fibrillarin,PF01269);321;Small ribosomal subunit processome,CPX-2511,ECO:0005547(biological system reconstruction evidence based on inference from background scientific knowledge used in manual assertion);RP35304777;LINC00671;lncRNA;Homo sapiens;protein;Homo sapiens;NCBI:388387;NCBI:2091;0.2152;CLIP;;;189;ENSG00000213373;1.8598305314696;0.0137311483288971;4.59327350511284;4.85755388922391e-05;0.0002531231546953;1.39512767536355
17346;929110;FBL;P22087;rRNA 2'-O-methyltransferase fibrillarin;Nucleolus (ECO:0000269), Nucleoplasm (ECO:0000250);Nucleoli fibrillar center (Supported), Nucleoplasm (Approved);nucleolus_fc_dfc (annotations_grade_3);Histone modification, Nuclear RNA binding proteins, Preribosome-associated, RNA processing, RNA modification;Histone modification;"Alabert et al., 2014; Alvarez et al., 2023; Ginno et al., 2018; Itzhak et al., 2016; Shi et al., 2021; Torrente et al., 2011; Ugur et al., 2023";298.0;Fibrillarin(Fibrillarin,PF01269);321;Small ribosomal subunit processome,CPX-2511,ECO:0005547(biological system reconstruction evidence based on inference from background scientific knowledge used in manual assertion);RP35304392;LINC00664;lncRNA;Homo sapiens;protein;Homo sapiens;NCBI:400680;NCBI:2091;0.2152;CLIP;;;3025;ENSG00000268658;-1.69033152220746;-1.35968632838524;-4.01011472894051;0.0002806609498888;0.0012048373634516;-0.307957581748415
17347;929109;FBL;P22087;rRNA 2'-O-methyltransferase fibrillarin;Nucleolus (ECO:0000269), Nucleoplasm (ECO:0000250);Nucleoli fibrillar center (Supported), Nucleoplasm (Approved);nucleolus_fc_dfc (annotations_grade_3);Histone modification, Nuclear RNA binding proteins, Preribosome-associated, RNA processing, RNA modification;Histone modification;"Alabert et al., 2014; Alvarez et al., 2023; Ginno et al., 2018; Itzhak et al., 2016; Shi et al., 2021; Torrente et al., 2011; Ugur et al., 2023";298.0;Fibrillarin(Fibrillarin,PF01269);321;Small ribosomal subunit processome,CPX-2511,ECO:0005547(biological system reconstruction evidence based on inference from background scientific knowledge used in manual assertion);RP35304348;LINC00663;lncRNA;Homo sapiens;protein;Homo sapiens;NCBI:284440;NCBI:2091;0.2152;CLIP;;;2849;ENSG00000266904;-2.2313825534385;0.177789980721914;-7.36614196503185;8.8949436262262e-09;1.15496999492388e-07;9.89355661048934
17348;929108;FBL;P22087;rRNA 2'-O-methyltransferase fibrillarin;Nucleolus (ECO:0000269), Nucleoplasm (ECO:0000250);Nucleoli fibrillar center (Supported), Nucleoplasm (Approved);nucleolus_fc_dfc (annotations_grade_3);Histone modification, Nuclear RNA binding proteins, Preribosome-associated, RNA processing, RNA modification;Histone modification;"Alabert et al., 2014; Alvarez et al., 2023; Ginno et al., 2018; Itzhak et al., 2016; Shi et al., 2021; Torrente et al., 2011; Ugur et al., 2023";298.0;Fibrillarin(Fibrillarin,PF01269);321;Small ribosomal subunit processome,CPX-2511,ECO:0005547(biological system reconstruction evidence based on inference from background scientific knowledge used in manual assertion);RP35304274;LINC00662;lncRNA;Homo sapiens;protein;Homo sapiens;NCBI:148189;NCBI:2091;0.2152;CLIP;;;2664;ENSG00000261824;-1.72388354355667;2.1262269297144;-5.24577519133436;6.46950855621449e-06;4.0084274662731e-05;3.37051018791904
17349;929088;FBL;P22087;rRNA 2'-O-methyltransferase fibrillarin;Nucleolus (ECO:0000269), Nucleoplasm (ECO:0000250);Nucleoli fibrillar center (Supported), Nucleoplasm (Approved);nucleolus_fc_dfc (annotations_grade_3);Histone modification, Nuclear RNA binding proteins, Preribosome-associated, RNA processing, RNA modification;Histone modification;"Alabert et al., 2014; Alvarez et al., 2023; Ginno et al., 2018; Itzhak et al., 2016; Shi et al., 2021; Torrente et al., 2011; Ugur et al., 2023";298.0;Fibrillarin(Fibrillarin,PF01269);321;Small ribosomal subunit processome,CPX-2511,ECO:0005547(biological system reconstruction evidence based on inference from background scientific knowledge used in manual assertion);RP33640000;LINC00630;lncRNA;Homo sapiens;RBP;Homo sapiens;NCBI:100287765;NCBI:2091;0.3289;CLIP;PAR-CLIP;;247;ENSG00000223546;-2.26301235070402;0.462538646230177;-7.84374214675453;2.09574721751214e-09;3.31458967822315e-08;11.3308619374593
17352;929010;FBL;P22087;rRNA 2'-O-methyltransferase fibrillarin;Nucleolus (ECO:0000269), Nucleoplasm (ECO:0000250);Nucleoli fibrillar center (Supported), Nucleoplasm (Approved);nucleolus_fc_dfc (annotations_grade_3);Histone modification, Nuclear RNA binding proteins, Preribosome-associated, RNA processing, RNA modification;Histone modification;"Alabert et al., 2014; Alvarez et al., 2023; Ginno et al., 2018; Itzhak et al., 2016; Shi et al., 2021; Torrente et al., 2011; Ugur et al., 2023";298.0;Fibrillarin(Fibrillarin,PF01269);321;Small ribosomal subunit processome,CPX-2511,ECO:0005547(biological system reconstruction evidence based on inference from background scientific knowledge used in manual assertion);RP35299133;LINC00469;lncRNA;Homo sapiens;protein;Homo sapiens;NCBI:283982;NCBI:2091;0.2152;CLIP;;;39;ENSG00000177338;-2.12338491814261;-2.23108815078212;-6.76019672340328;5.73103100823216e-08;6.01258041187848e-07;8.04321012012561
17353;928935;FBL;P22087;rRNA 2'-O-methyltransferase fibrillarin;Nucleolus (ECO:0000269), Nucleoplasm (ECO:0000250);Nucleoli fibrillar center (Supported), Nucleoplasm (Approved);nucleolus_fc_dfc (annotations_grade_3);Histone modification, Nuclear RNA binding proteins, Preribosome-associated, RNA processing, RNA modification;Histone modification;"Alabert et al., 2014; Alvarez et al., 2023; Ginno et al., 2018; Itzhak et al., 2016; Shi et al., 2021; Torrente et al., 2011; Ugur et al., 2023";298.0;Fibrillarin(Fibrillarin,PF01269);321;Small ribosomal subunit processome,CPX-2511,ECO:0005547(biological system reconstruction evidence based on inference from background scientific knowledge used in manual assertion);RP35296290;LINC00278;lncRNA;Homo sapiens;protein;Homo sapiens;NCBI:100873962;NCBI:2091;0.2152;CLIP;;;862;ENSG00000231535;3.0750934355534;0.196655855636968;2.53142954767521;0.0157079581569749;0.0424700385388133;-4.10364771385186
17354;928939;FBL;P22087;rRNA 2'-O-methyltransferase fibrillarin;Nucleolus (ECO:0000269), Nucleoplasm (ECO:0000250);Nucleoli fibrillar center (Supported), Nucleoplasm (Approved);nucleolus_fc_dfc (annotations_grade_3);Histone modification, Nuclear RNA binding proteins, Preribosome-associated, RNA processing, RNA modification;Histone modification;"Alabert et al., 2014; Alvarez et al., 2023; Ginno et al., 2018; Itzhak et al., 2016; Shi et al., 2021; Torrente et al., 2011; Ugur et al., 2023";298.0;Fibrillarin(Fibrillarin,PF01269);321;Small ribosomal subunit processome,CPX-2511,ECO:0005547(biological system reconstruction evidence based on inference from background scientific knowledge used in manual assertion);RP35296547;LINC00299;lncRNA;Homo sapiens;protein;Homo sapiens;NCBI:339789;NCBI:2091;0.2152;CLIP;;;1231;ENSG00000236790;-3.16321551373561;1.49436630961878;-12.8196817543434;3.13051348649769e-15;7.74710013982104e-13;24.6433702637167
17355;928942;FBL;P22087;rRNA 2'-O-methyltransferase fibrillarin;Nucleolus (ECO:0000269), Nucleoplasm (ECO:0000250);Nucleoli fibrillar center (Supported), Nucleoplasm (Approved);nucleolus_fc_dfc (annotations_grade_3);Histone modification, Nuclear RNA binding proteins, Preribosome-associated, RNA processing, RNA modification;Histone modification;"Alabert et al., 2014; Alvarez et al., 2023; Ginno et al., 2018; Itzhak et al., 2016; Shi et al., 2021; Torrente et al., 2011; Ugur et al., 2023";298.0;Fibrillarin(Fibrillarin,PF01269);321;Small ribosomal subunit processome,CPX-2511,ECO:0005547(biological system reconstruction evidence based on inference from background scientific knowledge used in manual assertion);RP33635935;LINC00304;lncRNA;Homo sapiens;RBP;Homo sapiens;NCBI:283860;NCBI:2091;0.3289;CLIP;PAR-CLIP;;58;ENSG00000180422;-3.06674518179041;-0.818802421766533;-9.46647314587236;1.8679337442409397e-11;5.653523210087501e-10;16.0263356520216
17356;928946;FBL;P22087;rRNA 2'-O-methyltransferase fibrillarin;Nucleolus (ECO:0000269), Nucleoplasm (ECO:0000250);Nucleoli fibrillar center (Supported), Nucleoplasm (Approved);nucleolus_fc_dfc (annotations_grade_3);Histone modification, Nuclear RNA binding proteins, Preribosome-associated, RNA processing, RNA modification;Histone modification;"Alabert et al., 2014; Alvarez et al., 2023; Ginno et al., 2018; Itzhak et al., 2016; Shi et al., 2021; Torrente et al., 2011; Ugur et al., 2023";298.0;Fibrillarin(Fibrillarin,PF01269);321;Small ribosomal subunit processome,CPX-2511,ECO:0005547(biological system reconstruction evidence based on inference from background scientific knowledge used in manual assertion);RP35296894;LINC00310;lncRNA;Homo sapiens;protein;Homo sapiens;NCBI:114036;NCBI:2091;0.2152;CLIP;;;528;ENSG00000227456;-1.71889329294281;-0.576401170927827;-5.1568343783609;8.53318954351651e-06;5.17278507342564e-05;3.0983635894232
17357;928900;FBL;P22087;rRNA 2'-O-methyltransferase fibrillarin;Nucleolus (ECO:0000269), Nucleoplasm (ECO:0000250);Nucleoli fibrillar center (Supported), Nucleoplasm (Approved);nucleolus_fc_dfc (annotations_grade_3);Histone modification, Nuclear RNA binding proteins, Preribosome-associated, RNA processing, RNA modification;Histone modification;"Alabert et al., 2014; Alvarez et al., 2023; Ginno et al., 2018; Itzhak et al., 2016; Shi et al., 2021; Torrente et al., 2011; Ugur et al., 2023";298.0;Fibrillarin(Fibrillarin,PF01269);321;Small ribosomal subunit processome,CPX-2511,ECO:0005547(biological system reconstruction evidence based on inference from background scientific knowledge used in manual assertion);RP35294625;LINC00092;lncRNA;Homo sapiens;protein;Homo sapiens;NCBI:100188953;NCBI:2091;0.2152;CLIP;;;360;ENSG00000225194;-1.99803335356761;-1.18963800574954;-8.44583332056585;3.50601872017383e-10;6.46921962972425e-09;13.1095531012234
17358;928902;FBL;P22087;rRNA 2'-O-methyltransferase fibrillarin;Nucleolus (ECO:0000269), Nucleoplasm (ECO:0000250);Nucleoli fibrillar center (Supported), Nucleoplasm (Approved);nucleolus_fc_dfc (annotations_grade_3);Histone modification, Nuclear RNA binding proteins, Preribosome-associated, RNA processing, RNA modification;Histone modification;"Alabert et al., 2014; Alvarez et al., 2023; Ginno et al., 2018; Itzhak et al., 2016; Shi et al., 2021; Torrente et al., 2011; Ugur et al., 2023";298.0;Fibrillarin(Fibrillarin,PF01269);321;Small ribosomal subunit processome,CPX-2511,ECO:0005547(biological system reconstruction evidence based on inference from background scientific knowledge used in manual assertion);RP35294716;LINC00106;lncRNA;Homo sapiens;protein;Homo sapiens;NCBI:751580;NCBI:2091;0.2152;CLIP;;;1237;ENSG00000236871;-2.56865137787452;2.55025564923087;-9.37492771567083;2.41692692000027e-11;7.01242176030423e-10;15.7701122372773
17359;928902;FBL;P22087;rRNA 2'-O-methyltransferase fibrillarin;Nucleolus (ECO:0000269), Nucleoplasm (ECO:0000250);Nucleoli fibrillar center (Supported), Nucleoplasm (Approved);nucleolus_fc_dfc (annotations_grade_3);Histone modification, Nuclear RNA binding proteins, Preribosome-associated, RNA processing, RNA modification;Histone modification;"Alabert et al., 2014; Alvarez et al., 2023; Ginno et al., 2018; Itzhak et al., 2016; Shi et al., 2021; Torrente et al., 2011; Ugur et al., 2023";298.0;Fibrillarin(Fibrillarin,PF01269);321;Small ribosomal subunit processome,CPX-2511,ECO:0005547(biological system reconstruction evidence based on inference from background scientific knowledge used in manual assertion);RP35294716;LINC00106;lncRNA;Homo sapiens;protein;Homo sapiens;NCBI:751580;NCBI:2091;0.2152;CLIP;;;1238;ENSG00000236871;-2.56865137787452;2.55025564923087;-9.37492771567083;2.41692692000027e-11;7.01242176030423e-10;15.7701122372773
17360;928990;FBL;P22087;rRNA 2'-O-methyltransferase fibrillarin;Nucleolus (ECO:0000269), Nucleoplasm (ECO:0000250);Nucleoli fibrillar center (Supported), Nucleoplasm (Approved);nucleolus_fc_dfc (annotations_grade_3);Histone modification, Nuclear RNA binding proteins, Preribosome-associated, RNA processing, RNA modification;Histone modification;"Alabert et al., 2014; Alvarez et al., 2023; Ginno et al., 2018; Itzhak et al., 2016; Shi et al., 2021; Torrente et al., 2011; Ugur et al., 2023";298.0;Fibrillarin(Fibrillarin,PF01269);321;Small ribosomal subunit processome,CPX-2511,ECO:0005547(biological system reconstruction evidence based on inference from background scientific knowledge used in manual assertion);RP35298291;LINC00402;lncRNA;Homo sapiens;protein;Homo sapiens;NCBI:100507612;NCBI:2091;0.2152;CLIP;;;1148;ENSG00000235532;-3.50586157390671;1.21956038377662;-9.6217805023904;1.2094532606375098e-11;3.94431772674575e-10;16.4585109624607
17361;928983;FBL;P22087;rRNA 2'-O-methyltransferase fibrillarin;Nucleolus (ECO:0000269), Nucleoplasm (ECO:0000250);Nucleoli fibrillar center (Supported), Nucleoplasm (Approved);nucleolus_fc_dfc (annotations_grade_3);Histone modification, Nuclear RNA binding proteins, Preribosome-associated, RNA processing, RNA modification;Histone modification;"Alabert et al., 2014; Alvarez et al., 2023; Ginno et al., 2018; Itzhak et al., 2016; Shi et al., 2021; Torrente et al., 2011; Ugur et al., 2023";298.0;Fibrillarin(Fibrillarin,PF01269);321;Small ribosomal subunit processome,CPX-2511,ECO:0005547(biological system reconstruction evidence based on inference from background scientific knowledge used in manual assertion);RP35298106;LINC00381;lncRNA;Homo sapiens;protein;Homo sapiens;NCBI:100874151;NCBI:2091;0.2152;CLIP;;;436;ENSG00000226240;-2.02133354842053;-1.76569838718635;-7.18556460241588;1.54499402661986e-08;1.91255460970038e-07;9.34489661290034
17362;929009;FBL;P22087;rRNA 2'-O-methyltransferase fibrillarin;Nucleolus (ECO:0000269), Nucleoplasm (ECO:0000250);Nucleoli fibrillar center (Supported), Nucleoplasm (Approved);nucleolus_fc_dfc (annotations_grade_3);Histone modification, Nuclear RNA binding proteins, Preribosome-associated, RNA processing, RNA modification;Histone modification;"Alabert et al., 2014; Alvarez et al., 2023; Ginno et al., 2018; Itzhak et al., 2016; Shi et al., 2021; Torrente et al., 2011; Ugur et al., 2023";298.0;Fibrillarin(Fibrillarin,PF01269);321;Small ribosomal subunit processome,CPX-2511,ECO:0005547(biological system reconstruction evidence based on inference from background scientific knowledge used in manual assertion);RP33662923;LINC00467;lncRNA;Homo sapiens;RBP;Homo sapiens;NCBI:84791;NCBI:2091;0.3289;CLIP;PAR-CLIP;;15;ENSG00000153363;-1.6310828199341;-0.134238092163257;-5.37182765383056;4.36667332064048e-06;2.83857504519646e-05;3.7573080140189
17363;928995;FBL;P22087;rRNA 2'-O-methyltransferase fibrillarin;Nucleolus (ECO:0000269), Nucleoplasm (ECO:0000250);Nucleoli fibrillar center (Supported), Nucleoplasm (Approved);nucleolus_fc_dfc (annotations_grade_3);Histone modification, Nuclear RNA binding proteins, Preribosome-associated, RNA processing, RNA modification;Histone modification;"Alabert et al., 2014; Alvarez et al., 2023; Ginno et al., 2018; Itzhak et al., 2016; Shi et al., 2021; Torrente et al., 2011; Ugur et al., 2023";298.0;Fibrillarin(Fibrillarin,PF01269);321;Small ribosomal subunit processome,CPX-2511,ECO:0005547(biological system reconstruction evidence based on inference from background scientific knowledge used in manual assertion);RP35298464;LINC00426;lncRNA;Homo sapiens;protein;Homo sapiens;NCBI:100188949;NCBI:2091;0.2152;CLIP;;;1336;ENSG00000238121;-2.3490125301135;2.72866220100849;-8.43620152093142;3.60657743554755e-10;6.62570797875482e-09;13.0814192603843
17364;928964;FBL;P22087;rRNA 2'-O-methyltransferase fibrillarin;Nucleolus (ECO:0000269), Nucleoplasm (ECO:0000250);Nucleoli fibrillar center (Supported), Nucleoplasm (Approved);nucleolus_fc_dfc (annotations_grade_3);Histone modification, Nuclear RNA binding proteins, Preribosome-associated, RNA processing, RNA modification;Histone modification;"Alabert et al., 2014; Alvarez et al., 2023; Ginno et al., 2018; Itzhak et al., 2016; Shi et al., 2021; Torrente et al., 2011; Ugur et al., 2023";298.0;Fibrillarin(Fibrillarin,PF01269);321;Small ribosomal subunit processome,CPX-2511,ECO:0005547(biological system reconstruction evidence based on inference from background scientific knowledge used in manual assertion);RP35297496;LINC00334;lncRNA;Homo sapiens;protein;Homo sapiens;NCBI:114042;NCBI:2091;0.2152;CLIP;;;67;ENSG00000182586;-1.74995152778323;-1.7159745554779;-3.68277236966078;0.0007281151833878;0.0028310356529691;-1.2247670892293
17365;928968;FBL;P22087;rRNA 2'-O-methyltransferase fibrillarin;Nucleolus (ECO:0000269), Nucleoplasm (ECO:0000250);Nucleoli fibrillar center (Supported), Nucleoplasm (Approved);nucleolus_fc_dfc (annotations_grade_3);Histone modification, Nuclear RNA binding proteins, Preribosome-associated, RNA processing, RNA modification;Histone modification;"Alabert et al., 2014; Alvarez et al., 2023; Ginno et al., 2018; Itzhak et al., 2016; Shi et al., 2021; Torrente et al., 2011; Ugur et al., 2023";298.0;Fibrillarin(Fibrillarin,PF01269);321;Small ribosomal subunit processome,CPX-2511,ECO:0005547(biological system reconstruction evidence based on inference from background scientific knowledge used in manual assertion);RP35297669;LINC00342;lncRNA;Homo sapiens;protein;Homo sapiens;NCBI:150759;NCBI:2091;0.2152;CLIP;;;965;ENSG00000232931;-3.15862046732178;1.89904799408693;-11.7521362339866;4.2692296968487704e-14;4.8542295499034494e-12;22.0614504489394
20397;1074310;FOXO1;Q12778;Forkhead box protein O1;Cytoplasm (ECO:0000269), Nucleus (ECO:0000269);Cytosol (Supported), Nucleoplasm (Supported);;DNA-templated transcription, Regulation of transcription, DNA-binding TFs, Housekeeping DNA-binding TFs;Housekeeping DNA-binding TFs;;4.45;"Forkhead(Forkhead domain,PF00250);FOXO_KIX_bdg(KIX-binding domain of forkhead box O, CR2,PF16675);FOXO-TAD(Transactivation domain of FOXO protein family,PF16676)";655;;RP07519871;DANCR;lncRNA;Homo sapiens;TF;Homo sapiens;NCBI:57291;NCBI:2308;0.37;qRT-PCR//RIP//RNA pull-down assay;;;493;ENSG00000226950;-1.97490458175396;2.8150326492749;-6.0781695760482;4.79377709969811e-07;4.02543318531536e-06;5.93825752661623
24737;1282705;GMEB2;Q9UKD1;Glucocorticoid modulatory element-binding protein 2 (GMEB-2);;Cytosol (Supported), Nucleoplasm (Enhanced);;DNA-templated transcription, Regulation of transcription, DNA-binding TFs, Housekeeping DNA-binding TFs;Housekeeping DNA-binding TFs;"Itzhak et al., 2016; Kustatscher et al., 2014";7.38;SAND(SAND domain,PF01342);530;;RP02331376;SNHG16;lncRNA;Homo sapiens;TF;Homo sapiens;NCBI:100507246;NCBI:26205;0.3886;qRT-PCR;RNA-seq//ChIP-seq//Microarray;;17;ENSG00000163597;-1.76574685009836;3.88332039022155;-7.2253013716623;1.36790691052561e-08;1.73860555062877e-07;9.46585361999884
26228;2155223;NFKB1;P19838;Nuclear factor NF-kappa-B p105 subunit (EBP-1) [Cleaved into: Nuclear factor NF-kappa-B p50 subunit];;Cytosol (Supported), Nucleoplasm (Supported);cytoplasmic (annotations_grade_3);DNA-templated transcription, Regulation of transcription, DNA-binding TFs, Housekeeping DNA-binding TFs;Housekeeping DNA-binding TFs;Alabert et al., 2014;30.2;"Death(Death domain,PF00531);RHD_DNA_bind(Rel homology DNA-binding domain,PF00554);RHD_dimer(Rel homology dimerisation domain,PF16179);Ank(Ankyrin repeat,PF00023);Ank(Ankyrin repeat,PF00023);Ank(Ankyrin repeat,PF00023);Ank(Ankyrin repeat,PF00023);Ank(Ankyrin repeat,PF00023)";968;;RP01750217;MALAT1;lncRNA;Homo sapiens;TF;Homo sapiens;NCBI:378938;NCBI:4790;0.3852;RIP//Luciferase reporter assay;ChIP-seq;;1786;ENSG00000251562;-2.69192848146394;10.8069205658514;-9.99570573098169;4.30182645492996e-12;1.65306630339579e-10;17.4859517032396
27186;2140215;NFE2L2;Q16236;Nuclear factor erythroid 2-related factor 2 (Nrf-2) (HEBP1);Cytosol (ECO:0000269), Nucleus (ECO:0000255), Nucleus (ECO:0000269);Centrosome (Approved), Cytosol (Supported), Golgi apparatus (Approved), Nucleoplasm (Supported);;DNA-templated transcription, Regulation of transcription, DNA-binding TFs, Housekeeping DNA-binding TFs;Housekeeping DNA-binding TFs;Itzhak et al., 2016;0.595;bZIP_Maf(bZIP Maf transcription factor,PF03131);605;bZIP transcription factor complex, ATF4-NFE2L2,CPX-6570,ECO:0000353(physical interaction evidence used in manual assertion);RP07519961;MIAT;lncRNA;Homo sapiens;TF;Homo sapiens;NCBI:440823;NCBI:4780;0.4325;RIP//RNA pull-down assay;;;402;ENSG00000225783;-1.92823429725324;3.8414058880437;-5.39047054729595;4.1197948350467e-06;2.70389654774438e-05;3.81461074427552
31985;3116651;STAT1;P42224;Signal transducer and activator of transcription 1-alpha/beta;Cytoplasm (ECO:0000269), Nucleus (ECO:0000269);Cytosol (Enhanced), Nucleoplasm (Enhanced);;DNA-templated transcription, Regulation of transcription, DNA-binding TFs, Housekeeping DNA-binding TFs;Housekeeping DNA-binding TFs;"Alabert et al., 2014; Alvarez et al., 2023; Ginno et al., 2018; Shi et al., 2021";132.0;"SH2(SH2 domain,PF00017);STAT_alpha(STAT protein, all-alpha domain,PF01017);STAT_bind(STAT protein, DNA binding domain,PF02864);STAT_int(STAT protein, protein interaction domain,PF02865);STAT_linker(PF21354)";750;"ISGF3 complex,CPX-6016,ECO:0000353(physical interaction evidence used in manual assertion);STAT1/STAT3 complex,CPX-6041,ECO:0000353(physical interaction evidence used in manual assertion);STAT1/STAT4 complex,CPX-6042,ECO:0005547(biological system reconstruction evidence based on inference from background scientific knowledge used in manual assertion);STAT1 homodimer,CPX-6048,ECO:0000353(physical interaction evidence used in manual assertion)";RP00925441;PVT1;lncRNA;Homo sapiens;TF;Homo sapiens;NCBI:5820;NCBI:6772;0.3664;qRT-PCR//RIP//Western blot;ChIP-seq;;1653;ENSG00000249859;-2.94835528412177;3.44033601704875;-13.2423529425615;1.1556977876688e-15;4.42001872065694e-13;25.6256393463927
32471;208803;BRCA1;P38398;Breast cancer type 1 susceptibility protein;Chromosome (ECO:0000269), Cytoplasm (ECO:0000269), Nucleus (ECO:0000269);Nuclear bodies (Supported), Nucleoplasm (Supported);;DNA-templated transcription, Regulation of transcription, DNA-binding TFs, Housekeeping DNA-binding TFs, DNA metabolic processes, DNA repair, DNA replication, DNA recombination, X-chromosome inactivation;Housekeeping DNA-binding TFs;"Alabert et al., 2014; Itzhak et al., 2016; Ugur et al., 2023";1.33;"zf-C3HC4(Zinc finger, C3HC4 type (RING finger),PF00097);BRCT(BRCA1 C Terminus (BRCT) domain,PF00533);BRCT(BRCA1 C Terminus (BRCT) domain,PF00533);BRCT_assoc(Serine-rich domain associated with BRCT,PF12820)";1863;"BRCA1-BARD1 complex,CPX-715,ECO:0000353(physical interaction evidence used in manual assertion);BRCA1-PALB2-BRCA2 homologous recombination DNA repair complex,CPX-845,ECO:0000353(physical interaction evidence used in manual assertion);BRCC E3 ubiquitin ligase complex,CPX-955,ECO:0005547(biological system reconstruction evidence based on inference from background scientific knowledge used in manual assertion)";RP00869226;XIST;lncRNA;Homo sapiens;TF;Homo sapiens;NCBI:7503;NCBI:672;0.4992;RT-PCR//ChIP//qRT-PCR//FISH//RIP;;;718;ENSG00000229807;-6.57326935078366;1.54159830942689;-4.14945804433362;0.0001856278660776;0.0008424341236124;0.0917621252499083
33085;324501;CEBPB;P17676;CCAAT/enhancer-binding protein beta (LAP) (LIP) (TCF-5);Cytoplasm (ECO:0000269), Nucleus (ECO:0000269);Nucleoplasm (Enhanced);;DNA-templated transcription, Regulation of transcription, DNA-binding TFs, Housekeeping DNA-binding TFs, Centromere-associated;Housekeeping DNA-binding TFs;"Alabert et al., 2014; Alvarez et al., 2023; Ginno et al., 2018; Itzhak et al., 2016; Kustatscher et al., 2014; Ugur et al., 2023";10.7;bZIP_2(Basic region leucine zipper,PF07716);345;"bZIP transcription factor complex, CEBPB-DDIT3,CPX-70,ECO:0000353(physical interaction evidence used in manual assertion);c-Myb-C/EBPbeta complex,CPX-504,ECO:0005543(biological system reconstruction evidence by experimental evidence from mixed species used in manual assertion);bZIP transcription factor complex, CEBPA-CEBPB,CPX-509,ECO:0000353(physical interaction evidence used in manual assertion);bZIP transcription factor complex, CEBPB-CEBPB,CPX-3361,ECO:0000353(physical interaction evidence used in manual assertion);bZIP transcription factor complex, ATF3-CEBPB,CPX-6470,ECO:0000353(physical interaction evidence used in manual assertion);bZIP transcription factor complex, ATF3-CEBPG,CPX-6471,ECO:0000353(physical interaction evidence used in manual assertion);bZIP transcription factor complex, ATF4-CEBPB,CPX-6526,ECO:0000353(physical interaction evidence used in manual assertion);bZIP transcription factor complex, BATF-CEBPB,CPX-7007,ECO:0000353(physical interaction evidence used in manual assertion);bZIP transcription factor complex, BATF3-CEBPB,CPX-7096,ECO:0000353(physical interaction evidence used in manual assertion)";RP00333316;SNHG16;lncRNA;Homo sapiens;TF;Homo sapiens;NCBI:100507246;NCBI:1051;0.4622;qRT-PCR;RNA-seq//ChIP-seq//Microarray;;17;ENSG00000163597;-1.76574685009836;3.88332039022155;-7.2253013716623;1.36790691052561e-08;1.73860555062877e-07;9.46585361999884
36712;3578468;ZEB2;O60315;Zinc finger E-box-binding homeobox 2 (SMADIP1);Chromosome (ECO:0000269), Nucleus (ECO:0000269);Nucleoli (Supported), Nucleoplasm (Supported);;DNA-templated transcription, Regulation of transcription, DNA-binding TFs, Housekeeping DNA-binding TFs;Housekeeping DNA-binding TFs;;1.06;"zf-Di19(Drought induced 19 protein (Di19), zinc-binding,PF05605);zf-C2H2(Zinc finger, C2H2 type,PF00096);zf-C2H2(Zinc finger, C2H2 type,PF00096);zf-C2H2(Zinc finger, C2H2 type,PF00096);zf-C2H2(Zinc finger, C2H2 type,PF00096)";1214;;RP09689768;MALAT1;lncRNA;Homo sapiens;protein;Homo sapiens;NCBI:378938;NCBI:9839;0.2338;RT-PCR//Western blot;;;1786;ENSG00000251562;-2.69192848146394;10.8069205658514;-9.99570573098169;4.30182645492996e-12;1.65306630339579e-10;17.4859517032396
36713;3578465;ZEB2;O60315;Zinc finger E-box-binding homeobox 2 (SMADIP1);Chromosome (ECO:0000269), Nucleus (ECO:0000269);Nucleoli (Supported), Nucleoplasm (Supported);;DNA-templated transcription, Regulation of transcription, DNA-binding TFs, Housekeeping DNA-binding TFs;Housekeeping DNA-binding TFs;;1.06;"zf-Di19(Drought induced 19 protein (Di19), zinc-binding,PF05605);zf-C2H2(Zinc finger, C2H2 type,PF00096);zf-C2H2(Zinc finger, C2H2 type,PF00096);zf-C2H2(Zinc finger, C2H2 type,PF00096);zf-C2H2(Zinc finger, C2H2 type,PF00096)";1214;;RP09425809;CCAT2;lncRNA;Homo sapiens;protein;Homo sapiens;NCBI:101805488;NCBI:9839;0.3136;qRT-PCR//RIP//Western blot;;;3930;ENSG00000280997;-1.9992829610655;-2.11172082817622;-9.69167526004849;9.955767792679329e-12;3.32412024633349e-10;16.6519716585031
37237;2644090;RFX5;P48382;DNA-binding protein RFX5;;Nucleoplasm (Supported);;DNA-templated transcription, Regulation of transcription, DNA-binding TFs, Housekeeping DNA-binding TFs;Housekeeping DNA-binding TFs;"Alabert et al., 2014; Ginno et al., 2018; Kustatscher et al., 2014";7.1;"RFX_DNA_binding(RFX DNA-binding domain,PF02257);RFX5_DNA_bdg(RFX5 DNA-binding domain,PF14621);RFX5_N(RFX5 N-terminal domain,PF18326)";616;RFX gene regulatory complex,CPX-6461,ECO:0000353(physical interaction evidence used in manual assertion);RP00805076;SNHG16;lncRNA;Homo sapiens;TF;Homo sapiens;NCBI:100507246;NCBI:5993;0.3886;qRT-PCR;RNA-seq//ChIP-seq//Microarray;;17;ENSG00000163597;-1.76574685009836;3.88332039022155;-7.2253013716623;1.36790691052561e-08;1.73860555062877e-07;9.46585361999884
37299;867747;ETS2;P15036;Protein C-ets-2;;Nucleoplasm (Enhanced);;DNA-templated transcription, Regulation of transcription, DNA-binding TFs, Housekeeping DNA-binding TFs;Housekeeping DNA-binding TFs;Alabert et al., 2014;0.185;"Ets(Ets-domain,PF00178);SAM_PNT(Sterile alpha motif (SAM)/Pointed domain,PF02198);Ets1_N_flank(Ets1 N-terminal flanking region of Ets domain,PF19525)";469;;RP02545918;SNHG16;lncRNA;Homo sapiens;TF;Homo sapiens;NCBI:100507246;NCBI:2114;0.3886;qRT-PCR;RNA-seq//ChIP-seq//Microarray;;17;ENSG00000163597;-1.76574685009836;3.88332039022155;-7.2253013716623;1.36790691052561e-08;1.73860555062877e-07;9.46585361999884
41113;2001432;MYBL2;P10244;Myb-related protein B (B-Myb);;Cytosol (Approved), Nucleoplasm (Supported);;DNA-templated transcription, Regulation of transcription, DNA-binding TFs, Non-Housekeeping DNA-binding TFs;Non-Housekeeping DNA-binding TFs;"Itzhak et al., 2016; Kustatscher et al., 2014; Ugur et al., 2023";1.13;"Cmyb_C(C-myb, C-terminal,PF09316);Myb_DNA-bind_6(Myb-like DNA-binding domain,PF13921);Myb_DNA-bind_6(Myb-like DNA-binding domain,PF13921);Myb_DNA-bind_6(Myb-like DNA-binding domain,PF13921)";700;"Myb-MuvB-FOXM1 transcriptional activation complex,CPX-7462,ECO:0005547(biological system reconstruction evidence based on inference from background scientific knowledge used in manual assertion);Myb-MuvB transcriptional activation complex,CPX-2366,ECO:0005547(biological system reconstruction evidence based on inference from background scientific knowledge used in manual assertion)";RP01228294;SNHG16;lncRNA;Homo sapiens;TF;Homo sapiens;NCBI:100507246;NCBI:4605;0.3886;qRT-PCR;RNA-seq//ChIP-seq//Microarray;;17;ENSG00000163597;-1.76574685009836;3.88332039022155;-7.2253013716623;1.36790691052561e-08;1.73860555062877e-07;9.46585361999884
41157;1994014;MYB;P10242;Transcriptional activator Myb;Nucleus (ECO:0000255), Nucleus (ECO:0000269);Cytosol (Approved), Nucleoplasm (Supported);;DNA-templated transcription, Regulation of transcription, DNA-binding TFs, Non-Housekeeping DNA-binding TFs;Non-Housekeeping DNA-binding TFs;;0.397;"Myb_DNA-binding(Myb-like DNA-binding domain,PF00249);Myb_DNA-binding(Myb-like DNA-binding domain,PF00249);Myb_DNA-binding(Myb-like DNA-binding domain,PF00249);Cmyb_C(C-myb, C-terminal,PF09316)";640;c-Myb-C/EBPbeta complex,CPX-504,ECO:0005543(biological system reconstruction evidence by experimental evidence from mixed species used in manual assertion);RP09909962;MIR155HG;lncRNA;Homo sapiens;TF;Homo sapiens;NCBI:114614;NCBI:4602;0.2703;Western blot;;;1106;ENSG00000234883;-2.19892248664093;-0.895189111127164;-6.07619956133059;4.82339797346411e-07;4.03420184380984e-06;5.93216256204037
41313;2978977;SP7;Q8TDD2;Transcription factor Sp7;Nucleus (ECO:0000250);;;DNA-templated transcription, Regulation of transcription, DNA-binding TFs, Non-Housekeeping DNA-binding TFs;Non-Housekeeping DNA-binding TFs;;0.005;"zf-C2H2(Zinc finger, C2H2 type,PF00096);zf-C2H2(Zinc finger, C2H2 type,PF00096);zf-C2H2(Zinc finger, C2H2 type,PF00096)";431;;RP09426467;DANCR;lncRNA;Homo sapiens;protein;Homo sapiens;NCBI:57291;NCBI:121340;0.261;RIP//qRT-PCR//Dual luciferase reporter assay;;;493;ENSG00000226950;-1.97490458175396;2.8150326492749;-6.0781695760482;4.79377709969811e-07;4.02543318531536e-06;5.93825752661623
42022;2013215;MYC;P01106;Myc proto-oncogene protein (bHLHe39);Nucleolus (ECO:0000269), Nucleoplasm (ECO:0000269);Nucleoplasm (Enhanced);;DNA-templated transcription, Regulation of transcription, DNA-binding TFs, Non-Housekeeping DNA-binding TFs;Non-Housekeeping DNA-binding TFs;"Alabert et al., 2014; Itzhak et al., 2016; Kustatscher et al., 2014";8.37;"HLH(Helix-loop-helix DNA-binding domain,PF00010);Myc_N(Myc amino-terminal region,PF01056);Myc-LZ(Myc leucine zipper domain,PF02344)";439;"MYC-MAX transcriptional activator complex,CPX-91,ECO:0000353(physical interaction evidence used in manual assertion);c-MYC-BIN1 complex,CPX-514,ECO:0000353(physical interaction evidence used in manual assertion);FOXO3-MYC complex,CPX-1123,ECO:0000353(physical interaction evidence used in manual assertion)";RP01294447;CCAT2;lncRNA;Homo sapiens;TF;Homo sapiens;NCBI:101805488;NCBI:4609;0.5124;RT-PCR//ISH//qRT-PCR//RIP;ChIP-seq;;3930;ENSG00000280997;-1.9992829610655;-2.11172082817622;-9.69167526004849;9.955767792679329e-12;3.32412024633349e-10;16.6519716585031
42253;2017988;MYC;P01106;Myc proto-oncogene protein (bHLHe39);Nucleolus (ECO:0000269), Nucleoplasm (ECO:0000269);Nucleoplasm (Enhanced);;DNA-templated transcription, Regulation of transcription, DNA-binding TFs, Non-Housekeeping DNA-binding TFs;Non-Housekeeping DNA-binding TFs;"Alabert et al., 2014; Itzhak et al., 2016; Kustatscher et al., 2014";8.37;"HLH(Helix-loop-helix DNA-binding domain,PF00010);Myc_N(Myc amino-terminal region,PF01056);Myc-LZ(Myc leucine zipper domain,PF02344)";439;"MYC-MAX transcriptional activator complex,CPX-91,ECO:0000353(physical interaction evidence used in manual assertion);c-MYC-BIN1 complex,CPX-514,ECO:0000353(physical interaction evidence used in manual assertion);FOXO3-MYC complex,CPX-1123,ECO:0000353(physical interaction evidence used in manual assertion)";RP00144357;MIR17HG;lncRNA;Homo sapiens;TF;Homo sapiens;NCBI:407975;NCBI:4609;0.6152;RT-PCR;ChIP-seq;catRAPID;215;ENSG00000215417;-1.84534139091266;0.99398029655203;-5.74834557141758;1.34549165469835e-06;9.96563977344356e-06;4.91812246599078
42349;2024721;MYC;P01106;Myc proto-oncogene protein (bHLHe39);Nucleolus (ECO:0000269), Nucleoplasm (ECO:0000269);Nucleoplasm (Enhanced);;DNA-templated transcription, Regulation of transcription, DNA-binding TFs, Non-Housekeeping DNA-binding TFs;Non-Housekeeping DNA-binding TFs;"Alabert et al., 2014; Itzhak et al., 2016; Kustatscher et al., 2014";8.37;"HLH(Helix-loop-helix DNA-binding domain,PF00010);Myc_N(Myc amino-terminal region,PF01056);Myc-LZ(Myc leucine zipper domain,PF02344)";439;"MYC-MAX transcriptional activator complex,CPX-91,ECO:0000353(physical interaction evidence used in manual assertion);c-MYC-BIN1 complex,CPX-514,ECO:0000353(physical interaction evidence used in manual assertion);FOXO3-MYC complex,CPX-1123,ECO:0000353(physical interaction evidence used in manual assertion)";RP00144208;SNHG16;lncRNA;Homo sapiens;TF;Homo sapiens;NCBI:100507246;NCBI:4609;0.6254;qRT-PCR;RNA-seq//ChIP-seq//Microarray;;17;ENSG00000163597;-1.76574685009836;3.88332039022155;-7.2253013716623;1.36790691052561e-08;1.73860555062877e-07;9.46585361999884
44168;3201274;TBX3;O15119;T-box transcription factor TBX3;Nucleus (ECO:0000255);Cytosol (Approved), Nucleoplasm (Supported);;DNA-templated transcription, Regulation of transcription, DNA-binding TFs, Non-Housekeeping DNA-binding TFs;Non-Housekeeping DNA-binding TFs;"Alvarez et al., 2023; Itzhak et al., 2016";5.74;"T-box(T-box,PF00907);TBX2-3_TAD(T-box transcription factor,PF12598);TBX2-3_RD(PF20627)";743;;RP02467516;SNHG16;lncRNA;Homo sapiens;TF;Homo sapiens;NCBI:100507246;NCBI:6926;0.3886;qRT-PCR;RNA-seq//ChIP-seq//Microarray;;17;ENSG00000163597;-1.76574685009836;3.88332039022155;-7.2253013716623;1.36790691052561e-08;1.73860555062877e-07;9.46585361999884
44540;2894108;SNAI2;O43623;Zinc finger protein SNAI2;Nucleus (ECO:0000269);Nucleoplasm (Supported);;DNA-templated transcription, Regulation of transcription, DNA-binding TFs, Non-Housekeeping DNA-binding TFs;Non-Housekeeping DNA-binding TFs;Itzhak et al., 2016;0.182;"zf-C2H2(Zinc finger, C2H2 type,PF00096);zf-C2H2(Zinc finger, C2H2 type,PF00096);zf-C2H2(Zinc finger, C2H2 type,PF00096);zf-C2H2(Zinc finger, C2H2 type,PF00096);zf-C2H2(Zinc finger, C2H2 type,PF00096)";268;;RP00082252;SNHG6;lncRNA;Homo sapiens;TF;Homo sapiens;NCBI:641638;NCBI:6591;0.3641;Immunofluorescence assay//Western blot//Luciferase reporter assay;ChIP-seq;;1482;ENSG00000245910;-3.02030504081192;2.13635252691397;-9.00111087542265;6.998606051362839e-11;1.6448679138594102e-09;14.7126214928218
44547;2894093;SNAI2;O43623;Zinc finger protein SNAI2;Nucleus (ECO:0000269);Nucleoplasm (Supported);;DNA-templated transcription, Regulation of transcription, DNA-binding TFs, Non-Housekeeping DNA-binding TFs;Non-Housekeeping DNA-binding TFs;Itzhak et al., 2016;0.182;"zf-C2H2(Zinc finger, C2H2 type,PF00096);zf-C2H2(Zinc finger, C2H2 type,PF00096);zf-C2H2(Zinc finger, C2H2 type,PF00096);zf-C2H2(Zinc finger, C2H2 type,PF00096);zf-C2H2(Zinc finger, C2H2 type,PF00096)";268;;RP00081363;SNHG15;lncRNA;Homo sapiens;TF;Homo sapiens;NCBI:285958;NCBI:6591;0.4764;RIP//RNA pull-down assay;ChIP-seq;;966;ENSG00000232956;-2.77917597283892;1.81941702980103;-9.99049401552001;4.36370990206709e-12;1.65388536558525e-10;17.4717593121349
44652;2879319;SNAI1;O95863;Zinc finger protein SNAI1;Cytoplasm (ECO:0000269), Nucleus (ECO:0000269);Nucleoplasm (Supported);;DNA-templated transcription, Regulation of transcription, DNA-binding TFs, Non-Housekeeping DNA-binding TFs, Centromere-associated, Heterochromatin-associated;Non-Housekeeping DNA-binding TFs;;0.009;"zf-C2H2_6(C2H2-type zinc finger,PF13912);zf-C2H2(Zinc finger, C2H2 type,PF00096);zf-C2H2(Zinc finger, C2H2 type,PF00096)";264;;RP36083468;SNHG6;lncRNA;Homo sapiens;TF;Homo sapiens;NCBI:641638;NCBI:6615;0.2875;Immunofluorescence assay//Western blot//Luciferase reporter assay;;;1482;ENSG00000245910;-3.02030504081192;2.13635252691397;-9.00111087542265;6.998606051362839e-11;1.6448679138594102e-09;14.7126214928218
45924;2687856;RUNX2;Q13950;Runt-related transcription factor 2 (CBF-alpha-1) (OSF-2);Nucleus (ECO:0000269);Nucleoplasm (Enhanced);;DNA-templated transcription, Regulation of transcription, DNA-binding TFs, Non-Housekeeping DNA-binding TFs;Non-Housekeeping DNA-binding TFs;;2.3;"Runt(Runt domain,PF00853);RunxI(Runx inhibition domain,PF08504)";521;;RP07519847;DANCR;lncRNA;Homo sapiens;TF;Homo sapiens;NCBI:57291;NCBI:860;0.4044;RT-PCR//qRT-PCR//Western blot//qPCR//Dual luciferase reporter assay//RIP//RNA pull-down assay;;;493;ENSG00000226950;-1.97490458175396;2.8150326492749;-6.0781695760482;4.79377709969811e-07;4.02543318531536e-06;5.93825752661623
49250;1014041;FOXC1;Q12948;Forkhead box protein C1 (FREAC-3);Nucleus (ECO:0000269);Nucleoplasm (Supported);;DNA-templated transcription, Regulation of transcription, DNA-binding TFs, Non-Housekeeping DNA-binding TFs, Heterochromatin-associated;Non-Housekeeping DNA-binding TFs;"Alabert et al., 2014; Itzhak et al., 2016; Kustatscher et al., 2014";3.59;Forkhead(Forkhead domain,PF00250);553;;RP34453541;CCAT2;lncRNA;Homo sapiens;protein;Homo sapiens;NCBI:101805488;NCBI:2296;0.3345;RIP//Dual luciferase reporter assay;;;3930;ENSG00000280997;-1.9992829610655;-2.11172082817622;-9.69167526004849;9.955767792679329e-12;3.32412024633349e-10;16.6519716585031
49451;1021332;FOXD2;O60548;Forkhead box protein D2 (FREAC-9);Nucleus (ECO:0000255);;;DNA-templated transcription, Regulation of transcription, DNA-binding TFs, Non-Housekeeping DNA-binding TFs;Non-Housekeeping DNA-binding TFs;;0.386;Forkhead(Forkhead domain,PF00250);495;;RP02564589;SNHG16;lncRNA;Homo sapiens;TF;Homo sapiens;NCBI:100507246;NCBI:2306;0.3886;qRT-PCR;RNA-seq//ChIP-seq//Microarray;;17;ENSG00000163597;-1.76574685009836;3.88332039022155;-7.2253013716623;1.36790691052561e-08;1.73860555062877e-07;9.46585361999884
51500;899828;ETV7;Q9Y603;Transcription factor ETV7;;Nucleoplasm (Supported);;DNA-templated transcription, Regulation of transcription, DNA-binding TFs, Non-Housekeeping DNA-binding TFs;Non-Housekeeping DNA-binding TFs;;;"Ets(Ets-domain,PF00178);SAM_PNT(Sterile alpha motif (SAM)/Pointed domain,PF02198)";341;;RP02552899;SNHG16;lncRNA;Homo sapiens;TF;Homo sapiens;NCBI:100507246;NCBI:51513;0.3886;qRT-PCR;RNA-seq//ChIP-seq//Microarray;;17;ENSG00000163597;-1.76574685009836;3.88332039022155;-7.2253013716623;1.36790691052561e-08;1.73860555062877e-07;9.46585361999884
52827;3442686;TP73;O15350;Tumor protein p73;Nucleus (ECO:0000269);Golgi apparatus (Approved), Nucleoplasm (Supported);;DNA-templated transcription, Regulation of transcription, DNA-binding TFs, Non-Housekeeping DNA-binding TFs, DNA metabolic processes, DNA repair;Non-Housekeeping DNA-binding TFs;;0.08;"P53(P53 DNA-binding domain,PF00870);SAM_2(SAM domain (Sterile alpha motif),PF07647)";636;;RP01596281;SNHG16;lncRNA;Homo sapiens;TF;Homo sapiens;NCBI:100507246;NCBI:7161;0.4271;qRT-PCR;RNA-seq//ChIP-seq//Microarray;;17;ENSG00000163597;-1.76574685009836;3.88332039022155;-7.2253013716623;1.36790691052561e-08;1.73860555062877e-07;9.46585361999884
53102;1065849;FOXM1;Q08050;Forkhead box protein M1 (HFH-11);;Nucleoli (Supported), Nucleoli rim (Supported), Nucleoplasm (Supported);;DNA-templated transcription, Regulation of transcription, DNA-binding TFs, Non-Housekeeping DNA-binding TFs;Non-Housekeeping DNA-binding TFs;"Alabert et al., 2014; Kustatscher et al., 2014";0.103;Forkhead(Forkhead domain,PF00250);763;Myb-MuvB-FOXM1 transcriptional activation complex,CPX-7462,ECO:0005547(biological system reconstruction evidence based on inference from background scientific knowledge used in manual assertion);RP01258681;PVT1;lncRNA;Homo sapiens;TF;Homo sapiens;NCBI:5820;NCBI:2305;0.5043;ChIP//Western blot//RNA-protein pulldown assay//RIP//LC-MS/MS;ChIP-seq;;1653;ENSG00000249859;-2.94835528412177;3.44033601704875;-13.2423529425615;1.1556977876688e-15;4.42001872065694e-13;25.6256393463927
53334;3421646;TP63;Q9H3D4;Tumor protein 63 (p63) (CUSP) (TP63) (p73L) (p40) (p51);Nucleus (ECO:0000269);Nucleoplasm (Enhanced);;DNA-templated transcription, Regulation of transcription, DNA-binding TFs, Non-Housekeeping DNA-binding TFs;Non-Housekeeping DNA-binding TFs;;0.132;"P53(P53 DNA-binding domain,PF00870);SAM_2(SAM domain (Sterile alpha motif),PF07647)";680;;RP01733261;GAS5;lncRNA;Homo sapiens;TF;Homo sapiens;NCBI:60674;NCBI:8626;0.4996;qRT-PCR//Dual luciferase reporter assay;ChIP-seq;;1098;ENSG00000234741;-2.56041864444156;3.87237361491495;-7.93865419283863;1.5767911812111202e-09;2.58115194527439e-08;11.6138519668715
53749;3431633;TP63;Q9H3D4;Tumor protein 63 (p63) (CUSP) (TP63) (p73L) (p40) (p51);Nucleus (ECO:0000269);Nucleoplasm (Enhanced);;DNA-templated transcription, Regulation of transcription, DNA-binding TFs, Non-Housekeeping DNA-binding TFs;Non-Housekeeping DNA-binding TFs;;0.132;"P53(P53 DNA-binding domain,PF00870);SAM_2(SAM domain (Sterile alpha motif),PF07647)";680;;RP01736837;SNHG1;lncRNA;Homo sapiens;TF;Homo sapiens;NCBI:23642;NCBI:8626;0.4513;RIP;ChIP-seq;;2023;ENSG00000255717;-3.1343954975797;3.5255615293517;-12.1724795306288;1.50067688859263e-14;2.52533906812367e-12;23.0956312855758
54421;536372;E2F1;Q01094;Transcription factor E2F1 (E2F-1) (PBR3) (RBAP-1) (RBBP-3);Nucleus (ECO:0000269);Centrosome (Supported), Nucleoplasm (Supported);;DNA-templated transcription, Regulation of transcription, DNA-binding TFs, Non-Housekeeping DNA-binding TFs;Non-Housekeeping DNA-binding TFs;;0.407;"E2F_TDP(E2F/DP family winged-helix DNA-binding domain,PF02319);E2F_CC-MB(E2F transcription factor CC-MB domain,PF16421)";437;"RB1-E2F1-DP1 transcriptional repressor complex,CPX-155,ECO:0000353(physical interaction evidence used in manual assertion);E2F1-DP1 transcription factor complex,CPX-1971,ECO:0000353(physical interaction evidence used in manual assertion)";RP00298935;GAS5;lncRNA;Homo sapiens;TF;Homo sapiens;NCBI:60674;NCBI:1869;0.4955;RT-PCR//RIP//Western blot;ChIP-seq;;1098;ENSG00000234741;-2.56041864444156;3.87237361491495;-7.93865419283863;1.5767911812111202e-09;2.58115194527439e-08;11.6138519668715
54460;537565;E2F1;Q01094;Transcription factor E2F1 (E2F-1) (PBR3) (RBAP-1) (RBBP-3);Nucleus (ECO:0000269);Centrosome (Supported), Nucleoplasm (Supported);;DNA-templated transcription, Regulation of transcription, DNA-binding TFs, Non-Housekeeping DNA-binding TFs;Non-Housekeeping DNA-binding TFs;;0.407;"E2F_TDP(E2F/DP family winged-helix DNA-binding domain,PF02319);E2F_CC-MB(E2F transcription factor CC-MB domain,PF16421)";437;"RB1-E2F1-DP1 transcriptional repressor complex,CPX-155,ECO:0000353(physical interaction evidence used in manual assertion);E2F1-DP1 transcription factor complex,CPX-1971,ECO:0000353(physical interaction evidence used in manual assertion)";RP00298463;MIR17HG;lncRNA;Homo sapiens;TF;Homo sapiens;NCBI:407975;NCBI:1869;0.2923;ChIP//Western blot//Reporter assay;ChIP-seq;;215;ENSG00000215417;-1.84534139091266;0.99398029655203;-5.74834557141758;1.34549165469835e-06;9.96563977344356e-06;4.91812246599078
54924;109220;ASCL2;Q99929;Achaete-scute homolog 2 (ASH-2) (hASH2) (bHLHa45) (Mash2);Nucleus (ECO:0000255), Nucleus (ECO:0000269);;;DNA-templated transcription, Regulation of transcription, DNA-binding TFs, Non-Housekeeping DNA-binding TFs;Non-Housekeeping DNA-binding TFs;;0.137;HLH(Helix-loop-helix DNA-binding domain,PF00010);193;;RP02275499;SNHG16;lncRNA;Homo sapiens;TF;Homo sapiens;NCBI:100507246;NCBI:430;0.3886;qRT-PCR;RNA-seq//ChIP-seq//Microarray;;17;ENSG00000163597;-1.76574685009836;3.88332039022155;-7.2253013716623;1.36790691052561e-08;1.73860555062877e-07;9.46585361999884
57388;551128;E2F2;Q14209;Transcription factor E2F2 (E2F-2);;;;DNA-templated transcription, Regulation of transcription, DNA-binding TFs, Non-Housekeeping DNA-binding TFs;Non-Housekeeping DNA-binding TFs;;0.645;"E2F_TDP(E2F/DP family winged-helix DNA-binding domain,PF02319);E2F_CC-MB(E2F transcription factor CC-MB domain,PF16421)";437;"RB1-E2F2-DP1 transcriptional repressor complex,CPX-175,ECO:0005546(biological system reconstruction evidence based on paralogy evidence used in manual assertion);E2F2-DP1 transcription factor complex,CPX-1972,ECO:0005546(biological system reconstruction evidence based on paralogy evidence used in manual assertion)";RP02299735;SNHG16;lncRNA;Homo sapiens;TF;Homo sapiens;NCBI:100507246;NCBI:1870;0.3886;qRT-PCR;RNA-seq//ChIP-seq//Microarray;;17;ENSG00000163597;-1.76574685009836;3.88332039022155;-7.2253013716623;1.36790691052561e-08;1.73860555062877e-07;9.46585361999884
58444;605045;E2F7;Q96AV8;Transcription factor E2F7 (E2F-7);Nucleus (ECO:0000269);Nuclear speckles (Supported);;DNA-templated transcription, Regulation of transcription, DNA-binding TFs, Non-Housekeeping DNA-binding TFs;Non-Housekeeping DNA-binding TFs;Itzhak et al., 2016;0.286;"E2F_TDP(E2F/DP family winged-helix DNA-binding domain,PF02319);E2F_TDP(E2F/DP family winged-helix DNA-binding domain,PF02319)";911;;RP02036050;SNHG16;lncRNA;Homo sapiens;TF;Homo sapiens;NCBI:100507246;NCBI:144455;0.4356;qRT-PCR;RNA-seq//ChIP-seq//Microarray;;17;ENSG00000163597;-1.76574685009836;3.88332039022155;-7.2253013716623;1.36790691052561e-08;1.73860555062877e-07;9.46585361999884
59803;1490885;HOXA10;P31260;Homeobox protein Hox-A10 (PL);;Nuclear bodies (Supported), Nucleoplasm (Supported);;DNA-templated transcription, Regulation of transcription, DNA-binding TFs, Non-Housekeeping DNA-binding TFs;Non-Housekeeping DNA-binding TFs;;1.92;Homeodomain(Homeodomain,PF00046);410;;RP02357295;SNHG16;lncRNA;Homo sapiens;TF;Homo sapiens;NCBI:100507246;NCBI:3206;0.3886;qRT-PCR;RNA-seq//ChIP-seq//Microarray;;17;ENSG00000163597;-1.76574685009836;3.88332039022155;-7.2253013716623;1.36790691052561e-08;1.73860555062877e-07;9.46585361999884
62752;1772582;KLF2;Q9Y5W3;Krueppel-like factor 2;Nucleus (ECO:0000250);Nucleoplasm (Approved);;DNA-templated transcription, Regulation of transcription, DNA-binding TFs, Non-Housekeeping DNA-binding TFs;Non-Housekeeping DNA-binding TFs;;2.08;"zf-C2H2(Zinc finger, C2H2 type,PF00096);zf-C2H2(Zinc finger, C2H2 type,PF00096);zf-C2H2(Zinc finger, C2H2 type,PF00096)";355;;RP07520012;XIST;lncRNA;Homo sapiens;protein;Homo sapiens;NCBI:7503;NCBI:10365;0.3802;RIP;;;718;ENSG00000229807;-6.57326935078366;1.54159830942689;-4.14945804433362;0.0001856278660776;0.0008424341236124;0.0917621252499083
62753;1772580;KLF2;Q9Y5W3;Krueppel-like factor 2;Nucleus (ECO:0000250);Nucleoplasm (Approved);;DNA-templated transcription, Regulation of transcription, DNA-binding TFs, Non-Housekeeping DNA-binding TFs;Non-Housekeeping DNA-binding TFs;;2.08;"zf-C2H2(Zinc finger, C2H2 type,PF00096);zf-C2H2(Zinc finger, C2H2 type,PF00096);zf-C2H2(Zinc finger, C2H2 type,PF00096)";355;;RP07519988;SNHG15;lncRNA;Homo sapiens;protein;Homo sapiens;NCBI:285958;NCBI:10365;0.3824;ChIP//RIP;;;966;ENSG00000232956;-2.77917597283892;1.81941702980103;-9.99049401552001;4.36370990206709e-12;1.65388536558525e-10;17.4717593121349
69312;2701329;RXRA;P19793;Retinoic acid receptor RXR-alpha;Cytoplasm (ECO:0000269), Mitochondrion (ECO:0000269), Nucleus (ECO:0000255), Nucleus (ECO:0000269);Golgi apparatus (Approved), Nucleoplasm (Supported);;DNA-templated transcription, Regulation of transcription, DNA-binding TFs, Housekeeping DNA-binding TFs, Nuclear hormone receptors;Nuclear hormone receptors;"Alabert et al., 2014; Alvarez et al., 2023; Kustatscher et al., 2014; Shi et al., 2021";5.38;"Hormone_recep(Ligand-binding domain of nuclear hormone receptor,PF00104);zf-C4(Zinc finger, C4 type (two domains),PF00105);Nuc_recep-AF1(Nuclear/hormone receptor activator site AF-1,PF11825)";462;"RXRalpha-PXR nuclear receptor complex,CPX-496,ECO:0000353(physical interaction evidence used in manual assertion);RXRalpha-RARalpha retinoic acid receptor complex,CPX-508,ECO:0000353(physical interaction evidence used in manual assertion);RXRalpha-NCOA2 activated retinoic acid receptor complex,CPX-513,ECO:0000353(physical interaction evidence used in manual assertion);RXRalpha-VDR nuclear hormone receptor complex,CPX-631,ECO:0000353(physical interaction evidence used in manual assertion);RXRalpha-LXRalpha nuclear hormone receptor complex,CPX-632,ECO:0005543(biological system reconstruction evidence by experimental evidence from mixed species used in manual assertion);RXRalpha-TRbeta nuclear hormone receptor complex,CPX-654,ECO:0000353(physical interaction evidence used in manual assertion);RXRalpha-TRalpha nuclear hormone receptor complex,CPX-662,ECO:0005543(biological system reconstruction evidence by experimental evidence from mixed species used in manual assertion);RXRalpha-RXRalpha retinoic acid receptor complex,CPX-664,ECO:0000353(physical interaction evidence used in manual assertion);RXRalpha-LXRbeta nuclear hormone receptor complex,CPX-678,ECO:0000353(physical interaction evidence used in manual assertion);RXRalpha-RARalpha-NCOA2 retinoic acid receptor complex,CPX-816,ECO:0005543(biological system reconstruction evidence by experimental evidence from mixed species used in manual assertion);RXRalpha-NCOA1 activated retinoic acid receptor complex,CPX-5342,ECO:0000353(physical interaction evidence used in manual assertion)";RP00506771;SNHG16;lncRNA;Homo sapiens;TF;Homo sapiens;NCBI:100507246;NCBI:6256;0.3886;qRT-PCR;RNA-seq//ChIP-seq//Microarray;;17;ENSG00000163597;-1.76574685009836;3.88332039022155;-7.2253013716623;1.36790691052561e-08;1.73860555062877e-07;9.46585361999884
69786;2553772;RARG;P13631;Retinoic acid receptor gamma (RAR-gamma);Cytoplasm (ECO:0000269), Nucleus (ECO:0000269);Nucleoplasm (Supported);;DNA-templated transcription, Regulation of transcription, DNA-binding TFs, Housekeeping DNA-binding TFs, Nuclear hormone receptors;Nuclear hormone receptors;Itzhak et al., 2016;0.344;"Hormone_recep(Ligand-binding domain of nuclear hormone receptor,PF00104);zf-C4(Zinc finger, C4 type (two domains),PF00105)";454;;RP02636108;SNHG16;lncRNA;Homo sapiens;TF;Homo sapiens;NCBI:100507246;NCBI:5916;0.3886;qRT-PCR;RNA-seq//ChIP-seq//Microarray;;17;ENSG00000163597;-1.76574685009836;3.88332039022155;-7.2253013716623;1.36790691052561e-08;1.73860555062877e-07;9.46585361999884
70979;2294835;NR3C1;P04150;Glucocorticoid receptor (GR);Centrosome (ECO:0000269), Cytoplasm (ECO:0000269), Mitochondrion (ECO:0000269), Nucleus (ECO:0000269), Spindle (ECO:0000269);Cytosol (Enhanced), Mitochondria (Supported), Nucleoplasm (Enhanced);;DNA-templated transcription, Regulation of transcription, DNA-binding TFs, Housekeeping DNA-binding TFs, Nuclear hormone receptors;Nuclear hormone receptors;"Alabert et al., 2014; Ginno et al., 2018";5.83;"Hormone_recep(Ligand-binding domain of nuclear hormone receptor,PF00104);zf-C4(Zinc finger, C4 type (two domains),PF00105);GCR(Glucocorticoid receptor,PF02155)";777;;RP00337048;SNHG16;lncRNA;Homo sapiens;TF;Homo sapiens;NCBI:100507246;NCBI:2908;0.5314;qRT-PCR;RNA-seq//ChIP-seq//Microarray;;17;ENSG00000163597;-1.76574685009836;3.88332039022155;-7.2253013716623;1.36790691052561e-08;1.73860555062877e-07;9.46585361999884
71135;2284260;NR3C1;P04150;Glucocorticoid receptor (GR);Centrosome (ECO:0000269), Cytoplasm (ECO:0000269), Mitochondrion (ECO:0000269), Nucleus (ECO:0000269), Spindle (ECO:0000269);Cytosol (Enhanced), Mitochondria (Supported), Nucleoplasm (Enhanced);;DNA-templated transcription, Regulation of transcription, DNA-binding TFs, Housekeeping DNA-binding TFs, Nuclear hormone receptors;Nuclear hormone receptors;"Alabert et al., 2014; Ginno et al., 2018";5.83;"Hormone_recep(Ligand-binding domain of nuclear hormone receptor,PF00104);zf-C4(Zinc finger, C4 type (two domains),PF00105);GCR(Glucocorticoid receptor,PF02155)";777;;RP00537892;GAS5;lncRNA;Homo sapiens;TF;Homo sapiens;NCBI:60674;NCBI:2908;0.5071;RT-PCR//ChIP;ChIP-seq;;1098;ENSG00000234741;-2.56041864444156;3.87237361491495;-7.93865419283863;1.5767911812111202e-09;2.58115194527439e-08;11.6138519668715
71595;3252771;TCF7L2;Q9NQB0;Transcription factor 7-like 2 (TCF-4) (hTCF-4);Nucleus (ECO:0000269), PML body (ECO:0000269);Nuclear bodies (Supported);;DNA-templated transcription, Regulation of transcription, DNA-binding TFs, Housekeeping DNA-binding TFs, HMG, Other families with HMG-box domain;Other families with HMG-box domain;"Itzhak et al., 2016; Kustatscher et al., 2014; Ugur et al., 2023";2.695;"HMG_box(HMG (high mobility group) box,PF00505);CTNNB1_binding(N-terminal CTNNB1 binding,PF08347)";619;;RP00266463;CCAT2;lncRNA;Homo sapiens;TF;Homo sapiens;NCBI:101805488;NCBI:6934;0.4391;RIP;ChIP-seq;;3930;ENSG00000280997;-1.9992829610655;-2.11172082817622;-9.69167526004849;9.955767792679329e-12;3.32412024633349e-10;16.6519716585031
74098;3406157;TP53;P04637;Cellular tumor antigen p53;Centrosome (ECO:0000269), Cytoplasm (ECO:0000269), Endoplasmic reticulum (ECO:0000269), Mitochondrion matrix (ECO:0000269), Nucleus (ECO:0000269), PML body (ECO:0000269);Cytosol (Supported), Nucleoplasm (Enhanced), Vesicles (Approved);;DNA-templated transcription, Regulation of transcription, DNA-binding TFs, Housekeeping DNA-binding TFs, Pioneer TFs, DNA metabolic processes, DNA repair;Pioneer TFs;"Ginno et al., 2018; Ugur et al., 2023";16.6;P53(P53 DNA-binding domain,PF00870);393;"p53-MDM4 transcriptional regulation complex,CPX-663,ECO:0000353(physical interaction evidence used in manual assertion);p53-MDM2 transcriptional regulation complex,CPX-759,ECO:0000353(physical interaction evidence used in manual assertion);p53-MDM2-MDM4 transcriptional regulation complex,CPX-6093,ECO:0005547(biological system reconstruction evidence based on inference from background scientific knowledge used in manual assertion)";RP01633146;TP53TG1;lncRNA;Homo sapiens;TF;Homo sapiens;NCBI:11257;NCBI:7157;0.5567;RT-PCR//Northern blot;ChIP-seq;;65;ENSG00000182165;-1.57710008276527;0.273490325857145;-5.00587619209585;1.36356183430206e-05;7.98956077563895e-05;2.63819594067564
74113;3405161;TP53;P04637;Cellular tumor antigen p53;Centrosome (ECO:0000269), Cytoplasm (ECO:0000269), Endoplasmic reticulum (ECO:0000269), Mitochondrion matrix (ECO:0000269), Nucleus (ECO:0000269), PML body (ECO:0000269);Cytosol (Supported), Nucleoplasm (Enhanced), Vesicles (Approved);;DNA-templated transcription, Regulation of transcription, DNA-binding TFs, Housekeeping DNA-binding TFs, Pioneer TFs, DNA metabolic processes, DNA repair;Pioneer TFs;"Ginno et al., 2018; Ugur et al., 2023";16.6;P53(P53 DNA-binding domain,PF00870);393;"p53-MDM4 transcriptional regulation complex,CPX-663,ECO:0000353(physical interaction evidence used in manual assertion);p53-MDM2 transcriptional regulation complex,CPX-759,ECO:0000353(physical interaction evidence used in manual assertion);p53-MDM2-MDM4 transcriptional regulation complex,CPX-6093,ECO:0005547(biological system reconstruction evidence based on inference from background scientific knowledge used in manual assertion)";RP01636250;SNHG1;lncRNA;Homo sapiens;TF;Homo sapiens;NCBI:23642;NCBI:7157;0.5385;RIP//RNA pull-down assay//GST pull-down assay;ChIP-seq;;2023;ENSG00000255717;-3.1343954975797;3.5255615293517;-12.1724795306288;1.50067688859263e-14;2.52533906812367e-12;23.0956312855758
74218;3391296;TP53;P04637;Cellular tumor antigen p53;Centrosome (ECO:0000269), Cytoplasm (ECO:0000269), Endoplasmic reticulum (ECO:0000269), Mitochondrion matrix (ECO:0000269), Nucleus (ECO:0000269), PML body (ECO:0000269);Cytosol (Supported), Nucleoplasm (Enhanced), Vesicles (Approved);;DNA-templated transcription, Regulation of transcription, DNA-binding TFs, Housekeeping DNA-binding TFs, Pioneer TFs, DNA metabolic processes, DNA repair;Pioneer TFs;"Ginno et al., 2018; Ugur et al., 2023";16.6;P53(P53 DNA-binding domain,PF00870);393;"p53-MDM4 transcriptional regulation complex,CPX-663,ECO:0000353(physical interaction evidence used in manual assertion);p53-MDM2 transcriptional regulation complex,CPX-759,ECO:0000353(physical interaction evidence used in manual assertion);p53-MDM2-MDM4 transcriptional regulation complex,CPX-6093,ECO:0005547(biological system reconstruction evidence based on inference from background scientific knowledge used in manual assertion)";RP01634649;GAS5;lncRNA;Homo sapiens;TF;Homo sapiens;NCBI:60674;NCBI:7157;0.5131;RT-PCR//Western blot;ChIP-seq;;1098;ENSG00000234741;-2.56041864444156;3.87237361491495;-7.93865419283863;1.5767911812111202e-09;2.58115194527439e-08;11.6138519668715
77696;2931022;SOX2;P48431;Transcription factor SOX-2;Cytoplasm (ECO:0000250), Nucleus (ECO:0000250), Nucleus speckle (ECO:0000250);Nucleoplasm (Enhanced);;DNA-templated transcription, Regulation of transcription, DNA-binding TFs, Non-Housekeeping DNA-binding TFs, Pioneer TFs, HMG, Other families with HMG-box domain;Pioneer TFs;Ugur et al., 2023;4.84;"HMG_box(HMG (high mobility group) box,PF00505);SOXp(SOX transcription factor,PF12336)";317;;RP01986184;PVT1;lncRNA;Homo sapiens;TF;Homo sapiens;NCBI:5820;NCBI:6657;0.4725;qRT-PCR//ChIP//Western blot;ChIP-seq;;1653;ENSG00000249859;-2.94835528412177;3.44033601704875;-13.2423529425615;1.1556977876688e-15;4.42001872065694e-13;25.6256393463927
79369;3088702;SSB;P05455;Lupus La protein (SS-B);Nucleus (ECO:0000305);Nucleoplasm (Approved);nucleoplasm (annotations_grade_3);Nuclear RNA binding proteins, RNA processing, RNA modification, Telomere-associated;RNA modification;"Alabert et al., 2014; Alvarez et al., 2023; Ginno et al., 2018; Shi et al., 2021; Torrente et al., 2011; Ugur et al., 2023";521.0;"RRM_1(RNA recognition motif. (a.k.a. RRM, RBD, or RNP domain),PF00076);La(La domain,PF05383);RRM_3(RNA binding motif,PF08777)";408;;RP13060674;PVT1;lncRNA;Homo sapiens;RBP;Homo sapiens;Ensembl:ENSG00000249859;NCBI:6741;0.3103;CLIP;;catRAPID;1653;ENSG00000249859;-2.94835528412177;3.44033601704875;-13.2423529425615;1.1556977876688e-15;4.42001872065694e-13;25.6256393463927
79379;3088648;SSB;P05455;Lupus La protein (SS-B);Nucleus (ECO:0000305);Nucleoplasm (Approved);nucleoplasm (annotations_grade_3);Nuclear RNA binding proteins, RNA processing, RNA modification, Telomere-associated;RNA modification;"Alabert et al., 2014; Alvarez et al., 2023; Ginno et al., 2018; Shi et al., 2021; Torrente et al., 2011; Ugur et al., 2023";521.0;"RRM_1(RNA recognition motif. (a.k.a. RRM, RBD, or RNP domain),PF00076);La(La domain,PF05383);RRM_3(RNA binding motif,PF08777)";408;;RP08750834;GAS5;lncRNA;Homo sapiens;RBP;Homo sapiens;NCBI:60674;NCBI:6741;0.2409;CLIP;PAR-CLIP;;1098;ENSG00000234741;-2.56041864444156;3.87237361491495;-7.93865419283863;1.5767911812111202e-09;2.58115194527439e-08;11.6138519668715
79380;3088639;SSB;P05455;Lupus La protein (SS-B);Nucleus (ECO:0000305);Nucleoplasm (Approved);nucleoplasm (annotations_grade_3);Nuclear RNA binding proteins, RNA processing, RNA modification, Telomere-associated;RNA modification;"Alabert et al., 2014; Alvarez et al., 2023; Ginno et al., 2018; Shi et al., 2021; Torrente et al., 2011; Ugur et al., 2023";521.0;"RRM_1(RNA recognition motif. (a.k.a. RRM, RBD, or RNP domain),PF00076);La(La domain,PF05383);RRM_3(RNA binding motif,PF08777)";408;;RP08751013;DISC1FP1;lncRNA;Homo sapiens;RBP;Homo sapiens;NCBI:101929222;NCBI:6741;0.2409;CLIP;PAR-CLIP;;2642;ENSG00000261645;-1.57960787827338;-2.09187619416356;-5.74915221319155;1.34209915776998e-06;9.95804436814516e-06;4.92061532040349
79381;3088661;SSB;P05455;Lupus La protein (SS-B);Nucleus (ECO:0000305);Nucleoplasm (Approved);nucleoplasm (annotations_grade_3);Nuclear RNA binding proteins, RNA processing, RNA modification, Telomere-associated;RNA modification;"Alabert et al., 2014; Alvarez et al., 2023; Ginno et al., 2018; Shi et al., 2021; Torrente et al., 2011; Ugur et al., 2023";521.0;"RRM_1(RNA recognition motif. (a.k.a. RRM, RBD, or RNP domain),PF00076);La(La domain,PF05383);RRM_3(RNA binding motif,PF08777)";408;;RP35296945;LINC00310;lncRNA;Homo sapiens;protein;Homo sapiens;NCBI:114036;NCBI:6741;0.2409;CLIP;;;528;ENSG00000227456;-1.71889329294281;-0.576401170927827;-5.1568343783609;8.53318954351651e-06;5.17278507342564e-05;3.0983635894232
79388;3088715;SSB;P05455;Lupus La protein (SS-B);Nucleus (ECO:0000305);Nucleoplasm (Approved);nucleoplasm (annotations_grade_3);Nuclear RNA binding proteins, RNA processing, RNA modification, Telomere-associated;RNA modification;"Alabert et al., 2014; Alvarez et al., 2023; Ginno et al., 2018; Shi et al., 2021; Torrente et al., 2011; Ugur et al., 2023";521.0;"RRM_1(RNA recognition motif. (a.k.a. RRM, RBD, or RNP domain),PF00076);La(La domain,PF05383);RRM_3(RNA binding motif,PF08777)";408;;RP08750949;SNHG5;lncRNA;Homo sapiens;RBP;Homo sapiens;NCBI:387066;NCBI:6741;0.2409;CLIP;PAR-CLIP;;132;ENSG00000203875;-2.79357818092896;3.17229546572489;-7.92087451041262;1.6629897857665301e-09;2.70123476012347e-08;11.5609108469976
80142;369588;CPSF6;Q16630;Cleavage and polyadenylation specificity factor subunit 6 (CFIm68);Cytoplasm (ECO:0000269), Nucleoplasm (ECO:0000269), Nucleus (ECO:0000269), Nucleus speckle (ECO:0000269);Nuclear speckles (Enhanced), Nucleoplasm (Enhanced);nucleoplasm (annotations_grade_3);Nuclear RNA binding proteins, RNA processing;RNA processing;"Alabert et al., 2014; Alvarez et al., 2023; Ginno et al., 2018; Kustatscher et al., 2014; Shi et al., 2021; Ugur et al., 2023";111.0;RRM_1(RNA recognition motif. (a.k.a. RRM, RBD, or RNP domain),PF00076);551;mRNA cleavage factor I(m) complex, CPSF6 variant,CPX-941,ECO:0000353(physical interaction evidence used in manual assertion);RP34453535;CCAT2;lncRNA;Homo sapiens;protein;Homo sapiens;NCBI:101805488;NCBI:11052;0.2983;RNA pull-down assay;;;3930;ENSG00000280997;-1.9992829610655;-2.11172082817622;-9.69167526004849;9.955767792679329e-12;3.32412024633349e-10;16.6519716585031
80168;370987;CPSF7;Q8N684;Cleavage and polyadenylation specificity factor subunit 7 (CFIm59);Cytoplasm (ECO:0000269), Nucleus (ECO:0000269), Nucleus (ECO:0000305);Cytosol (Supported), Nucleoplasm (Supported);;Nuclear RNA binding proteins, RNA processing;RNA processing;"Alabert et al., 2014; Alvarez et al., 2023; Ginno et al., 2018; Itzhak et al., 2016; Kustatscher et al., 2014; Shi et al., 2021; Ugur et al., 2023";71.1;RRM_1(RNA recognition motif. (a.k.a. RRM, RBD, or RNP domain),PF00076);471;mRNA cleavage factor I(m) complex, CPSF7 variant,CPX-951,ECO:0000353(physical interaction evidence used in manual assertion);RP34453536;CCAT2;lncRNA;Homo sapiens;protein;Homo sapiens;NCBI:101805488;NCBI:79869;0.2983;RNA pull-down assay;;;3930;ENSG00000280997;-1.9992829610655;-2.11172082817622;-9.69167526004849;9.955767792679329e-12;3.32412024633349e-10;16.6519716585031
80326;1463019;HNRNPC;P07910;Heterogeneous nuclear ribonucleoproteins C1/C2;;Nucleoplasm (Enhanced);chromatin (annotations_grade_2), nucleoplasm (annotations_grade_3);Nuclear RNA binding proteins, RNA processing;RNA processing;"Alabert et al., 2014; Alvarez et al., 2023; Ginno et al., 2018; Itzhak et al., 2016; Shi et al., 2021; Torrente et al., 2011";903.0;RRM_1(RNA recognition motif. (a.k.a. RRM, RBD, or RNP domain),PF00076);306;;RP08402184;SNHG1;lncRNA;Homo sapiens;RBP;Homo sapiens;NCBI:23642;NCBI:3183;0.5447;RIP//RNA pull-down assay//GST pull-down assay;PAR-CLIP//eCLIP//FLASH//iCLIP//CLIP-seq;Scan pipeline widely used MATCH algorithm;2023;ENSG00000255717;-3.1343954975797;3.5255615293517;-12.1724795306288;1.50067688859263e-14;2.52533906812367e-12;23.0956312855758
80401;1912651;MBNL1;Q9NR56;Muscleblind-like protein 1;Cytoplasm (ECO:0000269), Cytoplasmic granule (ECO:0000269), Nucleus (ECO:0000269);Cytosol (Supported), Nucleoplasm (Enhanced);;Nuclear RNA binding proteins, RNA processing;RNA processing;"Alabert et al., 2014; Alvarez et al., 2023; Kustatscher et al., 2014; Shi et al., 2021";70.2;"zf-CCCH(Zinc finger C-x8-C-x5-C-x3-H type (and similar),PF00642);zf-CCCH_2(RNA-binding, Nab2-type zinc finger,PF14608);zf-CCCH_10(PF22628);zf-CCCH_10(PF22628)";388;;RP36082900;SNHG17;lncRNA;Homo sapiens;protein;Homo sapiens;NCBI:388796;NCBI:4154;0.267;CLIP;;Scan pipeline widely used MATCH algorithm;95;ENSG00000196756;-2.91593577289014;2.76693240053218;-11.8719733234314;3.16171674568078e-14;4.15666948408721e-12;22.3586429297008
80402;1912650;MBNL1;Q9NR56;Muscleblind-like protein 1;Cytoplasm (ECO:0000269), Cytoplasmic granule (ECO:0000269), Nucleus (ECO:0000269);Cytosol (Supported), Nucleoplasm (Enhanced);;Nuclear RNA binding proteins, RNA processing;RNA processing;"Alabert et al., 2014; Alvarez et al., 2023; Kustatscher et al., 2014; Shi et al., 2021";70.2;"zf-CCCH(Zinc finger C-x8-C-x5-C-x3-H type (and similar),PF00642);zf-CCCH_2(RNA-binding, Nab2-type zinc finger,PF14608);zf-CCCH_10(PF22628);zf-CCCH_10(PF22628)";388;;RP33660910;SNHG1;lncRNA;Homo sapiens;RBP;Homo sapiens;NCBI:23642;NCBI:4154;0.267;CLIP;HITS-CLIP;Scan pipeline widely used MATCH algorithm;2023;ENSG00000255717;-3.1343954975797;3.5255615293517;-12.1724795306288;1.50067688859263e-14;2.52533906812367e-12;23.0956312855758
80405;1912610;MBNL1;Q9NR56;Muscleblind-like protein 1;Cytoplasm (ECO:0000269), Cytoplasmic granule (ECO:0000269), Nucleus (ECO:0000269);Cytosol (Supported), Nucleoplasm (Enhanced);;Nuclear RNA binding proteins, RNA processing;RNA processing;"Alabert et al., 2014; Alvarez et al., 2023; Kustatscher et al., 2014; Shi et al., 2021";70.2;"zf-CCCH(Zinc finger C-x8-C-x5-C-x3-H type (and similar),PF00642);zf-CCCH_2(RNA-binding, Nab2-type zinc finger,PF14608);zf-CCCH_10(PF22628);zf-CCCH_10(PF22628)";388;;RP35807630;PVT1;lncRNA;Homo sapiens;protein;Homo sapiens;NCBI:5820;NCBI:4154;0.2179;CLIP;;;1653;ENSG00000249859;-2.94835528412177;3.44033601704875;-13.2423529425615;1.1556977876688e-15;4.42001872065694e-13;25.6256393463927
80406;1912573;MBNL1;Q9NR56;Muscleblind-like protein 1;Cytoplasm (ECO:0000269), Cytoplasmic granule (ECO:0000269), Nucleus (ECO:0000269);Cytosol (Supported), Nucleoplasm (Enhanced);;Nuclear RNA binding proteins, RNA processing;RNA processing;"Alabert et al., 2014; Alvarez et al., 2023; Kustatscher et al., 2014; Shi et al., 2021";70.2;"zf-CCCH(Zinc finger C-x8-C-x5-C-x3-H type (and similar),PF00642);zf-CCCH_2(RNA-binding, Nab2-type zinc finger,PF14608);zf-CCCH_10(PF22628);zf-CCCH_10(PF22628)";388;;RP33716850;MIR22HG;lncRNA;Homo sapiens;RBP;Homo sapiens;NCBI:84981;NCBI:4154;0.2179;CLIP;HITS-CLIP;;77;ENSG00000186594;-2.50560118250147;2.93862258387378;-7.53745059189184;5.2825980379258805e-09;7.35890395548152e-08;10.4115260666507
80407;1912565;MBNL1;Q9NR56;Muscleblind-like protein 1;Cytoplasm (ECO:0000269), Cytoplasmic granule (ECO:0000269), Nucleus (ECO:0000269);Cytosol (Supported), Nucleoplasm (Enhanced);;Nuclear RNA binding proteins, RNA processing;RNA processing;"Alabert et al., 2014; Alvarez et al., 2023; Kustatscher et al., 2014; Shi et al., 2021";70.2;"zf-CCCH(Zinc finger C-x8-C-x5-C-x3-H type (and similar),PF00642);zf-CCCH_2(RNA-binding, Nab2-type zinc finger,PF14608);zf-CCCH_10(PF22628);zf-CCCH_10(PF22628)";388;;RP33765785;MALAT1;lncRNA;Homo sapiens;RBP;Homo sapiens;NCBI:378938;NCBI:4154;0.267;CLIP;HITS-CLIP;Scan pipeline widely used MATCH algorithm;1786;ENSG00000251562;-2.69192848146394;10.8069205658514;-9.99570573098169;4.30182645492996e-12;1.65306630339579e-10;17.4859517032396
80408;1912546;MBNL1;Q9NR56;Muscleblind-like protein 1;Cytoplasm (ECO:0000269), Cytoplasmic granule (ECO:0000269), Nucleus (ECO:0000269);Cytosol (Supported), Nucleoplasm (Enhanced);;Nuclear RNA binding proteins, RNA processing;RNA processing;"Alabert et al., 2014; Alvarez et al., 2023; Kustatscher et al., 2014; Shi et al., 2021";70.2;"zf-CCCH(Zinc finger C-x8-C-x5-C-x3-H type (and similar),PF00642);zf-CCCH_2(RNA-binding, Nab2-type zinc finger,PF14608);zf-CCCH_10(PF22628);zf-CCCH_10(PF22628)";388;;RP35220361;JPX;lncRNA;Homo sapiens;protein;Homo sapiens;NCBI:554203;NCBI:4154;0.267;CLIP;;Scan pipeline widely used MATCH algorithm;374;ENSG00000225470;-1.81667140678558;3.58380683530008;-7.33868036440905;9.67227303315251e-09;1.24819793406358e-07;9.810288704289
80409;1912506;MBNL1;Q9NR56;Muscleblind-like protein 1;Cytoplasm (ECO:0000269), Cytoplasmic granule (ECO:0000269), Nucleus (ECO:0000269);Cytosol (Supported), Nucleoplasm (Enhanced);;Nuclear RNA binding proteins, RNA processing;RNA processing;"Alabert et al., 2014; Alvarez et al., 2023; Kustatscher et al., 2014; Shi et al., 2021";70.2;"zf-CCCH(Zinc finger C-x8-C-x5-C-x3-H type (and similar),PF00642);zf-CCCH_2(RNA-binding, Nab2-type zinc finger,PF14608);zf-CCCH_10(PF22628);zf-CCCH_10(PF22628)";388;;RP34821020;ERVK13-1;lncRNA;Homo sapiens;protein;Homo sapiens;NCBI:100507321;NCBI:4154;0.2179;CLIP;;;2496;ENSG00000260565;-2.1793751357727;3.37818926211326;-7.65464711208258;3.7045425106337803e-09;5.33733230898503e-08;10.7643564661693
80410;1912522;MBNL1;Q9NR56;Muscleblind-like protein 1;Cytoplasm (ECO:0000269), Cytoplasmic granule (ECO:0000269), Nucleus (ECO:0000269);Cytosol (Supported), Nucleoplasm (Enhanced);;Nuclear RNA binding proteins, RNA processing;RNA processing;"Alabert et al., 2014; Alvarez et al., 2023; Kustatscher et al., 2014; Shi et al., 2021";70.2;"zf-CCCH(Zinc finger C-x8-C-x5-C-x3-H type (and similar),PF00642);zf-CCCH_2(RNA-binding, Nab2-type zinc finger,PF14608);zf-CCCH_10(PF22628);zf-CCCH_10(PF22628)";388;;RP34954600;GAS5;lncRNA;Homo sapiens;protein;Homo sapiens;NCBI:60674;NCBI:4154;0.2179;CLIP;;;1098;ENSG00000234741;-2.56041864444156;3.87237361491495;-7.93865419283863;1.5767911812111202e-09;2.58115194527439e-08;11.6138519668715
80443;1458649;HNRNPA1;P09651;Heterogeneous nuclear ribonucleoprotein A1 [Cleaved into: Heterogeneous nuclear ribonucleoprotein A1, N-terminally processed];Cytoplasm (ECO:0000269), Nucleus (ECO:0000269);Nucleoplasm (Supported);;Nuclear RNA binding proteins, RNA processing;RNA processing;"Alabert et al., 2014; Alvarez et al., 2023; Ginno et al., 2018; Itzhak et al., 2016; Shi et al., 2021; Torrente et al., 2011";1275.0;"RRM_1(RNA recognition motif. (a.k.a. RRM, RBD, or RNP domain),PF00076);RRM_1(RNA recognition motif. (a.k.a. RRM, RBD, or RNP domain),PF00076);HnRNPA1_LC(Nuclear factor hnRNPA1,PF11627)";372;;RP08386364;SRP14-AS1;lncRNA;Homo sapiens;RBP;Homo sapiens;NCBI:100131089;NCBI:3178;0.441;CLIP;eCLIP//HITS-CLIP//CLIP-seq//iCLIP;Scan pipeline widely used MATCH algorithm;1556;ENSG00000248508;-2.19894713477944;0.563780192006873;-7.86439606590049;1.9697654311136e-09;3.13894059420262e-08;11.3925225023124
80444;1459022;HNRNPA1;P09651;Heterogeneous nuclear ribonucleoprotein A1 [Cleaved into: Heterogeneous nuclear ribonucleoprotein A1, N-terminally processed];Cytoplasm (ECO:0000269), Nucleus (ECO:0000269);Nucleoplasm (Supported);;Nuclear RNA binding proteins, RNA processing;RNA processing;"Alabert et al., 2014; Alvarez et al., 2023; Ginno et al., 2018; Itzhak et al., 2016; Shi et al., 2021; Torrente et al., 2011";1275.0;"RRM_1(RNA recognition motif. (a.k.a. RRM, RBD, or RNP domain),PF00076);RRM_1(RNA recognition motif. (a.k.a. RRM, RBD, or RNP domain),PF00076);HnRNPA1_LC(Nuclear factor hnRNPA1,PF11627)";372;;RP08386171;ZNF674-AS1;lncRNA;Homo sapiens;RBP;Homo sapiens;NCBI:401588;NCBI:3178;0.3214;CLIP;eCLIP//iCLIP;;807;ENSG00000230844;-1.62664520516677;0.363252398583748;-7.05603251390023;2.29965338016828e-08;2.74069171965097e-07;8.94978867878412
80446;1458955;HNRNPA1;P09651;Heterogeneous nuclear ribonucleoprotein A1 [Cleaved into: Heterogeneous nuclear ribonucleoprotein A1, N-terminally processed];Cytoplasm (ECO:0000269), Nucleus (ECO:0000269);Nucleoplasm (Supported);;Nuclear RNA binding proteins, RNA processing;RNA processing;"Alabert et al., 2014; Alvarez et al., 2023; Ginno et al., 2018; Itzhak et al., 2016; Shi et al., 2021; Torrente et al., 2011";1275.0;"RRM_1(RNA recognition motif. (a.k.a. RRM, RBD, or RNP domain),PF00076);RRM_1(RNA recognition motif. (a.k.a. RRM, RBD, or RNP domain),PF00076);HnRNPA1_LC(Nuclear factor hnRNPA1,PF11627)";372;;RP08386177;XIST;lncRNA;Homo sapiens;RBP;Homo sapiens;NCBI:7503;NCBI:3178;0.4144;CLIP;eCLIP//HITS-CLIP//CLIP-seq//iCLIP;Scan pipeline widely used MATCH algorithm;718;ENSG00000229807;-6.57326935078366;1.54159830942689;-4.14945804433362;0.0001856278660776;0.0008424341236124;0.0917621252499083
80448;1458601;HNRNPA1;P09651;Heterogeneous nuclear ribonucleoprotein A1 [Cleaved into: Heterogeneous nuclear ribonucleoprotein A1, N-terminally processed];Cytoplasm (ECO:0000269), Nucleus (ECO:0000269);Nucleoplasm (Supported);;Nuclear RNA binding proteins, RNA processing;RNA processing;"Alabert et al., 2014; Alvarez et al., 2023; Ginno et al., 2018; Itzhak et al., 2016; Shi et al., 2021; Torrente et al., 2011";1275.0;"RRM_1(RNA recognition motif. (a.k.a. RRM, RBD, or RNP domain),PF00076);RRM_1(RNA recognition motif. (a.k.a. RRM, RBD, or RNP domain),PF00076);HnRNPA1_LC(Nuclear factor hnRNPA1,PF11627)";372;;RP33830125;SNHG8;lncRNA;Homo sapiens;RBP;Homo sapiens;NCBI:100093630;NCBI:3178;0.382;CLIP;eCLIP//iCLIP;;3070;ENSG00000269893;-2.44848407009223;2.11062542825147;-6.44138973928252;1.54274347761572e-07;1.46178419151562e-06;7.06107593248584
80449;1458590;HNRNPA1;P09651;Heterogeneous nuclear ribonucleoprotein A1 [Cleaved into: Heterogeneous nuclear ribonucleoprotein A1, N-terminally processed];Cytoplasm (ECO:0000269), Nucleus (ECO:0000269);Nucleoplasm (Supported);;Nuclear RNA binding proteins, RNA processing;RNA processing;"Alabert et al., 2014; Alvarez et al., 2023; Ginno et al., 2018; Itzhak et al., 2016; Shi et al., 2021; Torrente et al., 2011";1275.0;"RRM_1(RNA recognition motif. (a.k.a. RRM, RBD, or RNP domain),PF00076);RRM_1(RNA recognition motif. (a.k.a. RRM, RBD, or RNP domain),PF00076);HnRNPA1_LC(Nuclear factor hnRNPA1,PF11627)";372;;RP08385236;SNHG1;lncRNA;Homo sapiens;RBP;Homo sapiens;NCBI:23642;NCBI:3178;0.4626;CLIP;eCLIP//HITS-CLIP//CLIP-seq//iCLIP;;2023;ENSG00000255717;-3.1343954975797;3.5255615293517;-12.1724795306288;1.50067688859263e-14;2.52533906812367e-12;23.0956312855758
80451;1458594;HNRNPA1;P09651;Heterogeneous nuclear ribonucleoprotein A1 [Cleaved into: Heterogeneous nuclear ribonucleoprotein A1, N-terminally processed];Cytoplasm (ECO:0000269), Nucleus (ECO:0000269);Nucleoplasm (Supported);;Nuclear RNA binding proteins, RNA processing;RNA processing;"Alabert et al., 2014; Alvarez et al., 2023; Ginno et al., 2018; Itzhak et al., 2016; Shi et al., 2021; Torrente et al., 2011";1275.0;"RRM_1(RNA recognition motif. (a.k.a. RRM, RBD, or RNP domain),PF00076);RRM_1(RNA recognition motif. (a.k.a. RRM, RBD, or RNP domain),PF00076);HnRNPA1_LC(Nuclear factor hnRNPA1,PF11627)";372;;RP08386078;SNHG15;lncRNA;Homo sapiens;RBP;Homo sapiens;NCBI:285958;NCBI:3178;0.3974;CLIP;eCLIP//HITS-CLIP//CLIP-seq//iCLIP;;966;ENSG00000232956;-2.77917597283892;1.81941702980103;-9.99049401552001;4.36370990206709e-12;1.65388536558525e-10;17.4717593121349
80452;1458595;HNRNPA1;P09651;Heterogeneous nuclear ribonucleoprotein A1 [Cleaved into: Heterogeneous nuclear ribonucleoprotein A1, N-terminally processed];Cytoplasm (ECO:0000269), Nucleus (ECO:0000269);Nucleoplasm (Supported);;Nuclear RNA binding proteins, RNA processing;RNA processing;"Alabert et al., 2014; Alvarez et al., 2023; Ginno et al., 2018; Itzhak et al., 2016; Shi et al., 2021; Torrente et al., 2011";1275.0;"RRM_1(RNA recognition motif. (a.k.a. RRM, RBD, or RNP domain),PF00076);RRM_1(RNA recognition motif. (a.k.a. RRM, RBD, or RNP domain),PF00076);HnRNPA1_LC(Nuclear factor hnRNPA1,PF11627)";372;;RP08385653;SNHG16;lncRNA;Homo sapiens;RBP;Homo sapiens;NCBI:100507246;NCBI:3178;0.4292;CLIP;eCLIP//iCLIP//CLIP-seq;;17;ENSG00000163597;-1.76574685009836;3.88332039022155;-7.2253013716623;1.36790691052561e-08;1.73860555062877e-07;9.46585361999884
80453;1458596;HNRNPA1;P09651;Heterogeneous nuclear ribonucleoprotein A1 [Cleaved into: Heterogeneous nuclear ribonucleoprotein A1, N-terminally processed];Cytoplasm (ECO:0000269), Nucleus (ECO:0000269);Nucleoplasm (Supported);;Nuclear RNA binding proteins, RNA processing;RNA processing;"Alabert et al., 2014; Alvarez et al., 2023; Ginno et al., 2018; Itzhak et al., 2016; Shi et al., 2021; Torrente et al., 2011";1275.0;"RRM_1(RNA recognition motif. (a.k.a. RRM, RBD, or RNP domain),PF00076);RRM_1(RNA recognition motif. (a.k.a. RRM, RBD, or RNP domain),PF00076);HnRNPA1_LC(Nuclear factor hnRNPA1,PF11627)";372;;RP08385784;SNHG17;lncRNA;Homo sapiens;RBP;Homo sapiens;NCBI:388796;NCBI:3178;0.441;CLIP;eCLIP//iCLIP//CLIP-seq;Scan pipeline widely used MATCH algorithm;95;ENSG00000196756;-2.91593577289014;2.76693240053218;-11.8719733234314;3.16171674568078e-14;4.15666948408721e-12;22.3586429297008
80454;1458597;HNRNPA1;P09651;Heterogeneous nuclear ribonucleoprotein A1 [Cleaved into: Heterogeneous nuclear ribonucleoprotein A1, N-terminally processed];Cytoplasm (ECO:0000269), Nucleus (ECO:0000269);Nucleoplasm (Supported);;Nuclear RNA binding proteins, RNA processing;RNA processing;"Alabert et al., 2014; Alvarez et al., 2023; Ginno et al., 2018; Itzhak et al., 2016; Shi et al., 2021; Torrente et al., 2011";1275.0;"RRM_1(RNA recognition motif. (a.k.a. RRM, RBD, or RNP domain),PF00076);RRM_1(RNA recognition motif. (a.k.a. RRM, RBD, or RNP domain),PF00076);HnRNPA1_LC(Nuclear factor hnRNPA1,PF11627)";372;;RP08385374;SNHG3;lncRNA;Homo sapiens;RBP;Homo sapiens;NCBI:8420;NCBI:3178;0.4626;CLIP;eCLIP//HITS-CLIP//CLIP-seq//iCLIP;;1404;ENSG00000242125;-1.66215020983997;3.80442253035105;-6.53607722997152;1.14898325278424e-07;1.11634469849037e-06;7.35322044661673
80455;1458598;HNRNPA1;P09651;Heterogeneous nuclear ribonucleoprotein A1 [Cleaved into: Heterogeneous nuclear ribonucleoprotein A1, N-terminally processed];Cytoplasm (ECO:0000269), Nucleus (ECO:0000269);Nucleoplasm (Supported);;Nuclear RNA binding proteins, RNA processing;RNA processing;"Alabert et al., 2014; Alvarez et al., 2023; Ginno et al., 2018; Itzhak et al., 2016; Shi et al., 2021; Torrente et al., 2011";1275.0;"RRM_1(RNA recognition motif. (a.k.a. RRM, RBD, or RNP domain),PF00076);RRM_1(RNA recognition motif. (a.k.a. RRM, RBD, or RNP domain),PF00076);HnRNPA1_LC(Nuclear factor hnRNPA1,PF11627)";372;;RP08386046;SNHG5;lncRNA;Homo sapiens;RBP;Homo sapiens;NCBI:387066;NCBI:3178;0.4292;CLIP;eCLIP//HITS-CLIP//CLIP-seq//iCLIP;;132;ENSG00000203875;-2.79357818092896;3.17229546572489;-7.92087451041262;1.6629897857665301e-09;2.70123476012347e-08;11.5609108469976
80456;1458599;HNRNPA1;P09651;Heterogeneous nuclear ribonucleoprotein A1 [Cleaved into: Heterogeneous nuclear ribonucleoprotein A1, N-terminally processed];Cytoplasm (ECO:0000269), Nucleus (ECO:0000269);Nucleoplasm (Supported);;Nuclear RNA binding proteins, RNA processing;RNA processing;"Alabert et al., 2014; Alvarez et al., 2023; Ginno et al., 2018; Itzhak et al., 2016; Shi et al., 2021; Torrente et al., 2011";1275.0;"RRM_1(RNA recognition motif. (a.k.a. RRM, RBD, or RNP domain),PF00076);RRM_1(RNA recognition motif. (a.k.a. RRM, RBD, or RNP domain),PF00076);HnRNPA1_LC(Nuclear factor hnRNPA1,PF11627)";372;;RP08386121;SNHG6;lncRNA;Homo sapiens;RBP;Homo sapiens;NCBI:641638;NCBI:3178;0.373;CLIP;eCLIP//iCLIP;;1482;ENSG00000245910;-3.02030504081192;2.13635252691397;-9.00111087542265;6.998606051362839e-11;1.6448679138594102e-09;14.7126214928218
80550;1457726;HNRNPA1;P09651;Heterogeneous nuclear ribonucleoprotein A1 [Cleaved into: Heterogeneous nuclear ribonucleoprotein A1, N-terminally processed];Cytoplasm (ECO:0000269), Nucleus (ECO:0000269);Nucleoplasm (Supported);;Nuclear RNA binding proteins, RNA processing;RNA processing;"Alabert et al., 2014; Alvarez et al., 2023; Ginno et al., 2018; Itzhak et al., 2016; Shi et al., 2021; Torrente et al., 2011";1275.0;"RRM_1(RNA recognition motif. (a.k.a. RRM, RBD, or RNP domain),PF00076);RRM_1(RNA recognition motif. (a.k.a. RRM, RBD, or RNP domain),PF00076);HnRNPA1_LC(Nuclear factor hnRNPA1,PF11627)";372;;RP08386371;IQCH-AS1;lncRNA;Homo sapiens;RBP;Homo sapiens;NCBI:100506686;NCBI:3178;0.3974;CLIP;eCLIP//HITS-CLIP//CLIP-seq//iCLIP;;2357;ENSG00000259673;-2.36524264156248;-0.0326418860202442;-8.03552475053475;1.1805743112048e-09;2.01897403546284e-08;11.9017115063395
80551;1457741;HNRNPA1;P09651;Heterogeneous nuclear ribonucleoprotein A1 [Cleaved into: Heterogeneous nuclear ribonucleoprotein A1, N-terminally processed];Cytoplasm (ECO:0000269), Nucleus (ECO:0000269);Nucleoplasm (Supported);;Nuclear RNA binding proteins, RNA processing;RNA processing;"Alabert et al., 2014; Alvarez et al., 2023; Ginno et al., 2018; Itzhak et al., 2016; Shi et al., 2021; Torrente et al., 2011";1275.0;"RRM_1(RNA recognition motif. (a.k.a. RRM, RBD, or RNP domain),PF00076);RRM_1(RNA recognition motif. (a.k.a. RRM, RBD, or RNP domain),PF00076);HnRNPA1_LC(Nuclear factor hnRNPA1,PF11627)";372;;RP08386178;JPX;lncRNA;Homo sapiens;RBP;Homo sapiens;NCBI:554203;NCBI:3178;0.441;CLIP;eCLIP//HITS-CLIP//CLIP-seq//iCLIP;Scan pipeline widely used MATCH algorithm;374;ENSG00000225470;-1.81667140678558;3.58380683530008;-7.33868036440905;9.67227303315251e-09;1.24819793406358e-07;9.810288704289
80556;1457576;HNRNPA1;P09651;Heterogeneous nuclear ribonucleoprotein A1 [Cleaved into: Heterogeneous nuclear ribonucleoprotein A1, N-terminally processed];Cytoplasm (ECO:0000269), Nucleus (ECO:0000269);Nucleoplasm (Supported);;Nuclear RNA binding proteins, RNA processing;RNA processing;"Alabert et al., 2014; Alvarez et al., 2023; Ginno et al., 2018; Itzhak et al., 2016; Shi et al., 2021; Torrente et al., 2011";1275.0;"RRM_1(RNA recognition motif. (a.k.a. RRM, RBD, or RNP domain),PF00076);RRM_1(RNA recognition motif. (a.k.a. RRM, RBD, or RNP domain),PF00076);HnRNPA1_LC(Nuclear factor hnRNPA1,PF11627)";372;;RP08385247;GAS5;lncRNA;Homo sapiens;RBP;Homo sapiens;NCBI:60674;NCBI:3178;0.4626;CLIP;eCLIP//HITS-CLIP//CLIP-seq//iCLIP;;1098;ENSG00000234741;-2.56041864444156;3.87237361491495;-7.93865419283863;1.5767911812111202e-09;2.58115194527439e-08;11.6138519668715
80557;1457962;HNRNPA1;P09651;Heterogeneous nuclear ribonucleoprotein A1 [Cleaved into: Heterogeneous nuclear ribonucleoprotein A1, N-terminally processed];Cytoplasm (ECO:0000269), Nucleus (ECO:0000269);Nucleoplasm (Supported);;Nuclear RNA binding proteins, RNA processing;RNA processing;"Alabert et al., 2014; Alvarez et al., 2023; Ginno et al., 2018; Itzhak et al., 2016; Shi et al., 2021; Torrente et al., 2011";1275.0;"RRM_1(RNA recognition motif. (a.k.a. RRM, RBD, or RNP domain),PF00076);RRM_1(RNA recognition motif. (a.k.a. RRM, RBD, or RNP domain),PF00076);HnRNPA1_LC(Nuclear factor hnRNPA1,PF11627)";372;;RP35425794;MIR155HG;lncRNA;Homo sapiens;protein;Homo sapiens;NCBI:114614;NCBI:3178;0.208;CLIP;;;1106;ENSG00000234883;-2.19892248664093;-0.895189111127164;-6.07619956133059;4.82339797346411e-07;4.03420184380984e-06;5.93216256204037
80558;1457963;HNRNPA1;P09651;Heterogeneous nuclear ribonucleoprotein A1 [Cleaved into: Heterogeneous nuclear ribonucleoprotein A1, N-terminally processed];Cytoplasm (ECO:0000269), Nucleus (ECO:0000269);Nucleoplasm (Supported);;Nuclear RNA binding proteins, RNA processing;RNA processing;"Alabert et al., 2014; Alvarez et al., 2023; Ginno et al., 2018; Itzhak et al., 2016; Shi et al., 2021; Torrente et al., 2011";1275.0;"RRM_1(RNA recognition motif. (a.k.a. RRM, RBD, or RNP domain),PF00076);RRM_1(RNA recognition motif. (a.k.a. RRM, RBD, or RNP domain),PF00076);HnRNPA1_LC(Nuclear factor hnRNPA1,PF11627)";372;;RP08385405;MIR17HG;lncRNA;Homo sapiens;RBP;Homo sapiens;NCBI:407975;NCBI:3178;0.3867;CLIP;eCLIP//HITS-CLIP//iCLIP;Scan pipeline widely used MATCH algorithm;215;ENSG00000215417;-1.84534139091266;0.99398029655203;-5.74834557141758;1.34549165469835e-06;9.96563977344356e-06;4.91812246599078
80559;1457964;HNRNPA1;P09651;Heterogeneous nuclear ribonucleoprotein A1 [Cleaved into: Heterogeneous nuclear ribonucleoprotein A1, N-terminally processed];Cytoplasm (ECO:0000269), Nucleus (ECO:0000269);Nucleoplasm (Supported);;Nuclear RNA binding proteins, RNA processing;RNA processing;"Alabert et al., 2014; Alvarez et al., 2023; Ginno et al., 2018; Itzhak et al., 2016; Shi et al., 2021; Torrente et al., 2011";1275.0;"RRM_1(RNA recognition motif. (a.k.a. RRM, RBD, or RNP domain),PF00076);RRM_1(RNA recognition motif. (a.k.a. RRM, RBD, or RNP domain),PF00076);HnRNPA1_LC(Nuclear factor hnRNPA1,PF11627)";372;;RP08385269;MIR181A1HG;lncRNA;Homo sapiens;RBP;Homo sapiens;NCBI:100131234;NCBI:3178;0.3807;CLIP;HITS-CLIP//iCLIP//CLIP-seq;;733;ENSG00000229989;-1.96778898192628;1.27892832409396;-6.45145267303389;1.49514635854925e-07;1.42309518787708e-06;7.09213857469546
80561;1457856;HNRNPA1;P09651;Heterogeneous nuclear ribonucleoprotein A1 [Cleaved into: Heterogeneous nuclear ribonucleoprotein A1, N-terminally processed];Cytoplasm (ECO:0000269), Nucleus (ECO:0000269);Nucleoplasm (Supported);;Nuclear RNA binding proteins, RNA processing;RNA processing;"Alabert et al., 2014; Alvarez et al., 2023; Ginno et al., 2018; Itzhak et al., 2016; Shi et al., 2021; Torrente et al., 2011";1275.0;"RRM_1(RNA recognition motif. (a.k.a. RRM, RBD, or RNP domain),PF00076);RRM_1(RNA recognition motif. (a.k.a. RRM, RBD, or RNP domain),PF00076);HnRNPA1_LC(Nuclear factor hnRNPA1,PF11627)";372;;RP33670389;LINC00926;lncRNA;Homo sapiens;RBP;Homo sapiens;NCBI:283663;NCBI:3178;0.3214;CLIP;eCLIP//iCLIP;;1524;ENSG00000247982;-2.91105104767217;3.27604843264759;-7.78213923254109;2.5220837406324e-09;3.84274426400029e-08;11.1466953497868
80565;1457823;HNRNPA1;P09651;Heterogeneous nuclear ribonucleoprotein A1 [Cleaved into: Heterogeneous nuclear ribonucleoprotein A1, N-terminally processed];Cytoplasm (ECO:0000269), Nucleus (ECO:0000269);Nucleoplasm (Supported);;Nuclear RNA binding proteins, RNA processing;RNA processing;"Alabert et al., 2014; Alvarez et al., 2023; Ginno et al., 2018; Itzhak et al., 2016; Shi et al., 2021; Torrente et al., 2011";1275.0;"RRM_1(RNA recognition motif. (a.k.a. RRM, RBD, or RNP domain),PF00076);RRM_1(RNA recognition motif. (a.k.a. RRM, RBD, or RNP domain),PF00076);HnRNPA1_LC(Nuclear factor hnRNPA1,PF11627)";372;;RP08386809;LINC00476;lncRNA;Homo sapiens;RBP;Homo sapiens;NCBI:100128782;NCBI:3178;0.3214;CLIP;eCLIP//iCLIP;;27;ENSG00000175611;-2.19724688558074;1.62463722411676;-6.90916380536433;3.61578319885548e-08;4.01361475398021e-07;8.50039124750522
80567;1457835;HNRNPA1;P09651;Heterogeneous nuclear ribonucleoprotein A1 [Cleaved into: Heterogeneous nuclear ribonucleoprotein A1, N-terminally processed];Cytoplasm (ECO:0000269), Nucleus (ECO:0000269);Nucleoplasm (Supported);;Nuclear RNA binding proteins, RNA processing;RNA processing;"Alabert et al., 2014; Alvarez et al., 2023; Ginno et al., 2018; Itzhak et al., 2016; Shi et al., 2021; Torrente et al., 2011";1275.0;"RRM_1(RNA recognition motif. (a.k.a. RRM, RBD, or RNP domain),PF00076);RRM_1(RNA recognition motif. (a.k.a. RRM, RBD, or RNP domain),PF00076);HnRNPA1_LC(Nuclear factor hnRNPA1,PF11627)";372;;RP08386155;LINC00630;lncRNA;Homo sapiens;RBP;Homo sapiens;NCBI:100287765;NCBI:3178;0.4626;CLIP;eCLIP//HITS-CLIP//CLIP-seq//iCLIP;;247;ENSG00000223546;-2.26301235070402;0.462538646230177;-7.84374214675453;2.09574721751214e-09;3.31458967822315e-08;11.3308619374593
80570;1457840;HNRNPA1;P09651;Heterogeneous nuclear ribonucleoprotein A1 [Cleaved into: Heterogeneous nuclear ribonucleoprotein A1, N-terminally processed];Cytoplasm (ECO:0000269), Nucleus (ECO:0000269);Nucleoplasm (Supported);;Nuclear RNA binding proteins, RNA processing;RNA processing;"Alabert et al., 2014; Alvarez et al., 2023; Ginno et al., 2018; Itzhak et al., 2016; Shi et al., 2021; Torrente et al., 2011";1275.0;"RRM_1(RNA recognition motif. (a.k.a. RRM, RBD, or RNP domain),PF00076);RRM_1(RNA recognition motif. (a.k.a. RRM, RBD, or RNP domain),PF00076);HnRNPA1_LC(Nuclear factor hnRNPA1,PF11627)";372;;RP08386485;LINC00663;lncRNA;Homo sapiens;RBP;Homo sapiens;NCBI:284440;NCBI:3178;0.3214;CLIP;eCLIP//iCLIP;;2849;ENSG00000266904;-2.2313825534385;0.177789980721914;-7.36614196503185;8.8949436262262e-09;1.15496999492388e-07;9.89355661048934
80573;1457476;HNRNPA1;P09651;Heterogeneous nuclear ribonucleoprotein A1 [Cleaved into: Heterogeneous nuclear ribonucleoprotein A1, N-terminally processed];Cytoplasm (ECO:0000269), Nucleus (ECO:0000269);Nucleoplasm (Supported);;Nuclear RNA binding proteins, RNA processing;RNA processing;"Alabert et al., 2014; Alvarez et al., 2023; Ginno et al., 2018; Itzhak et al., 2016; Shi et al., 2021; Torrente et al., 2011";1275.0;"RRM_1(RNA recognition motif. (a.k.a. RRM, RBD, or RNP domain),PF00076);RRM_1(RNA recognition motif. (a.k.a. RRM, RBD, or RNP domain),PF00076);HnRNPA1_LC(Nuclear factor hnRNPA1,PF11627)";372;;RP08385953;EPB41L4A-AS1;lncRNA;Homo sapiens;RBP;Homo sapiens;NCBI:114915;NCBI:3178;0.3214;CLIP;eCLIP//iCLIP;;285;ENSG00000224032;-2.55110776467953;0.623872226190378;-8.55111286415612;2.57565840171701e-10;5.081461628800851e-09;13.4163564845539
80575;1457351;HNRNPA1;P09651;Heterogeneous nuclear ribonucleoprotein A1 [Cleaved into: Heterogeneous nuclear ribonucleoprotein A1, N-terminally processed];Cytoplasm (ECO:0000269), Nucleus (ECO:0000269);Nucleoplasm (Supported);;Nuclear RNA binding proteins, RNA processing;RNA processing;"Alabert et al., 2014; Alvarez et al., 2023; Ginno et al., 2018; Itzhak et al., 2016; Shi et al., 2021; Torrente et al., 2011";1275.0;"RRM_1(RNA recognition motif. (a.k.a. RRM, RBD, or RNP domain),PF00076);RRM_1(RNA recognition motif. (a.k.a. RRM, RBD, or RNP domain),PF00076);HnRNPA1_LC(Nuclear factor hnRNPA1,PF11627)";372;;RP08385944;DANCR;lncRNA;Homo sapiens;RBP;Homo sapiens;NCBI:57291;NCBI:3178;0.4717;CLIP;eCLIP//HITS-CLIP//CLIP-seq//iCLIP;Scan pipeline widely used MATCH algorithm;493;ENSG00000226950;-1.97490458175396;2.8150326492749;-6.0781695760482;4.79377709969811e-07;4.02543318531536e-06;5.93825752661623
80698;501906;DIS3;Q9Y2L1;Exosome complex exonuclease RRP44;Cytoplasm (ECO:0000269), Nucleolus (ECO:0000269), Nucleoplasm (ECO:0000269), Nucleus (ECO:0000269);Cytosol (Supported), Nucleoplasm (Supported);;Nuclear RNA binding proteins, RNA processing;RNA processing;"Alabert et al., 2014; Alvarez et al., 2023; Ginno et al., 2018; Kustatscher et al., 2014; Shi et al., 2021";43.0;"RNB(RNB domain,PF00773);PIN_4(PIN domain,PF13638);Rrp44_S1(S1 domain,PF17215);Rrp44_CSD1(Rrp44-like cold shock domain,PF17216);OB_Dis3(Dis3-like cold-shock domain 2 (CSD2),PF17849)";958;"Nuclear exosome complex, DIS3-EXOSC10 variant,CPX-476,ECO:0005547(biological system reconstruction evidence based on inference from background scientific knowledge used in manual assertion);Exosome complex, DIS3 variant,CPX-593,ECO:0005547(biological system reconstruction evidence based on inference from background scientific knowledge used in manual assertion)";RP34954583;GAS5;lncRNA;Homo sapiens;protein;Homo sapiens;NCBI:60674;NCBI:22894;0.2243;CLIP;;;1098;ENSG00000234741;-2.56041864444156;3.87237361491495;-7.93865419283863;1.5767911812111202e-09;2.58115194527439e-08;11.6138519668715
80699;501931;DIS3;Q9Y2L1;Exosome complex exonuclease RRP44;Cytoplasm (ECO:0000269), Nucleolus (ECO:0000269), Nucleoplasm (ECO:0000269), Nucleus (ECO:0000269);Cytosol (Supported), Nucleoplasm (Supported);;Nuclear RNA binding proteins, RNA processing;RNA processing;"Alabert et al., 2014; Alvarez et al., 2023; Ginno et al., 2018; Kustatscher et al., 2014; Shi et al., 2021";43.0;"RNB(RNB domain,PF00773);PIN_4(PIN domain,PF13638);Rrp44_S1(S1 domain,PF17215);Rrp44_CSD1(Rrp44-like cold shock domain,PF17216);OB_Dis3(Dis3-like cold-shock domain 2 (CSD2),PF17849)";958;"Nuclear exosome complex, DIS3-EXOSC10 variant,CPX-476,ECO:0005547(biological system reconstruction evidence based on inference from background scientific knowledge used in manual assertion);Exosome complex, DIS3 variant,CPX-593,ECO:0005547(biological system reconstruction evidence based on inference from background scientific knowledge used in manual assertion)";RP35299104;LINC00467;lncRNA;Homo sapiens;protein;Homo sapiens;NCBI:84791;NCBI:22894;0.2243;CLIP;;;15;ENSG00000153363;-1.6310828199341;-0.134238092163257;-5.37182765383056;4.36667332064048e-06;2.83857504519646e-05;3.7573080140189
80700;501923;DIS3;Q9Y2L1;Exosome complex exonuclease RRP44;Cytoplasm (ECO:0000269), Nucleolus (ECO:0000269), Nucleoplasm (ECO:0000269), Nucleus (ECO:0000269);Cytosol (Supported), Nucleoplasm (Supported);;Nuclear RNA binding proteins, RNA processing;RNA processing;"Alabert et al., 2014; Alvarez et al., 2023; Ginno et al., 2018; Kustatscher et al., 2014; Shi et al., 2021";43.0;"RNB(RNB domain,PF00773);PIN_4(PIN domain,PF13638);Rrp44_S1(S1 domain,PF17215);Rrp44_CSD1(Rrp44-like cold shock domain,PF17216);OB_Dis3(Dis3-like cold-shock domain 2 (CSD2),PF17849)";958;"Nuclear exosome complex, DIS3-EXOSC10 variant,CPX-476,ECO:0005547(biological system reconstruction evidence based on inference from background scientific knowledge used in manual assertion);Exosome complex, DIS3 variant,CPX-593,ECO:0005547(biological system reconstruction evidence based on inference from background scientific knowledge used in manual assertion)";RP35296892;LINC00310;lncRNA;Homo sapiens;protein;Homo sapiens;NCBI:114036;NCBI:22894;0.2243;CLIP;;;528;ENSG00000227456;-1.71889329294281;-0.576401170927827;-5.1568343783609;8.53318954351651e-06;5.17278507342564e-05;3.0983635894232
80701;501896;DIS3;Q9Y2L1;Exosome complex exonuclease RRP44;Cytoplasm (ECO:0000269), Nucleolus (ECO:0000269), Nucleoplasm (ECO:0000269), Nucleus (ECO:0000269);Cytosol (Supported), Nucleoplasm (Supported);;Nuclear RNA binding proteins, RNA processing;RNA processing;"Alabert et al., 2014; Alvarez et al., 2023; Ginno et al., 2018; Kustatscher et al., 2014; Shi et al., 2021";43.0;"RNB(RNB domain,PF00773);PIN_4(PIN domain,PF13638);Rrp44_S1(S1 domain,PF17215);Rrp44_CSD1(Rrp44-like cold shock domain,PF17216);OB_Dis3(Dis3-like cold-shock domain 2 (CSD2),PF17849)";958;"Nuclear exosome complex, DIS3-EXOSC10 variant,CPX-476,ECO:0005547(biological system reconstruction evidence based on inference from background scientific knowledge used in manual assertion);Exosome complex, DIS3 variant,CPX-593,ECO:0005547(biological system reconstruction evidence based on inference from background scientific knowledge used in manual assertion)";RP34730103;DISC1FP1;lncRNA;Homo sapiens;protein;Homo sapiens;NCBI:101929222;NCBI:22894;0.2243;CLIP;;;2642;ENSG00000261645;-1.57960787827338;-2.09187619416356;-5.74915221319155;1.34209915776998e-06;9.95804436814516e-06;4.92061532040349
80738;502011;DIS3;Q9Y2L1;Exosome complex exonuclease RRP44;Cytoplasm (ECO:0000269), Nucleolus (ECO:0000269), Nucleoplasm (ECO:0000269), Nucleus (ECO:0000269);Cytosol (Supported), Nucleoplasm (Supported);;Nuclear RNA binding proteins, RNA processing;RNA processing;"Alabert et al., 2014; Alvarez et al., 2023; Ginno et al., 2018; Kustatscher et al., 2014; Shi et al., 2021";43.0;"RNB(RNB domain,PF00773);PIN_4(PIN domain,PF13638);Rrp44_S1(S1 domain,PF17215);Rrp44_CSD1(Rrp44-like cold shock domain,PF17216);OB_Dis3(Dis3-like cold-shock domain 2 (CSD2),PF17849)";958;"Nuclear exosome complex, DIS3-EXOSC10 variant,CPX-476,ECO:0005547(biological system reconstruction evidence based on inference from background scientific knowledge used in manual assertion);Exosome complex, DIS3 variant,CPX-593,ECO:0005547(biological system reconstruction evidence based on inference from background scientific knowledge used in manual assertion)";RP36528390;ZNF295-AS1;lncRNA;Homo sapiens;protein;Homo sapiens;NCBI:150142;NCBI:22894;0.2243;CLIP;;;1259;ENSG00000237232;-1.78655232255332;-2.42160609243871;-4.60970343409967;4.61965732210537e-05;0.0002426329382533;1.44412931303246
80739;502005;DIS3;Q9Y2L1;Exosome complex exonuclease RRP44;Cytoplasm (ECO:0000269), Nucleolus (ECO:0000269), Nucleoplasm (ECO:0000269), Nucleus (ECO:0000269);Cytosol (Supported), Nucleoplasm (Supported);;Nuclear RNA binding proteins, RNA processing;RNA processing;"Alabert et al., 2014; Alvarez et al., 2023; Ginno et al., 2018; Kustatscher et al., 2014; Shi et al., 2021";43.0;"RNB(RNB domain,PF00773);PIN_4(PIN domain,PF13638);Rrp44_S1(S1 domain,PF17215);Rrp44_CSD1(Rrp44-like cold shock domain,PF17216);OB_Dis3(Dis3-like cold-shock domain 2 (CSD2),PF17849)";958;"Nuclear exosome complex, DIS3-EXOSC10 variant,CPX-476,ECO:0005547(biological system reconstruction evidence based on inference from background scientific knowledge used in manual assertion);Exosome complex, DIS3 variant,CPX-593,ECO:0005547(biological system reconstruction evidence based on inference from background scientific knowledge used in manual assertion)";RP36493200;XIST;lncRNA;Homo sapiens;protein;Homo sapiens;NCBI:7503;NCBI:22894;0.2243;CLIP;;;718;ENSG00000229807;-6.57326935078366;1.54159830942689;-4.14945804433362;0.0001856278660776;0.0008424341236124;0.0917621252499083
80740;501977;DIS3;Q9Y2L1;Exosome complex exonuclease RRP44;Cytoplasm (ECO:0000269), Nucleolus (ECO:0000269), Nucleoplasm (ECO:0000269), Nucleus (ECO:0000269);Cytosol (Supported), Nucleoplasm (Supported);;Nuclear RNA binding proteins, RNA processing;RNA processing;"Alabert et al., 2014; Alvarez et al., 2023; Ginno et al., 2018; Kustatscher et al., 2014; Shi et al., 2021";43.0;"RNB(RNB domain,PF00773);PIN_4(PIN domain,PF13638);Rrp44_S1(S1 domain,PF17215);Rrp44_CSD1(Rrp44-like cold shock domain,PF17216);OB_Dis3(Dis3-like cold-shock domain 2 (CSD2),PF17849)";958;"Nuclear exosome complex, DIS3-EXOSC10 variant,CPX-476,ECO:0005547(biological system reconstruction evidence based on inference from background scientific knowledge used in manual assertion);Exosome complex, DIS3 variant,CPX-593,ECO:0005547(biological system reconstruction evidence based on inference from background scientific knowledge used in manual assertion)";RP36083227;SNHG3;lncRNA;Homo sapiens;protein;Homo sapiens;NCBI:8420;NCBI:22894;0.2243;CLIP;;;1404;ENSG00000242125;-1.66215020983997;3.80442253035105;-6.53607722997152;1.14898325278424e-07;1.11634469849037e-06;7.35322044661673
80741;501946;DIS3;Q9Y2L1;Exosome complex exonuclease RRP44;Cytoplasm (ECO:0000269), Nucleolus (ECO:0000269), Nucleoplasm (ECO:0000269), Nucleus (ECO:0000269);Cytosol (Supported), Nucleoplasm (Supported);;Nuclear RNA binding proteins, RNA processing;RNA processing;"Alabert et al., 2014; Alvarez et al., 2023; Ginno et al., 2018; Kustatscher et al., 2014; Shi et al., 2021";43.0;"RNB(RNB domain,PF00773);PIN_4(PIN domain,PF13638);Rrp44_S1(S1 domain,PF17215);Rrp44_CSD1(Rrp44-like cold shock domain,PF17216);OB_Dis3(Dis3-like cold-shock domain 2 (CSD2),PF17849)";958;"Nuclear exosome complex, DIS3-EXOSC10 variant,CPX-476,ECO:0005547(biological system reconstruction evidence based on inference from background scientific knowledge used in manual assertion);Exosome complex, DIS3 variant,CPX-593,ECO:0005547(biological system reconstruction evidence based on inference from background scientific knowledge used in manual assertion)";RP35394817;MALAT1;lncRNA;Homo sapiens;protein;Homo sapiens;NCBI:378938;NCBI:22894;0.2243;CLIP;;;1786;ENSG00000251562;-2.69192848146394;10.8069205658514;-9.99570573098169;4.30182645492996e-12;1.65306630339579e-10;17.4859517032396
80742;501976;DIS3;Q9Y2L1;Exosome complex exonuclease RRP44;Cytoplasm (ECO:0000269), Nucleolus (ECO:0000269), Nucleoplasm (ECO:0000269), Nucleus (ECO:0000269);Cytosol (Supported), Nucleoplasm (Supported);;Nuclear RNA binding proteins, RNA processing;RNA processing;"Alabert et al., 2014; Alvarez et al., 2023; Ginno et al., 2018; Kustatscher et al., 2014; Shi et al., 2021";43.0;"RNB(RNB domain,PF00773);PIN_4(PIN domain,PF13638);Rrp44_S1(S1 domain,PF17215);Rrp44_CSD1(Rrp44-like cold shock domain,PF17216);OB_Dis3(Dis3-like cold-shock domain 2 (CSD2),PF17849)";958;"Nuclear exosome complex, DIS3-EXOSC10 variant,CPX-476,ECO:0005547(biological system reconstruction evidence based on inference from background scientific knowledge used in manual assertion);Exosome complex, DIS3 variant,CPX-593,ECO:0005547(biological system reconstruction evidence based on inference from background scientific knowledge used in manual assertion)";RP36082874;SNHG17;lncRNA;Homo sapiens;protein;Homo sapiens;NCBI:388796;NCBI:22894;0.2243;CLIP;;;95;ENSG00000196756;-2.91593577289014;2.76693240053218;-11.8719733234314;3.16171674568078e-14;4.15666948408721e-12;22.3586429297008
80743;501975;DIS3;Q9Y2L1;Exosome complex exonuclease RRP44;Cytoplasm (ECO:0000269), Nucleolus (ECO:0000269), Nucleoplasm (ECO:0000269), Nucleus (ECO:0000269);Cytosol (Supported), Nucleoplasm (Supported);;Nuclear RNA binding proteins, RNA processing;RNA processing;"Alabert et al., 2014; Alvarez et al., 2023; Ginno et al., 2018; Kustatscher et al., 2014; Shi et al., 2021";43.0;"RNB(RNB domain,PF00773);PIN_4(PIN domain,PF13638);Rrp44_S1(S1 domain,PF17215);Rrp44_CSD1(Rrp44-like cold shock domain,PF17216);OB_Dis3(Dis3-like cold-shock domain 2 (CSD2),PF17849)";958;"Nuclear exosome complex, DIS3-EXOSC10 variant,CPX-476,ECO:0005547(biological system reconstruction evidence based on inference from background scientific knowledge used in manual assertion);Exosome complex, DIS3 variant,CPX-593,ECO:0005547(biological system reconstruction evidence based on inference from background scientific knowledge used in manual assertion)";RP36082783;SNHG16;lncRNA;Homo sapiens;protein;Homo sapiens;NCBI:100507246;NCBI:22894;0.2243;CLIP;;;17;ENSG00000163597;-1.76574685009836;3.88332039022155;-7.2253013716623;1.36790691052561e-08;1.73860555062877e-07;9.46585361999884
80744;501974;DIS3;Q9Y2L1;Exosome complex exonuclease RRP44;Cytoplasm (ECO:0000269), Nucleolus (ECO:0000269), Nucleoplasm (ECO:0000269), Nucleus (ECO:0000269);Cytosol (Supported), Nucleoplasm (Supported);;Nuclear RNA binding proteins, RNA processing;RNA processing;"Alabert et al., 2014; Alvarez et al., 2023; Ginno et al., 2018; Kustatscher et al., 2014; Shi et al., 2021";43.0;"RNB(RNB domain,PF00773);PIN_4(PIN domain,PF13638);Rrp44_S1(S1 domain,PF17215);Rrp44_CSD1(Rrp44-like cold shock domain,PF17216);OB_Dis3(Dis3-like cold-shock domain 2 (CSD2),PF17849)";958;"Nuclear exosome complex, DIS3-EXOSC10 variant,CPX-476,ECO:0005547(biological system reconstruction evidence based on inference from background scientific knowledge used in manual assertion);Exosome complex, DIS3 variant,CPX-593,ECO:0005547(biological system reconstruction evidence based on inference from background scientific knowledge used in manual assertion)";RP36082702;SNHG15;lncRNA;Homo sapiens;protein;Homo sapiens;NCBI:285958;NCBI:22894;0.2243;CLIP;;;966;ENSG00000232956;-2.77917597283892;1.81941702980103;-9.99049401552001;4.36370990206709e-12;1.65388536558525e-10;17.4717593121349
81067;3085414;SRSF2;Q01130;Serine/arginine-rich splicing factor 2 (SC-35);Nucleoplasm (ECO:0000269), Nucleus (ECO:0000269), Nucleus speckle (ECO:0000269);Cytosol (Approved), Nucleoplasm (Supported);;Nuclear RNA binding proteins, RNA processing;RNA processing;"Alabert et al., 2014; Alvarez et al., 2023; Ginno et al., 2018; Kustatscher et al., 2014; Shi et al., 2021; Torrente et al., 2011";560.0;RRM_1(RNA recognition motif. (a.k.a. RRM, RBD, or RNP domain),PF00076);221;;RP34954637;GAS5;lncRNA;Homo sapiens;protein;Homo sapiens;NCBI:60674;NCBI:6427;0.2259;CLIP;;;1098;ENSG00000234741;-2.56041864444156;3.87237361491495;-7.93865419283863;1.5767911812111202e-09;2.58115194527439e-08;11.6138519668715
81068;3085405;SRSF2;Q01130;Serine/arginine-rich splicing factor 2 (SC-35);Nucleoplasm (ECO:0000269), Nucleus (ECO:0000269), Nucleus speckle (ECO:0000269);Cytosol (Approved), Nucleoplasm (Supported);;Nuclear RNA binding proteins, RNA processing;RNA processing;"Alabert et al., 2014; Alvarez et al., 2023; Ginno et al., 2018; Kustatscher et al., 2014; Shi et al., 2021; Torrente et al., 2011";560.0;RRM_1(RNA recognition motif. (a.k.a. RRM, RBD, or RNP domain),PF00076);221;;RP34730166;DISC1FP1;lncRNA;Homo sapiens;protein;Homo sapiens;NCBI:101929222;NCBI:6427;0.2754;CLIP;;Scan pipeline widely used MATCH algorithm;2642;ENSG00000261645;-1.57960787827338;-2.09187619416356;-5.74915221319155;1.34209915776998e-06;9.95804436814516e-06;4.92061532040349
81069;3085432;SRSF2;Q01130;Serine/arginine-rich splicing factor 2 (SC-35);Nucleoplasm (ECO:0000269), Nucleus (ECO:0000269), Nucleus speckle (ECO:0000269);Cytosol (Approved), Nucleoplasm (Supported);;Nuclear RNA binding proteins, RNA processing;RNA processing;"Alabert et al., 2014; Alvarez et al., 2023; Ginno et al., 2018; Kustatscher et al., 2014; Shi et al., 2021; Torrente et al., 2011";560.0;RRM_1(RNA recognition motif. (a.k.a. RRM, RBD, or RNP domain),PF00076);221;;RP35303683;LINC00641;lncRNA;Homo sapiens;protein;Homo sapiens;NCBI:283624;NCBI:6427;0.2754;CLIP;;Scan pipeline widely used MATCH algorithm;2187;ENSG00000258441;-2.4314494810184;2.79613644294889;-10.5793296873087;8.88690222059781e-13;4.58356201260104e-11;19.0522092280278
81070;3085430;SRSF2;Q01130;Serine/arginine-rich splicing factor 2 (SC-35);Nucleoplasm (ECO:0000269), Nucleus (ECO:0000269), Nucleus speckle (ECO:0000269);Cytosol (Approved), Nucleoplasm (Supported);;Nuclear RNA binding proteins, RNA processing;RNA processing;"Alabert et al., 2014; Alvarez et al., 2023; Ginno et al., 2018; Kustatscher et al., 2014; Shi et al., 2021; Torrente et al., 2011";560.0;RRM_1(RNA recognition motif. (a.k.a. RRM, RBD, or RNP domain),PF00076);221;;RP35296603;LINC00299;lncRNA;Homo sapiens;protein;Homo sapiens;NCBI:339789;NCBI:6427;0.2754;CLIP;;Scan pipeline widely used MATCH algorithm;1231;ENSG00000236790;-3.16321551373561;1.49436630961878;-12.8196817543434;3.13051348649769e-15;7.74710013982104e-13;24.6433702637167
81071;3085436;SRSF2;Q01130;Serine/arginine-rich splicing factor 2 (SC-35);Nucleoplasm (ECO:0000269), Nucleus (ECO:0000269), Nucleus speckle (ECO:0000269);Cytosol (Approved), Nucleoplasm (Supported);;Nuclear RNA binding proteins, RNA processing;RNA processing;"Alabert et al., 2014; Alvarez et al., 2023; Ginno et al., 2018; Kustatscher et al., 2014; Shi et al., 2021; Torrente et al., 2011";560.0;RRM_1(RNA recognition motif. (a.k.a. RRM, RBD, or RNP domain),PF00076);221;;RP35309595;LINC00987;lncRNA;Homo sapiens;protein;Homo sapiens;NCBI:100499405;NCBI:6427;0.2754;CLIP;;Scan pipeline widely used MATCH algorithm;1261;ENSG00000237248;-3.46282475448961;0.310305584508075;-11.1419924664087;2.0260924607418999e-13;1.465894067114e-11;20.5188563952457
81072;3085438;SRSF2;Q01130;Serine/arginine-rich splicing factor 2 (SC-35);Nucleoplasm (ECO:0000269), Nucleus (ECO:0000269), Nucleus speckle (ECO:0000269);Cytosol (Approved), Nucleoplasm (Supported);;Nuclear RNA binding proteins, RNA processing;RNA processing;"Alabert et al., 2014; Alvarez et al., 2023; Ginno et al., 2018; Kustatscher et al., 2014; Shi et al., 2021; Torrente et al., 2011";560.0;RRM_1(RNA recognition motif. (a.k.a. RRM, RBD, or RNP domain),PF00076);221;;RP09643126;MALAT1;lncRNA;Homo sapiens;protein;Homo sapiens;NCBI:378938;NCBI:6427;0.4349;RT-PCR//RIP//Western blot//CLIP;RIP-ChIp//miRNA array//Microarray;Scan pipeline widely used MATCH algorithm;1786;ENSG00000251562;-2.69192848146394;10.8069205658514;-9.99570573098169;4.30182645492996e-12;1.65306630339579e-10;17.4859517032396
81073;3085469;SRSF2;Q01130;Serine/arginine-rich splicing factor 2 (SC-35);Nucleoplasm (ECO:0000269), Nucleus (ECO:0000269), Nucleus speckle (ECO:0000269);Cytosol (Approved), Nucleoplasm (Supported);;Nuclear RNA binding proteins, RNA processing;RNA processing;"Alabert et al., 2014; Alvarez et al., 2023; Ginno et al., 2018; Kustatscher et al., 2014; Shi et al., 2021; Torrente et al., 2011";560.0;RRM_1(RNA recognition motif. (a.k.a. RRM, RBD, or RNP domain),PF00076);221;;RP36083472;SNHG6;lncRNA;Homo sapiens;protein;Homo sapiens;NCBI:641638;NCBI:6427;0.2259;CLIP;;;1482;ENSG00000245910;-3.02030504081192;2.13635252691397;-9.00111087542265;6.998606051362839e-11;1.6448679138594102e-09;14.7126214928218
81074;3085468;SRSF2;Q01130;Serine/arginine-rich splicing factor 2 (SC-35);Nucleoplasm (ECO:0000269), Nucleus (ECO:0000269), Nucleus speckle (ECO:0000269);Cytosol (Approved), Nucleoplasm (Supported);;Nuclear RNA binding proteins, RNA processing;RNA processing;"Alabert et al., 2014; Alvarez et al., 2023; Ginno et al., 2018; Kustatscher et al., 2014; Shi et al., 2021; Torrente et al., 2011";560.0;RRM_1(RNA recognition motif. (a.k.a. RRM, RBD, or RNP domain),PF00076);221;;RP36083395;SNHG5;lncRNA;Homo sapiens;protein;Homo sapiens;NCBI:387066;NCBI:6427;0.2259;CLIP;;;132;ENSG00000203875;-2.79357818092896;3.17229546572489;-7.92087451041262;1.6629897857665301e-09;2.70123476012347e-08;11.5609108469976
81075;3085467;SRSF2;Q01130;Serine/arginine-rich splicing factor 2 (SC-35);Nucleoplasm (ECO:0000269), Nucleus (ECO:0000269), Nucleus speckle (ECO:0000269);Cytosol (Approved), Nucleoplasm (Supported);;Nuclear RNA binding proteins, RNA processing;RNA processing;"Alabert et al., 2014; Alvarez et al., 2023; Ginno et al., 2018; Kustatscher et al., 2014; Shi et al., 2021; Torrente et al., 2011";560.0;RRM_1(RNA recognition motif. (a.k.a. RRM, RBD, or RNP domain),PF00076);221;;RP36083299;SNHG3;lncRNA;Homo sapiens;protein;Homo sapiens;NCBI:8420;NCBI:6427;0.2259;CLIP;;;1404;ENSG00000242125;-1.66215020983997;3.80442253035105;-6.53607722997152;1.14898325278424e-07;1.11634469849037e-06;7.35322044661673
81076;3085464;SRSF2;Q01130;Serine/arginine-rich splicing factor 2 (SC-35);Nucleoplasm (ECO:0000269), Nucleus (ECO:0000269), Nucleus speckle (ECO:0000269);Cytosol (Approved), Nucleoplasm (Supported);;Nuclear RNA binding proteins, RNA processing;RNA processing;"Alabert et al., 2014; Alvarez et al., 2023; Ginno et al., 2018; Kustatscher et al., 2014; Shi et al., 2021; Torrente et al., 2011";560.0;RRM_1(RNA recognition motif. (a.k.a. RRM, RBD, or RNP domain),PF00076);221;;RP36082444;SNHG1;lncRNA;Homo sapiens;protein;Homo sapiens;NCBI:23642;NCBI:6427;0.2754;CLIP;;Scan pipeline widely used MATCH algorithm;2023;ENSG00000255717;-3.1343954975797;3.5255615293517;-12.1724795306288;1.50067688859263e-14;2.52533906812367e-12;23.0956312855758
81077;3085466;SRSF2;Q01130;Serine/arginine-rich splicing factor 2 (SC-35);Nucleoplasm (ECO:0000269), Nucleus (ECO:0000269), Nucleus speckle (ECO:0000269);Cytosol (Approved), Nucleoplasm (Supported);;Nuclear RNA binding proteins, RNA processing;RNA processing;"Alabert et al., 2014; Alvarez et al., 2023; Ginno et al., 2018; Kustatscher et al., 2014; Shi et al., 2021; Torrente et al., 2011";560.0;RRM_1(RNA recognition motif. (a.k.a. RRM, RBD, or RNP domain),PF00076);221;;RP36082943;SNHG17;lncRNA;Homo sapiens;protein;Homo sapiens;NCBI:388796;NCBI:6427;0.2754;CLIP;;Scan pipeline widely used MATCH algorithm;95;ENSG00000196756;-2.91593577289014;2.76693240053218;-11.8719733234314;3.16171674568078e-14;4.15666948408721e-12;22.3586429297008
81083;3084409;SRSF1;Q07955;Serine/arginine-rich splicing factor 1 (ASF-1);Cytoplasm (ECO:0000269), Nucleus speckle (ECO:0000269);Nucleoplasm (Supported);;Nuclear RNA binding proteins, RNA processing;RNA processing;"Alabert et al., 2014; Alvarez et al., 2023; Ginno et al., 2018; Kustatscher et al., 2014; Shi et al., 2021; Torrente et al., 2011";656.0;"RRM_1(RNA recognition motif. (a.k.a. RRM, RBD, or RNP domain),PF00076);RRM_1(RNA recognition motif. (a.k.a. RRM, RBD, or RNP domain),PF00076)";248;;RP08743492;XIST;lncRNA;Homo sapiens;RBP;Homo sapiens;NCBI:7503;NCBI:6426;0.4613;CLIP;PAR-CLIP//eCLIP//HITS-CLIP//iCLIP//CLIP-seq;Scan pipeline widely used MATCH algorithm;718;ENSG00000229807;-6.57326935078366;1.54159830942689;-4.14945804433362;0.0001856278660776;0.0008424341236124;0.0917621252499083
81109;3086863;SRSF5;Q13243;Serine/arginine-rich splicing factor 5;;Cytosol (Approved), Nucleoli (Approved), Nucleoplasm (Enhanced);;Nuclear RNA binding proteins, RNA processing;RNA processing;"Alabert et al., 2014; Alvarez et al., 2023; Ginno et al., 2018; Kustatscher et al., 2014; Shi et al., 2021; Torrente et al., 2011";190.0;"RRM_1(RNA recognition motif. (a.k.a. RRM, RBD, or RNP domain),PF00076);RRM_1(RNA recognition motif. (a.k.a. RRM, RBD, or RNP domain),PF00076)";272;;RP09571906;MALAT1;lncRNA;Homo sapiens;protein;Homo sapiens;NCBI:378938;NCBI:6430;0.3954;RT-PCR//RIP//Western blot;RIP-ChIp//miRNA array;Scan pipeline widely used MATCH algorithm;1786;ENSG00000251562;-2.69192848146394;10.8069205658514;-9.99570573098169;4.30182645492996e-12;1.65306630339579e-10;17.4859517032396
81119;3086203;SRSF3;P84103;Serine/arginine-rich splicing factor 3;Cytoplasm (ECO:0000269), Nucleus (ECO:0000269), Nucleus speckle (ECO:0000269);Nucleoplasm (Supported);;Nuclear RNA binding proteins, RNA processing;RNA processing;"Alabert et al., 2014; Alvarez et al., 2023; Ginno et al., 2018; Kustatscher et al., 2014; Shi et al., 2021; Torrente et al., 2011; Ugur et al., 2023";702.0;RRM_1(RNA recognition motif. (a.k.a. RRM, RBD, or RNP domain),PF00076);164;;RP10304771;MALAT1;lncRNA;Homo sapiens;RBP;Homo sapiens;NCBI:378938;NCBI:6428;0.4497;RT-PCR//RIP//Western blot;PAR-CLIP//eCLIP//RIP-ChIp//Microarray//miRNA array;;1786;ENSG00000251562;-2.69192848146394;10.8069205658514;-9.99570573098169;4.30182645492996e-12;1.65306630339579e-10;17.4859517032396
81136;3082704;SRSF1;Q07955;Serine/arginine-rich splicing factor 1 (ASF-1);Cytoplasm (ECO:0000269), Nucleus speckle (ECO:0000269);Nucleoplasm (Supported);;Nuclear RNA binding proteins, RNA processing;RNA processing;"Alabert et al., 2014; Alvarez et al., 2023; Ginno et al., 2018; Kustatscher et al., 2014; Shi et al., 2021; Torrente et al., 2011";656.0;"RRM_1(RNA recognition motif. (a.k.a. RRM, RBD, or RNP domain),PF00076);RRM_1(RNA recognition motif. (a.k.a. RRM, RBD, or RNP domain),PF00076)";248;;RP34900549;FOXD2-AS1;lncRNA;Homo sapiens;protein;Homo sapiens;NCBI:84793;NCBI:6426;0.3867;CLIP;eCLIP;Scan pipeline widely used MATCH algorithm;1276;ENSG00000237424;-1.8714959216105;0.3642643731734;-7.73367357319933;2.9184334875863704e-09;4.32318650784361e-08;11.0015376011454
81139;3082738;SRSF1;Q07955;Serine/arginine-rich splicing factor 1 (ASF-1);Cytoplasm (ECO:0000269), Nucleus speckle (ECO:0000269);Nucleoplasm (Supported);;Nuclear RNA binding proteins, RNA processing;RNA processing;"Alabert et al., 2014; Alvarez et al., 2023; Ginno et al., 2018; Kustatscher et al., 2014; Shi et al., 2021; Torrente et al., 2011";656.0;"RRM_1(RNA recognition motif. (a.k.a. RRM, RBD, or RNP domain),PF00076);RRM_1(RNA recognition motif. (a.k.a. RRM, RBD, or RNP domain),PF00076)";248;;RP08742973;GAS5;lncRNA;Homo sapiens;RBP;Homo sapiens;NCBI:60674;NCBI:6426;0.4271;CLIP;eCLIP//iCLIP//CLIP-seq;;1098;ENSG00000234741;-2.56041864444156;3.87237361491495;-7.93865419283863;1.5767911812111202e-09;2.58115194527439e-08;11.6138519668715
81143;3083019;SRSF1;Q07955;Serine/arginine-rich splicing factor 1 (ASF-1);Cytoplasm (ECO:0000269), Nucleus speckle (ECO:0000269);Nucleoplasm (Supported);;Nuclear RNA binding proteins, RNA processing;RNA processing;"Alabert et al., 2014; Alvarez et al., 2023; Ginno et al., 2018; Kustatscher et al., 2014; Shi et al., 2021; Torrente et al., 2011";656.0;"RRM_1(RNA recognition motif. (a.k.a. RRM, RBD, or RNP domain),PF00076);RRM_1(RNA recognition motif. (a.k.a. RRM, RBD, or RNP domain),PF00076)";248;;RP35304372;LINC00663;lncRNA;Homo sapiens;protein;Homo sapiens;NCBI:284440;NCBI:6426;0.3214;CLIP;eCLIP;;2849;ENSG00000266904;-2.2313825534385;0.177789980721914;-7.36614196503185;8.8949436262262e-09;1.15496999492388e-07;9.89355661048934
81160;3083006;SRSF1;Q07955;Serine/arginine-rich splicing factor 1 (ASF-1);Cytoplasm (ECO:0000269), Nucleus speckle (ECO:0000269);Nucleoplasm (Supported);;Nuclear RNA binding proteins, RNA processing;RNA processing;"Alabert et al., 2014; Alvarez et al., 2023; Ginno et al., 2018; Kustatscher et al., 2014; Shi et al., 2021; Torrente et al., 2011";656.0;"RRM_1(RNA recognition motif. (a.k.a. RRM, RBD, or RNP domain),PF00076);RRM_1(RNA recognition motif. (a.k.a. RRM, RBD, or RNP domain),PF00076)";248;;RP08743472;LINC00476;lncRNA;Homo sapiens;RBP;Homo sapiens;NCBI:100128782;NCBI:6426;0.4164;CLIP;eCLIP//iCLIP//PAR-CLIP;Scan pipeline widely used MATCH algorithm;27;ENSG00000175611;-2.19724688558074;1.62463722411676;-6.90916380536433;3.61578319885548e-08;4.01361475398021e-07;8.50039124750522
81166;3082933;SRSF1;Q07955;Serine/arginine-rich splicing factor 1 (ASF-1);Cytoplasm (ECO:0000269), Nucleus speckle (ECO:0000269);Nucleoplasm (Supported);;Nuclear RNA binding proteins, RNA processing;RNA processing;"Alabert et al., 2014; Alvarez et al., 2023; Ginno et al., 2018; Kustatscher et al., 2014; Shi et al., 2021; Torrente et al., 2011";656.0;"RRM_1(RNA recognition motif. (a.k.a. RRM, RBD, or RNP domain),PF00076);RRM_1(RNA recognition motif. (a.k.a. RRM, RBD, or RNP domain),PF00076)";248;;RP08743493;JPX;lncRNA;Homo sapiens;RBP;Homo sapiens;NCBI:554203;NCBI:6426;0.3867;CLIP;eCLIP//iCLIP;Scan pipeline widely used MATCH algorithm;374;ENSG00000225470;-1.81667140678558;3.58380683530008;-7.33868036440905;9.67227303315251e-09;1.24819793406358e-07;9.810288704289
81167;3082927;SRSF1;Q07955;Serine/arginine-rich splicing factor 1 (ASF-1);Cytoplasm (ECO:0000269), Nucleus speckle (ECO:0000269);Nucleoplasm (Supported);;Nuclear RNA binding proteins, RNA processing;RNA processing;"Alabert et al., 2014; Alvarez et al., 2023; Ginno et al., 2018; Kustatscher et al., 2014; Shi et al., 2021; Torrente et al., 2011";656.0;"RRM_1(RNA recognition motif. (a.k.a. RRM, RBD, or RNP domain),PF00076);RRM_1(RNA recognition motif. (a.k.a. RRM, RBD, or RNP domain),PF00076)";248;;RP33735682;IQCH-AS1;lncRNA;Homo sapiens;RBP;Homo sapiens;NCBI:100506686;NCBI:6426;0.373;CLIP;eCLIP;;2357;ENSG00000259673;-2.36524264156248;-0.0326418860202442;-8.03552475053475;1.1805743112048e-09;2.01897403546284e-08;11.9017115063395
81181;3084082;SRSF1;Q07955;Serine/arginine-rich splicing factor 1 (ASF-1);Cytoplasm (ECO:0000269), Nucleus speckle (ECO:0000269);Nucleoplasm (Supported);;Nuclear RNA binding proteins, RNA processing;RNA processing;"Alabert et al., 2014; Alvarez et al., 2023; Ginno et al., 2018; Kustatscher et al., 2014; Shi et al., 2021; Torrente et al., 2011";656.0;"RRM_1(RNA recognition motif. (a.k.a. RRM, RBD, or RNP domain),PF00076);RRM_1(RNA recognition motif. (a.k.a. RRM, RBD, or RNP domain),PF00076)";248;;RP08743024;SNHG3;lncRNA;Homo sapiens;RBP;Homo sapiens;NCBI:8420;NCBI:6426;0.4387;CLIP;eCLIP//iCLIP//CLIP-seq;Scan pipeline widely used MATCH algorithm;1404;ENSG00000242125;-1.66215020983997;3.80442253035105;-6.53607722997152;1.14898325278424e-07;1.11634469849037e-06;7.35322044661673
81184;3084076;SRSF1;Q07955;Serine/arginine-rich splicing factor 1 (ASF-1);Cytoplasm (ECO:0000269), Nucleus speckle (ECO:0000269);Nucleoplasm (Supported);;Nuclear RNA binding proteins, RNA processing;RNA processing;"Alabert et al., 2014; Alvarez et al., 2023; Ginno et al., 2018; Kustatscher et al., 2014; Shi et al., 2021; Torrente et al., 2011";656.0;"RRM_1(RNA recognition motif. (a.k.a. RRM, RBD, or RNP domain),PF00076);RRM_1(RNA recognition motif. (a.k.a. RRM, RBD, or RNP domain),PF00076)";248;;RP08743167;SNHG16;lncRNA;Homo sapiens;RBP;Homo sapiens;NCBI:100507246;NCBI:6426;0.471;CLIP;PAR-CLIP//eCLIP//HITS-CLIP//iCLIP//CLIP-seq;;17;ENSG00000163597;-1.76574685009836;3.88332039022155;-7.2253013716623;1.36790691052561e-08;1.73860555062877e-07;9.46585361999884
81186;3084071;SRSF1;Q07955;Serine/arginine-rich splicing factor 1 (ASF-1);Cytoplasm (ECO:0000269), Nucleus speckle (ECO:0000269);Nucleoplasm (Supported);;Nuclear RNA binding proteins, RNA processing;RNA processing;"Alabert et al., 2014; Alvarez et al., 2023; Ginno et al., 2018; Kustatscher et al., 2014; Shi et al., 2021; Torrente et al., 2011";656.0;"RRM_1(RNA recognition motif. (a.k.a. RRM, RBD, or RNP domain),PF00076);RRM_1(RNA recognition motif. (a.k.a. RRM, RBD, or RNP domain),PF00076)";248;;RP08742964;SNHG1;lncRNA;Homo sapiens;RBP;Homo sapiens;NCBI:23642;NCBI:6426;0.4808;CLIP;PAR-CLIP//eCLIP//HITS-CLIP//iCLIP//CLIP-seq;Scan pipeline widely used MATCH algorithm;2023;ENSG00000255717;-3.1343954975797;3.5255615293517;-12.1724795306288;1.50067688859263e-14;2.52533906812367e-12;23.0956312855758
81188;3084084;SRSF1;Q07955;Serine/arginine-rich splicing factor 1 (ASF-1);Cytoplasm (ECO:0000269), Nucleus speckle (ECO:0000269);Nucleoplasm (Supported);;Nuclear RNA binding proteins, RNA processing;RNA processing;"Alabert et al., 2014; Alvarez et al., 2023; Ginno et al., 2018; Kustatscher et al., 2014; Shi et al., 2021; Torrente et al., 2011";656.0;"RRM_1(RNA recognition motif. (a.k.a. RRM, RBD, or RNP domain),PF00076);RRM_1(RNA recognition motif. (a.k.a. RRM, RBD, or RNP domain),PF00076)";248;;RP08743404;SNHG5;lncRNA;Homo sapiens;RBP;Homo sapiens;NCBI:387066;NCBI:6426;0.471;CLIP;PAR-CLIP//eCLIP//HITS-CLIP//iCLIP//CLIP-seq;;132;ENSG00000203875;-2.79357818092896;3.17229546572489;-7.92087451041262;1.6629897857665301e-09;2.70123476012347e-08;11.5609108469976
81189;3084085;SRSF1;Q07955;Serine/arginine-rich splicing factor 1 (ASF-1);Cytoplasm (ECO:0000269), Nucleus speckle (ECO:0000269);Nucleoplasm (Supported);;Nuclear RNA binding proteins, RNA processing;RNA processing;"Alabert et al., 2014; Alvarez et al., 2023; Ginno et al., 2018; Kustatscher et al., 2014; Shi et al., 2021; Torrente et al., 2011";656.0;"RRM_1(RNA recognition motif. (a.k.a. RRM, RBD, or RNP domain),PF00076);RRM_1(RNA recognition motif. (a.k.a. RRM, RBD, or RNP domain),PF00076)";248;;RP08743457;SNHG6;lncRNA;Homo sapiens;RBP;Homo sapiens;NCBI:641638;NCBI:6426;0.4424;CLIP;eCLIP//iCLIP//PAR-CLIP;Scan pipeline widely used MATCH algorithm;1482;ENSG00000245910;-3.02030504081192;2.13635252691397;-9.00111087542265;6.998606051362839e-11;1.6448679138594102e-09;14.7126214928218
81200;3083149;SRSF1;Q07955;Serine/arginine-rich splicing factor 1 (ASF-1);Cytoplasm (ECO:0000269), Nucleus speckle (ECO:0000269);Nucleoplasm (Supported);;Nuclear RNA binding proteins, RNA processing;RNA processing;"Alabert et al., 2014; Alvarez et al., 2023; Ginno et al., 2018; Kustatscher et al., 2014; Shi et al., 2021; Torrente et al., 2011";656.0;"RRM_1(RNA recognition motif. (a.k.a. RRM, RBD, or RNP domain),PF00076);RRM_1(RNA recognition motif. (a.k.a. RRM, RBD, or RNP domain),PF00076)";248;;RP08743040;MIR17HG;lncRNA;Homo sapiens;RBP;Homo sapiens;NCBI:407975;NCBI:6426;0.4808;CLIP;PAR-CLIP//eCLIP//HITS-CLIP//iCLIP//CLIP-seq;Scan pipeline widely used MATCH algorithm;215;ENSG00000215417;-1.84534139091266;0.99398029655203;-5.74834557141758;1.34549165469835e-06;9.96563977344356e-06;4.91812246599078
81251;3086979;SRSF6;Q13247;Serine/arginine-rich splicing factor 6;Nucleus (ECO:0000269), Nucleus speckle (ECO:0000269);Nuclear speckles (Supported);;Nuclear RNA binding proteins, RNA processing;RNA processing;"Alabert et al., 2014; Alvarez et al., 2023; Ginno et al., 2018; Kustatscher et al., 2014; Shi et al., 2021; Torrente et al., 2011";265.0;"RRM_1(RNA recognition motif. (a.k.a. RRM, RBD, or RNP domain),PF00076);RRM_1(RNA recognition motif. (a.k.a. RRM, RBD, or RNP domain),PF00076)";344;;RP10235817;MALAT1;lncRNA;Homo sapiens;protein;Homo sapiens;NCBI:378938;NCBI:6431;0.3711;RT-PCR//RIP//Western blot;RIP-ChIp//miRNA array//Microarray;;1786;ENSG00000251562;-2.69192848146394;10.8069205658514;-9.99570573098169;4.30182645492996e-12;1.65306630339579e-10;17.4859517032396
81253;3087475;SRSF7;Q16629;Serine/arginine-rich splicing factor 7;Cytoplasm (ECO:0000269), Nucleus (ECO:0000269);Nucleoplasm (Enhanced);;Nuclear RNA binding proteins, RNA processing;RNA processing;"Alabert et al., 2014; Alvarez et al., 2023; Ginno et al., 2018; Itzhak et al., 2016; Kustatscher et al., 2014; Shi et al., 2021; Torrente et al., 2011; Ugur et al., 2023";512.0;RRM_1(RNA recognition motif. (a.k.a. RRM, RBD, or RNP domain),PF00076);238;;RP08745895;MALAT1;lncRNA;Homo sapiens;RBP;Homo sapiens;NCBI:378938;NCBI:6432;0.5133;RT-PCR//RIP//Western blot;PAR-CLIP//eCLIP//RIP-ChIp//HITS-CLIP//Microarray//miRNA array;;1786;ENSG00000251562;-2.69192848146394;10.8069205658514;-9.99570573098169;4.30182645492996e-12;1.65306630339579e-10;17.4859517032396
81306;3088278;SRSF9;Q13242;Serine/arginine-rich splicing factor 9;Nucleus (ECO:0000269);Nucleoli (Approved), Nucleoplasm (Supported);;Nuclear RNA binding proteins, RNA processing;RNA processing;"Alabert et al., 2014; Alvarez et al., 2023; Ginno et al., 2018; Itzhak et al., 2016; Kustatscher et al., 2014; Shi et al., 2021; Torrente et al., 2011; Ugur et al., 2023";246.0;"RRM_1(RNA recognition motif. (a.k.a. RRM, RBD, or RNP domain),PF00076);RRM_1(RNA recognition motif. (a.k.a. RRM, RBD, or RNP domain),PF00076)";221;;RP08746920;MALAT1;lncRNA;Homo sapiens;RBP;Homo sapiens;NCBI:378938;NCBI:8683;0.4727;RT-PCR//RIP//Western blot;PAR-CLIP//eCLIP//RIP-ChIp//Microarray//miRNA array;Scan pipeline widely used MATCH algorithm;1786;ENSG00000251562;-2.69192848146394;10.8069205658514;-9.99570573098169;4.30182645492996e-12;1.65306630339579e-10;17.4859517032396
81474;3081341;SRRM1;Q8IYB3;Serine/arginine repetitive matrix protein 1 (SRm160);Nucleus matrix (ECO:0000269), Nucleus speckle (ECO:0000269);Nuclear speckles (Enhanced);;Nuclear RNA binding proteins, RNA processing;RNA processing;"Alabert et al., 2014; Alvarez et al., 2023; Ginno et al., 2018; Kustatscher et al., 2014; Shi et al., 2021; Torrente et al., 2011; Ugur et al., 2023";283.0;PWI(PWI domain,PF01480);904;;RP09527764;MALAT1;lncRNA;Homo sapiens;protein;Homo sapiens;NCBI:378938;NCBI:10250;0.2484;RT-PCR//Filter trap assay//Western blot//FISH//ICC;;;1786;ENSG00000251562;-2.69192848146394;10.8069205658514;-9.99570573098169;4.30182645492996e-12;1.65306630339579e-10;17.4859517032396
81559;2518910;PRPF6;O94906;Pre-mRNA-processing factor 6 (ANT-1);Nucleoplasm (ECO:0000269), Nucleus speckle (ECO:0000269);Nuclear speckles (Supported);;Nuclear RNA binding proteins, RNA processing;RNA processing;"Alabert et al., 2014; Alvarez et al., 2023; Ginno et al., 2018; Kustatscher et al., 2014; Shi et al., 2021; Torrente et al., 2011; Ugur et al., 2023";46.6;"PRP1_N(PRP1 splicing factor, N-terminal,PF06424);TPR_16(Tetratricopeptide repeat,PF13432);TPR_19(Tetratricopeptide repeat,PF14559)";941;U4/U6.U5 small nuclear ribonucleoprotein complex,CPX-2391,ECO:0000353(physical interaction evidence used in manual assertion);RP09601103;MALAT1;lncRNA;Homo sapiens;protein;Homo sapiens;NCBI:378938;NCBI:24148;0.2922;RT-PCR//RIP//Western blot;CHART-seq//RIP-ChIp;;1786;ENSG00000251562;-2.69192848146394;10.8069205658514;-9.99570573098169;4.30182645492996e-12;1.65306630339579e-10;17.4859517032396
81685;3454447;U2AF2;P26368;Splicing factor U2AF 65 kDa subunit (hU2AF(65)) (hU2AF65);;Nuclear speckles (Supported), Nucleoplasm (Supported);chromatin (annotations_grade_2), nuclear_punctae (annotations_grade_3);Nuclear RNA binding proteins, RNA processing;RNA processing;"Alabert et al., 2014; Alvarez et al., 2023; Ginno et al., 2018; Kustatscher et al., 2014; Shi et al., 2021; Torrente et al., 2011";330.0;"RRM_1(RNA recognition motif. (a.k.a. RRM, RBD, or RNP domain),PF00076);RRM_1(RNA recognition motif. (a.k.a. RRM, RBD, or RNP domain),PF00076);RRM_1(RNA recognition motif. (a.k.a. RRM, RBD, or RNP domain),PF00076)";475;"SF1-U2AF65 splicing factor complex,CPX-1074,ECO:0000353(physical interaction evidence used in manual assertion);U2 small nuclear ribonucleoprotein auxiliary factor complex,CPX-1921,ECO:0000353(physical interaction evidence used in manual assertion)";RP08842757;XIST;lncRNA;Homo sapiens;RBP;Homo sapiens;NCBI:7503;NCBI:11338;0.346;CLIP;eCLIP//iCLIP;Scan pipeline widely used MATCH algorithm;718;ENSG00000229807;-6.57326935078366;1.54159830942689;-4.14945804433362;0.0001856278660776;0.0008424341236124;0.0917621252499083
81691;3454187;U2AF2;P26368;Splicing factor U2AF 65 kDa subunit (hU2AF(65)) (hU2AF65);;Nuclear speckles (Supported), Nucleoplasm (Supported);chromatin (annotations_grade_2), nuclear_punctae (annotations_grade_3);Nuclear RNA binding proteins, RNA processing;RNA processing;"Alabert et al., 2014; Alvarez et al., 2023; Ginno et al., 2018; Kustatscher et al., 2014; Shi et al., 2021; Torrente et al., 2011";330.0;"RRM_1(RNA recognition motif. (a.k.a. RRM, RBD, or RNP domain),PF00076);RRM_1(RNA recognition motif. (a.k.a. RRM, RBD, or RNP domain),PF00076);RRM_1(RNA recognition motif. (a.k.a. RRM, RBD, or RNP domain),PF00076)";475;"SF1-U2AF65 splicing factor complex,CPX-1074,ECO:0000353(physical interaction evidence used in manual assertion);U2 small nuclear ribonucleoprotein auxiliary factor complex,CPX-1921,ECO:0000353(physical interaction evidence used in manual assertion)";RP08842433;SNHG8;lncRNA;Homo sapiens;RBP;Homo sapiens;NCBI:100093630;NCBI:11338;0.4289;CLIP;eCLIP//iCLIP//CLIP-seq;;3070;ENSG00000269893;-2.44848407009223;2.11062542825147;-6.44138973928252;1.54274347761572e-07;1.46178419151562e-06;7.06107593248584
81694;3454185;U2AF2;P26368;Splicing factor U2AF 65 kDa subunit (hU2AF(65)) (hU2AF65);;Nuclear speckles (Supported), Nucleoplasm (Supported);chromatin (annotations_grade_2), nuclear_punctae (annotations_grade_3);Nuclear RNA binding proteins, RNA processing;RNA processing;"Alabert et al., 2014; Alvarez et al., 2023; Ginno et al., 2018; Kustatscher et al., 2014; Shi et al., 2021; Torrente et al., 2011";330.0;"RRM_1(RNA recognition motif. (a.k.a. RRM, RBD, or RNP domain),PF00076);RRM_1(RNA recognition motif. (a.k.a. RRM, RBD, or RNP domain),PF00076);RRM_1(RNA recognition motif. (a.k.a. RRM, RBD, or RNP domain),PF00076)";475;"SF1-U2AF65 splicing factor complex,CPX-1074,ECO:0000353(physical interaction evidence used in manual assertion);U2 small nuclear ribonucleoprotein auxiliary factor complex,CPX-1921,ECO:0000353(physical interaction evidence used in manual assertion)";RP08842685;SNHG6;lncRNA;Homo sapiens;RBP;Homo sapiens;NCBI:641638;NCBI:11338;0.373;CLIP;eCLIP//HITS-CLIP//CLIP-seq//iCLIP;;1482;ENSG00000245910;-3.02030504081192;2.13635252691397;-9.00111087542265;6.998606051362839e-11;1.6448679138594102e-09;14.7126214928218
81695;3454184;U2AF2;P26368;Splicing factor U2AF 65 kDa subunit (hU2AF(65)) (hU2AF65);;Nuclear speckles (Supported), Nucleoplasm (Supported);chromatin (annotations_grade_2), nuclear_punctae (annotations_grade_3);Nuclear RNA binding proteins, RNA processing;RNA processing;"Alabert et al., 2014; Alvarez et al., 2023; Ginno et al., 2018; Kustatscher et al., 2014; Shi et al., 2021; Torrente et al., 2011";330.0;"RRM_1(RNA recognition motif. (a.k.a. RRM, RBD, or RNP domain),PF00076);RRM_1(RNA recognition motif. (a.k.a. RRM, RBD, or RNP domain),PF00076);RRM_1(RNA recognition motif. (a.k.a. RRM, RBD, or RNP domain),PF00076)";475;"SF1-U2AF65 splicing factor complex,CPX-1074,ECO:0000353(physical interaction evidence used in manual assertion);U2 small nuclear ribonucleoprotein auxiliary factor complex,CPX-1921,ECO:0000353(physical interaction evidence used in manual assertion)";RP08842574;SNHG5;lncRNA;Homo sapiens;RBP;Homo sapiens;NCBI:387066;NCBI:11338;0.4289;CLIP;eCLIP//HITS-CLIP//CLIP-seq//iCLIP;;132;ENSG00000203875;-2.79357818092896;3.17229546572489;-7.92087451041262;1.6629897857665301e-09;2.70123476012347e-08;11.5609108469976
81701;3453650;U2AF2;P26368;Splicing factor U2AF 65 kDa subunit (hU2AF(65)) (hU2AF65);;Nuclear speckles (Supported), Nucleoplasm (Supported);chromatin (annotations_grade_2), nuclear_punctae (annotations_grade_3);Nuclear RNA binding proteins, RNA processing;RNA processing;"Alabert et al., 2014; Alvarez et al., 2023; Ginno et al., 2018; Kustatscher et al., 2014; Shi et al., 2021; Torrente et al., 2011";330.0;"RRM_1(RNA recognition motif. (a.k.a. RRM, RBD, or RNP domain),PF00076);RRM_1(RNA recognition motif. (a.k.a. RRM, RBD, or RNP domain),PF00076);RRM_1(RNA recognition motif. (a.k.a. RRM, RBD, or RNP domain),PF00076)";475;"SF1-U2AF65 splicing factor complex,CPX-1074,ECO:0000353(physical interaction evidence used in manual assertion);U2 small nuclear ribonucleoprotein auxiliary factor complex,CPX-1921,ECO:0000353(physical interaction evidence used in manual assertion)";RP08841683;MIR17HG;lncRNA;Homo sapiens;RBP;Homo sapiens;NCBI:407975;NCBI:11338;0.4407;CLIP;eCLIP//HITS-CLIP//CLIP-seq//iCLIP;Scan pipeline widely used MATCH algorithm;215;ENSG00000215417;-1.84534139091266;0.99398029655203;-5.74834557141758;1.34549165469835e-06;9.96563977344356e-06;4.91812246599078
81704;3454183;U2AF2;P26368;Splicing factor U2AF 65 kDa subunit (hU2AF(65)) (hU2AF65);;Nuclear speckles (Supported), Nucleoplasm (Supported);chromatin (annotations_grade_2), nuclear_punctae (annotations_grade_3);Nuclear RNA binding proteins, RNA processing;RNA processing;"Alabert et al., 2014; Alvarez et al., 2023; Ginno et al., 2018; Kustatscher et al., 2014; Shi et al., 2021; Torrente et al., 2011";330.0;"RRM_1(RNA recognition motif. (a.k.a. RRM, RBD, or RNP domain),PF00076);RRM_1(RNA recognition motif. (a.k.a. RRM, RBD, or RNP domain),PF00076);RRM_1(RNA recognition motif. (a.k.a. RRM, RBD, or RNP domain),PF00076)";475;"SF1-U2AF65 splicing factor complex,CPX-1074,ECO:0000353(physical interaction evidence used in manual assertion);U2 small nuclear ribonucleoprotein auxiliary factor complex,CPX-1921,ECO:0000353(physical interaction evidence used in manual assertion)";RP08841639;SNHG3;lncRNA;Homo sapiens;RBP;Homo sapiens;NCBI:8420;NCBI:11338;0.4407;CLIP;eCLIP//HITS-CLIP//CLIP-seq//iCLIP;Scan pipeline widely used MATCH algorithm;1404;ENSG00000242125;-1.66215020983997;3.80442253035105;-6.53607722997152;1.14898325278424e-07;1.11634469849037e-06;7.35322044661673
81708;3454177;U2AF2;P26368;Splicing factor U2AF 65 kDa subunit (hU2AF(65)) (hU2AF65);;Nuclear speckles (Supported), Nucleoplasm (Supported);chromatin (annotations_grade_2), nuclear_punctae (annotations_grade_3);Nuclear RNA binding proteins, RNA processing;RNA processing;"Alabert et al., 2014; Alvarez et al., 2023; Ginno et al., 2018; Kustatscher et al., 2014; Shi et al., 2021; Torrente et al., 2011";330.0;"RRM_1(RNA recognition motif. (a.k.a. RRM, RBD, or RNP domain),PF00076);RRM_1(RNA recognition motif. (a.k.a. RRM, RBD, or RNP domain),PF00076);RRM_1(RNA recognition motif. (a.k.a. RRM, RBD, or RNP domain),PF00076)";475;"SF1-U2AF65 splicing factor complex,CPX-1074,ECO:0000353(physical interaction evidence used in manual assertion);U2 small nuclear ribonucleoprotein auxiliary factor complex,CPX-1921,ECO:0000353(physical interaction evidence used in manual assertion)";RP08842221;SNHG17;lncRNA;Homo sapiens;RBP;Homo sapiens;NCBI:388796;NCBI:11338;0.4407;CLIP;eCLIP//HITS-CLIP//iCLIP;Scan pipeline widely used MATCH algorithm;95;ENSG00000196756;-2.91593577289014;2.76693240053218;-11.8719733234314;3.16171674568078e-14;4.15666948408721e-12;22.3586429297008
81709;3454175;U2AF2;P26368;Splicing factor U2AF 65 kDa subunit (hU2AF(65)) (hU2AF65);;Nuclear speckles (Supported), Nucleoplasm (Supported);chromatin (annotations_grade_2), nuclear_punctae (annotations_grade_3);Nuclear RNA binding proteins, RNA processing;RNA processing;"Alabert et al., 2014; Alvarez et al., 2023; Ginno et al., 2018; Kustatscher et al., 2014; Shi et al., 2021; Torrente et al., 2011";330.0;"RRM_1(RNA recognition motif. (a.k.a. RRM, RBD, or RNP domain),PF00076);RRM_1(RNA recognition motif. (a.k.a. RRM, RBD, or RNP domain),PF00076);RRM_1(RNA recognition motif. (a.k.a. RRM, RBD, or RNP domain),PF00076)";475;"SF1-U2AF65 splicing factor complex,CPX-1074,ECO:0000353(physical interaction evidence used in manual assertion);U2 small nuclear ribonucleoprotein auxiliary factor complex,CPX-1921,ECO:0000353(physical interaction evidence used in manual assertion)";RP08842625;SNHG15;lncRNA;Homo sapiens;RBP;Homo sapiens;NCBI:285958;NCBI:11338;0.397;CLIP;eCLIP//HITS-CLIP//CLIP-seq//iCLIP;;966;ENSG00000232956;-2.77917597283892;1.81941702980103;-9.99049401552001;4.36370990206709e-12;1.65388536558525e-10;17.4717593121349
81711;3454171;U2AF2;P26368;Splicing factor U2AF 65 kDa subunit (hU2AF(65)) (hU2AF65);;Nuclear speckles (Supported), Nucleoplasm (Supported);chromatin (annotations_grade_2), nuclear_punctae (annotations_grade_3);Nuclear RNA binding proteins, RNA processing;RNA processing;"Alabert et al., 2014; Alvarez et al., 2023; Ginno et al., 2018; Kustatscher et al., 2014; Shi et al., 2021; Torrente et al., 2011";330.0;"RRM_1(RNA recognition motif. (a.k.a. RRM, RBD, or RNP domain),PF00076);RRM_1(RNA recognition motif. (a.k.a. RRM, RBD, or RNP domain),PF00076);RRM_1(RNA recognition motif. (a.k.a. RRM, RBD, or RNP domain),PF00076)";475;"SF1-U2AF65 splicing factor complex,CPX-1074,ECO:0000353(physical interaction evidence used in manual assertion);U2 small nuclear ribonucleoprotein auxiliary factor complex,CPX-1921,ECO:0000353(physical interaction evidence used in manual assertion)";RP08841482;SNHG1;lncRNA;Homo sapiens;RBP;Homo sapiens;NCBI:23642;NCBI:11338;0.3867;CLIP;eCLIP//HITS-CLIP//CLIP-seq//iCLIP;Scan pipeline widely used MATCH algorithm;2023;ENSG00000255717;-3.1343954975797;3.5255615293517;-12.1724795306288;1.50067688859263e-14;2.52533906812367e-12;23.0956312855758
81712;3454176;U2AF2;P26368;Splicing factor U2AF 65 kDa subunit (hU2AF(65)) (hU2AF65);;Nuclear speckles (Supported), Nucleoplasm (Supported);chromatin (annotations_grade_2), nuclear_punctae (annotations_grade_3);Nuclear RNA binding proteins, RNA processing;RNA processing;"Alabert et al., 2014; Alvarez et al., 2023; Ginno et al., 2018; Kustatscher et al., 2014; Shi et al., 2021; Torrente et al., 2011";330.0;"RRM_1(RNA recognition motif. (a.k.a. RRM, RBD, or RNP domain),PF00076);RRM_1(RNA recognition motif. (a.k.a. RRM, RBD, or RNP domain),PF00076);RRM_1(RNA recognition motif. (a.k.a. RRM, RBD, or RNP domain),PF00076)";475;"SF1-U2AF65 splicing factor complex,CPX-1074,ECO:0000353(physical interaction evidence used in manual assertion);U2 small nuclear ribonucleoprotein auxiliary factor complex,CPX-1921,ECO:0000353(physical interaction evidence used in manual assertion)";RP08842034;SNHG16;lncRNA;Homo sapiens;RBP;Homo sapiens;NCBI:100507246;NCBI:11338;0.4407;CLIP;eCLIP//HITS-CLIP//CLIP-seq//iCLIP;Scan pipeline widely used MATCH algorithm;17;ENSG00000163597;-1.76574685009836;3.88332039022155;-7.2253013716623;1.36790691052561e-08;1.73860555062877e-07;9.46585361999884
81845;2531821;QKI;Q96PU8;Protein quaking (Hqk) (HqkI);Cytoplasm (ECO:0000250), Nucleus (ECO:0000250);Nucleoplasm (Supported);;Nuclear RNA binding proteins, RNA processing;RNA processing;"Alabert et al., 2014; Alvarez et al., 2023; Ginno et al., 2018; Itzhak et al., 2016; Kustatscher et al., 2014; Shi et al., 2021";50.1;"STAR_dimer(Homodimerisation region of STAR domain protein,PF16544);Quaking_NLS(Putative nuclear localisation signal of quaking,PF16551);KH_1(KH domain,PF00013)";341;;RP36107059;SRP14-AS1;lncRNA;Homo sapiens;protein;Homo sapiens;NCBI:100131089;NCBI:9444;0.229;CLIP;;;1556;ENSG00000248508;-2.19894713477944;0.563780192006873;-7.86439606590049;1.9697654311136e-09;3.13894059420262e-08;11.3925225023124
81846;2531888;QKI;Q96PU8;Protein quaking (Hqk) (HqkI);Cytoplasm (ECO:0000250), Nucleus (ECO:0000250);Nucleoplasm (Supported);;Nuclear RNA binding proteins, RNA processing;RNA processing;"Alabert et al., 2014; Alvarez et al., 2023; Ginno et al., 2018; Itzhak et al., 2016; Kustatscher et al., 2014; Shi et al., 2021";50.1;"STAR_dimer(Homodimerisation region of STAR domain protein,PF16544);Quaking_NLS(Putative nuclear localisation signal of quaking,PF16551);KH_1(KH domain,PF00013)";341;;RP08628330;XIST;lncRNA;Homo sapiens;RBP;Homo sapiens;NCBI:7503;NCBI:9444;0.3516;CLIP;eCLIP//PAR-CLIP;;718;ENSG00000229807;-6.57326935078366;1.54159830942689;-4.14945804433362;0.0001856278660776;0.0008424341236124;0.0917621252499083
81873;2531497;QKI;Q96PU8;Protein quaking (Hqk) (HqkI);Cytoplasm (ECO:0000250), Nucleus (ECO:0000250);Nucleoplasm (Supported);;Nuclear RNA binding proteins, RNA processing;RNA processing;"Alabert et al., 2014; Alvarez et al., 2023; Ginno et al., 2018; Itzhak et al., 2016; Kustatscher et al., 2014; Shi et al., 2021";50.1;"STAR_dimer(Homodimerisation region of STAR domain protein,PF16544);Quaking_NLS(Putative nuclear localisation signal of quaking,PF16551);KH_1(KH domain,PF00013)";341;;RP08631344;ERVK13-1;lncRNA;Homo sapiens;RBP;Homo sapiens;NCBI:100507321;NCBI:9444;0.3515;CLIP;eCLIP;;2496;ENSG00000260565;-2.1793751357727;3.37818926211326;-7.65464711208258;3.7045425106337803e-09;5.33733230898503e-08;10.7643564661693
81874;2531507;QKI;Q96PU8;Protein quaking (Hqk) (HqkI);Cytoplasm (ECO:0000250), Nucleus (ECO:0000250);Nucleoplasm (Supported);;Nuclear RNA binding proteins, RNA processing;RNA processing;"Alabert et al., 2014; Alvarez et al., 2023; Ginno et al., 2018; Itzhak et al., 2016; Kustatscher et al., 2014; Shi et al., 2021";50.1;"STAR_dimer(Homodimerisation region of STAR domain protein,PF16544);Quaking_NLS(Putative nuclear localisation signal of quaking,PF16551);KH_1(KH domain,PF00013)";341;;RP34874808;FAM66B;lncRNA;Homo sapiens;protein;Homo sapiens;NCBI:100128890;NCBI:9444;0.229;CLIP;;;213;ENSG00000215374;-2.24058640920372;-1.15706040212715;-9.59984701820656;1.2857804725133199e-11;4.10967563783427e-10;16.3976687082489
81875;2531517;QKI;Q96PU8;Protein quaking (Hqk) (HqkI);Cytoplasm (ECO:0000250), Nucleus (ECO:0000250);Nucleoplasm (Supported);;Nuclear RNA binding proteins, RNA processing;RNA processing;"Alabert et al., 2014; Alvarez et al., 2023; Ginno et al., 2018; Itzhak et al., 2016; Kustatscher et al., 2014; Shi et al., 2021";50.1;"STAR_dimer(Homodimerisation region of STAR domain protein,PF16544);Quaking_NLS(Putative nuclear localisation signal of quaking,PF16551);KH_1(KH domain,PF00013)";341;;RP34900534;FOXD2-AS1;lncRNA;Homo sapiens;protein;Homo sapiens;NCBI:84793;NCBI:9444;0.229;CLIP;;;1276;ENSG00000237424;-1.8714959216105;0.3642643731734;-7.73367357319933;2.9184334875863704e-09;4.32318650784361e-08;11.0015376011454
81876;2531473;QKI;Q96PU8;Protein quaking (Hqk) (HqkI);Cytoplasm (ECO:0000250), Nucleus (ECO:0000250);Nucleoplasm (Supported);;Nuclear RNA binding proteins, RNA processing;RNA processing;"Alabert et al., 2014; Alvarez et al., 2023; Ginno et al., 2018; Itzhak et al., 2016; Kustatscher et al., 2014; Shi et al., 2021";50.1;"STAR_dimer(Homodimerisation region of STAR domain protein,PF16544);Quaking_NLS(Putative nuclear localisation signal of quaking,PF16551);KH_1(KH domain,PF00013)";341;;RP08631381;DANCR;lncRNA;Homo sapiens;RBP;Homo sapiens;NCBI:57291;NCBI:9444;0.4575;CLIP;eCLIP//uvCLAP;Scan pipeline widely used MATCH algorithm;493;ENSG00000226950;-1.97490458175396;2.8150326492749;-6.0781695760482;4.79377709969811e-07;4.02543318531536e-06;5.93825752661623
81892;2531666;QKI;Q96PU8;Protein quaking (Hqk) (HqkI);Cytoplasm (ECO:0000250), Nucleus (ECO:0000250);Nucleoplasm (Supported);;Nuclear RNA binding proteins, RNA processing;RNA processing;"Alabert et al., 2014; Alvarez et al., 2023; Ginno et al., 2018; Itzhak et al., 2016; Kustatscher et al., 2014; Shi et al., 2021";50.1;"STAR_dimer(Homodimerisation region of STAR domain protein,PF16544);Quaking_NLS(Putative nuclear localisation signal of quaking,PF16551);KH_1(KH domain,PF00013)";341;;RP35426523;MIR22HG;lncRNA;Homo sapiens;protein;Homo sapiens;NCBI:84981;NCBI:9444;0.229;CLIP;;;77;ENSG00000186594;-2.50560118250147;2.93862258387378;-7.53745059189184;5.2825980379258805e-09;7.35890395548152e-08;10.4115260666507
81893;2531736;QKI;Q96PU8;Protein quaking (Hqk) (HqkI);Cytoplasm (ECO:0000250), Nucleus (ECO:0000250);Nucleoplasm (Supported);;Nuclear RNA binding proteins, RNA processing;RNA processing;"Alabert et al., 2014; Alvarez et al., 2023; Ginno et al., 2018; Itzhak et al., 2016; Kustatscher et al., 2014; Shi et al., 2021";50.1;"STAR_dimer(Homodimerisation region of STAR domain protein,PF16544);Quaking_NLS(Putative nuclear localisation signal of quaking,PF16551);KH_1(KH domain,PF00013)";341;;RP08628523;PVT1;lncRNA;Homo sapiens;RBP;Homo sapiens;NCBI:5820;NCBI:9444;0.3901;CLIP;eCLIP//PAR-CLIP;;1653;ENSG00000249859;-2.94835528412177;3.44033601704875;-13.2423529425615;1.1556977876688e-15;4.42001872065694e-13;25.6256393463927
81898;2531797;QKI;Q96PU8;Protein quaking (Hqk) (HqkI);Cytoplasm (ECO:0000250), Nucleus (ECO:0000250);Nucleoplasm (Supported);;Nuclear RNA binding proteins, RNA processing;RNA processing;"Alabert et al., 2014; Alvarez et al., 2023; Ginno et al., 2018; Itzhak et al., 2016; Kustatscher et al., 2014; Shi et al., 2021";50.1;"STAR_dimer(Homodimerisation region of STAR domain protein,PF16544);Quaking_NLS(Putative nuclear localisation signal of quaking,PF16551);KH_1(KH domain,PF00013)";341;;RP08628317;SNHG5;lncRNA;Homo sapiens;RBP;Homo sapiens;NCBI:387066;NCBI:9444;0.4837;CLIP;eCLIP//uvCLAP//CLIP-seq//PAR-CLIP;;132;ENSG00000203875;-2.79357818092896;3.17229546572489;-7.92087451041262;1.6629897857665301e-09;2.70123476012347e-08;11.5609108469976
81899;2531796;QKI;Q96PU8;Protein quaking (Hqk) (HqkI);Cytoplasm (ECO:0000250), Nucleus (ECO:0000250);Nucleoplasm (Supported);;Nuclear RNA binding proteins, RNA processing;RNA processing;"Alabert et al., 2014; Alvarez et al., 2023; Ginno et al., 2018; Itzhak et al., 2016; Kustatscher et al., 2014; Shi et al., 2021";50.1;"STAR_dimer(Homodimerisation region of STAR domain protein,PF16544);Quaking_NLS(Putative nuclear localisation signal of quaking,PF16551);KH_1(KH domain,PF00013)";341;;RP36083276;SNHG3;lncRNA;Homo sapiens;protein;Homo sapiens;NCBI:8420;NCBI:9444;0.4067;CLIP;eCLIP;Scan pipeline widely used MATCH algorithm;1404;ENSG00000242125;-1.66215020983997;3.80442253035105;-6.53607722997152;1.14898325278424e-07;1.11634469849037e-06;7.35322044661673
81906;2531571;QKI;Q96PU8;Protein quaking (Hqk) (HqkI);Cytoplasm (ECO:0000250), Nucleus (ECO:0000250);Nucleoplasm (Supported);;Nuclear RNA binding proteins, RNA processing;RNA processing;"Alabert et al., 2014; Alvarez et al., 2023; Ginno et al., 2018; Itzhak et al., 2016; Kustatscher et al., 2014; Shi et al., 2021";50.1;"STAR_dimer(Homodimerisation region of STAR domain protein,PF16544);Quaking_NLS(Putative nuclear localisation signal of quaking,PF16551);KH_1(KH domain,PF00013)";341;;RP08628546;JPX;lncRNA;Homo sapiens;RBP;Homo sapiens;NCBI:554203;NCBI:9444;0.4575;CLIP;eCLIP//uvCLAP//PAR-CLIP;Scan pipeline widely used MATCH algorithm;374;ENSG00000225470;-1.81667140678558;3.58380683530008;-7.33868036440905;9.67227303315251e-09;1.24819793406358e-07;9.810288704289
81910;2531544;QKI;Q96PU8;Protein quaking (Hqk) (HqkI);Cytoplasm (ECO:0000250), Nucleus (ECO:0000250);Nucleoplasm (Supported);;Nuclear RNA binding proteins, RNA processing;RNA processing;"Alabert et al., 2014; Alvarez et al., 2023; Ginno et al., 2018; Itzhak et al., 2016; Kustatscher et al., 2014; Shi et al., 2021";50.1;"STAR_dimer(Homodimerisation region of STAR domain protein,PF16544);Quaking_NLS(Putative nuclear localisation signal of quaking,PF16551);KH_1(KH domain,PF00013)";341;;RP35109642;HAR1B;lncRNA;Homo sapiens;protein;Homo sapiens;NCBI:768097;NCBI:9444;0.229;CLIP;;;828;ENSG00000231133;-1.61445034017062;-2.16238637568102;-5.81875106476564;1.0793972440124e-06;8.16730972223051e-06;5.13576258998913
81911;2531664;QKI;Q96PU8;Protein quaking (Hqk) (HqkI);Cytoplasm (ECO:0000250), Nucleus (ECO:0000250);Nucleoplasm (Supported);;Nuclear RNA binding proteins, RNA processing;RNA processing;"Alabert et al., 2014; Alvarez et al., 2023; Ginno et al., 2018; Itzhak et al., 2016; Kustatscher et al., 2014; Shi et al., 2021";50.1;"STAR_dimer(Homodimerisation region of STAR domain protein,PF16544);Quaking_NLS(Putative nuclear localisation signal of quaking,PF16551);KH_1(KH domain,PF00013)";341;;RP08628358;MIR181A1HG;lncRNA;Homo sapiens;RBP;Homo sapiens;NCBI:100131234;NCBI:9444;0.229;CLIP;PAR-CLIP;;733;ENSG00000229989;-1.96778898192628;1.27892832409396;-6.45145267303389;1.49514635854925e-07;1.42309518787708e-06;7.09213857469546
81915;2531649;QKI;Q96PU8;Protein quaking (Hqk) (HqkI);Cytoplasm (ECO:0000250), Nucleus (ECO:0000250);Nucleoplasm (Supported);;Nuclear RNA binding proteins, RNA processing;RNA processing;"Alabert et al., 2014; Alvarez et al., 2023; Ginno et al., 2018; Itzhak et al., 2016; Kustatscher et al., 2014; Shi et al., 2021";50.1;"STAR_dimer(Homodimerisation region of STAR domain protein,PF16544);Quaking_NLS(Putative nuclear localisation signal of quaking,PF16551);KH_1(KH domain,PF00013)";341;;RP08628263;MALAT1;lncRNA;Homo sapiens;RBP;Homo sapiens;NCBI:378938;NCBI:9444;0.4574;CLIP;eCLIP//uvCLAP//CLIP-seq//PAR-CLIP;;1786;ENSG00000251562;-2.69192848146394;10.8069205658514;-9.99570573098169;4.30182645492996e-12;1.65306630339579e-10;17.4859517032396
81917;2531605;QKI;Q96PU8;Protein quaking (Hqk) (HqkI);Cytoplasm (ECO:0000250), Nucleus (ECO:0000250);Nucleoplasm (Supported);;Nuclear RNA binding proteins, RNA processing;RNA processing;"Alabert et al., 2014; Alvarez et al., 2023; Ginno et al., 2018; Itzhak et al., 2016; Kustatscher et al., 2014; Shi et al., 2021";50.1;"STAR_dimer(Homodimerisation region of STAR domain protein,PF16544);Quaking_NLS(Putative nuclear localisation signal of quaking,PF16551);KH_1(KH domain,PF00013)";341;;RP08628541;LINC00630;lncRNA;Homo sapiens;RBP;Homo sapiens;NCBI:100287765;NCBI:9444;0.3901;CLIP;eCLIP//PAR-CLIP;;247;ENSG00000223546;-2.26301235070402;0.462538646230177;-7.84374214675453;2.09574721751214e-09;3.31458967822315e-08;11.3308619374593
81919;2531609;QKI;Q96PU8;Protein quaking (Hqk) (HqkI);Cytoplasm (ECO:0000250), Nucleus (ECO:0000250);Nucleoplasm (Supported);;Nuclear RNA binding proteins, RNA processing;RNA processing;"Alabert et al., 2014; Alvarez et al., 2023; Ginno et al., 2018; Itzhak et al., 2016; Kustatscher et al., 2014; Shi et al., 2021";50.1;"STAR_dimer(Homodimerisation region of STAR domain protein,PF16544);Quaking_NLS(Putative nuclear localisation signal of quaking,PF16551);KH_1(KH domain,PF00013)";341;;RP35304365;LINC00663;lncRNA;Homo sapiens;protein;Homo sapiens;NCBI:284440;NCBI:9444;0.3901;CLIP;eCLIP;;2849;ENSG00000266904;-2.2313825534385;0.177789980721914;-7.36614196503185;8.8949436262262e-09;1.15496999492388e-07;9.89355661048934
81922;2531614;QKI;Q96PU8;Protein quaking (Hqk) (HqkI);Cytoplasm (ECO:0000250), Nucleus (ECO:0000250);Nucleoplasm (Supported);;Nuclear RNA binding proteins, RNA processing;RNA processing;"Alabert et al., 2014; Alvarez et al., 2023; Ginno et al., 2018; Itzhak et al., 2016; Kustatscher et al., 2014; Shi et al., 2021";50.1;"STAR_dimer(Homodimerisation region of STAR domain protein,PF16544);Quaking_NLS(Putative nuclear localisation signal of quaking,PF16551);KH_1(KH domain,PF00013)";341;;RP35305974;LINC00847;lncRNA;Homo sapiens;protein;Homo sapiens;NCBI:729678;NCBI:9444;0.229;CLIP;;;1457;ENSG00000245060;-1.5544968499769;2.53522937087546;-6.93423902906258;3.34655191399944e-08;3.74439997398821e-07;8.57721719601313
82036;3453212;U2AF2;P26368;Splicing factor U2AF 65 kDa subunit (hU2AF(65)) (hU2AF65);;Nuclear speckles (Supported), Nucleoplasm (Supported);chromatin (annotations_grade_2), nuclear_punctae (annotations_grade_3);Nuclear RNA binding proteins, RNA processing;RNA processing;"Alabert et al., 2014; Alvarez et al., 2023; Ginno et al., 2018; Kustatscher et al., 2014; Shi et al., 2021; Torrente et al., 2011";330.0;"RRM_1(RNA recognition motif. (a.k.a. RRM, RBD, or RNP domain),PF00076);RRM_1(RNA recognition motif. (a.k.a. RRM, RBD, or RNP domain),PF00076);RRM_1(RNA recognition motif. (a.k.a. RRM, RBD, or RNP domain),PF00076)";475;"SF1-U2AF65 splicing factor complex,CPX-1074,ECO:0000353(physical interaction evidence used in manual assertion);U2 small nuclear ribonucleoprotein auxiliary factor complex,CPX-1921,ECO:0000353(physical interaction evidence used in manual assertion)";RP08841728;FOXD2-AS1;lncRNA;Homo sapiens;RBP;Homo sapiens;NCBI:84793;NCBI:11338;0.414;CLIP;eCLIP//iCLIP//CLIP-seq;Scan pipeline widely used MATCH algorithm;1276;ENSG00000237424;-1.8714959216105;0.3642643731734;-7.73367357319933;2.9184334875863704e-09;4.32318650784361e-08;11.0015376011454
82037;3453233;U2AF2;P26368;Splicing factor U2AF 65 kDa subunit (hU2AF(65)) (hU2AF65);;Nuclear speckles (Supported), Nucleoplasm (Supported);chromatin (annotations_grade_2), nuclear_punctae (annotations_grade_3);Nuclear RNA binding proteins, RNA processing;RNA processing;"Alabert et al., 2014; Alvarez et al., 2023; Ginno et al., 2018; Kustatscher et al., 2014; Shi et al., 2021; Torrente et al., 2011";330.0;"RRM_1(RNA recognition motif. (a.k.a. RRM, RBD, or RNP domain),PF00076);RRM_1(RNA recognition motif. (a.k.a. RRM, RBD, or RNP domain),PF00076);RRM_1(RNA recognition motif. (a.k.a. RRM, RBD, or RNP domain),PF00076)";475;"SF1-U2AF65 splicing factor complex,CPX-1074,ECO:0000353(physical interaction evidence used in manual assertion);U2 small nuclear ribonucleoprotein auxiliary factor complex,CPX-1921,ECO:0000353(physical interaction evidence used in manual assertion)";RP08841496;GAS5;lncRNA;Homo sapiens;RBP;Homo sapiens;NCBI:60674;NCBI:11338;0.4407;CLIP;eCLIP//HITS-CLIP//CLIP-seq//iCLIP;Scan pipeline widely used MATCH algorithm;1098;ENSG00000234741;-2.56041864444156;3.87237361491495;-7.93865419283863;1.5767911812111202e-09;2.58115194527439e-08;11.6138519668715
82040;3453078;U2AF2;P26368;Splicing factor U2AF 65 kDa subunit (hU2AF(65)) (hU2AF65);;Nuclear speckles (Supported), Nucleoplasm (Supported);chromatin (annotations_grade_2), nuclear_punctae (annotations_grade_3);Nuclear RNA binding proteins, RNA processing;RNA processing;"Alabert et al., 2014; Alvarez et al., 2023; Ginno et al., 2018; Kustatscher et al., 2014; Shi et al., 2021; Torrente et al., 2011";330.0;"RRM_1(RNA recognition motif. (a.k.a. RRM, RBD, or RNP domain),PF00076);RRM_1(RNA recognition motif. (a.k.a. RRM, RBD, or RNP domain),PF00076);RRM_1(RNA recognition motif. (a.k.a. RRM, RBD, or RNP domain),PF00076)";475;"SF1-U2AF65 splicing factor complex,CPX-1074,ECO:0000353(physical interaction evidence used in manual assertion);U2 small nuclear ribonucleoprotein auxiliary factor complex,CPX-1921,ECO:0000353(physical interaction evidence used in manual assertion)";RP08842454;DANCR;lncRNA;Homo sapiens;RBP;Homo sapiens;NCBI:57291;NCBI:11338;0.373;CLIP;eCLIP//iCLIP//CLIP-seq;;493;ENSG00000226950;-1.97490458175396;2.8150326492749;-6.0781695760482;4.79377709969811e-07;4.02543318531536e-06;5.93825752661623
82041;3453154;U2AF2;P26368;Splicing factor U2AF 65 kDa subunit (hU2AF(65)) (hU2AF65);;Nuclear speckles (Supported), Nucleoplasm (Supported);chromatin (annotations_grade_2), nuclear_punctae (annotations_grade_3);Nuclear RNA binding proteins, RNA processing;RNA processing;"Alabert et al., 2014; Alvarez et al., 2023; Ginno et al., 2018; Kustatscher et al., 2014; Shi et al., 2021; Torrente et al., 2011";330.0;"RRM_1(RNA recognition motif. (a.k.a. RRM, RBD, or RNP domain),PF00076);RRM_1(RNA recognition motif. (a.k.a. RRM, RBD, or RNP domain),PF00076);RRM_1(RNA recognition motif. (a.k.a. RRM, RBD, or RNP domain),PF00076)";475;"SF1-U2AF65 splicing factor complex,CPX-1074,ECO:0000353(physical interaction evidence used in manual assertion);U2 small nuclear ribonucleoprotein auxiliary factor complex,CPX-1921,ECO:0000353(physical interaction evidence used in manual assertion)";RP08842466;EPB41L4A-AS1;lncRNA;Homo sapiens;RBP;Homo sapiens;NCBI:114915;NCBI:11338;0.4289;CLIP;eCLIP//iCLIP//CLIP-seq;;285;ENSG00000224032;-2.55110776467953;0.623872226190378;-8.55111286415612;2.57565840171701e-10;5.081461628800851e-09;13.4163564845539
82053;3453364;U2AF2;P26368;Splicing factor U2AF 65 kDa subunit (hU2AF(65)) (hU2AF65);;Nuclear speckles (Supported), Nucleoplasm (Supported);chromatin (annotations_grade_2), nuclear_punctae (annotations_grade_3);Nuclear RNA binding proteins, RNA processing;RNA processing;"Alabert et al., 2014; Alvarez et al., 2023; Ginno et al., 2018; Kustatscher et al., 2014; Shi et al., 2021; Torrente et al., 2011";330.0;"RRM_1(RNA recognition motif. (a.k.a. RRM, RBD, or RNP domain),PF00076);RRM_1(RNA recognition motif. (a.k.a. RRM, RBD, or RNP domain),PF00076);RRM_1(RNA recognition motif. (a.k.a. RRM, RBD, or RNP domain),PF00076)";475;"SF1-U2AF65 splicing factor complex,CPX-1074,ECO:0000353(physical interaction evidence used in manual assertion);U2 small nuclear ribonucleoprotein auxiliary factor complex,CPX-1921,ECO:0000353(physical interaction evidence used in manual assertion)";RP08841773;IQCH-AS1;lncRNA;Homo sapiens;RBP;Homo sapiens;NCBI:100506686;NCBI:11338;0.346;CLIP;eCLIP//iCLIP//CLIP-seq;Scan pipeline widely used MATCH algorithm;2357;ENSG00000259673;-2.36524264156248;-0.0326418860202442;-8.03552475053475;1.1805743112048e-09;2.01897403546284e-08;11.9017115063395
82054;3453374;U2AF2;P26368;Splicing factor U2AF 65 kDa subunit (hU2AF(65)) (hU2AF65);;Nuclear speckles (Supported), Nucleoplasm (Supported);chromatin (annotations_grade_2), nuclear_punctae (annotations_grade_3);Nuclear RNA binding proteins, RNA processing;RNA processing;"Alabert et al., 2014; Alvarez et al., 2023; Ginno et al., 2018; Kustatscher et al., 2014; Shi et al., 2021; Torrente et al., 2011";330.0;"RRM_1(RNA recognition motif. (a.k.a. RRM, RBD, or RNP domain),PF00076);RRM_1(RNA recognition motif. (a.k.a. RRM, RBD, or RNP domain),PF00076);RRM_1(RNA recognition motif. (a.k.a. RRM, RBD, or RNP domain),PF00076)";475;"SF1-U2AF65 splicing factor complex,CPX-1074,ECO:0000353(physical interaction evidence used in manual assertion);U2 small nuclear ribonucleoprotein auxiliary factor complex,CPX-1921,ECO:0000353(physical interaction evidence used in manual assertion)";RP08842758;JPX;lncRNA;Homo sapiens;RBP;Homo sapiens;NCBI:554203;NCBI:11338;0.4407;CLIP;eCLIP//HITS-CLIP//CLIP-seq//iCLIP;Scan pipeline widely used MATCH algorithm;374;ENSG00000225470;-1.81667140678558;3.58380683530008;-7.33868036440905;9.67227303315251e-09;1.24819793406358e-07;9.810288704289
82058;3453463;U2AF2;P26368;Splicing factor U2AF 65 kDa subunit (hU2AF(65)) (hU2AF65);;Nuclear speckles (Supported), Nucleoplasm (Supported);chromatin (annotations_grade_2), nuclear_punctae (annotations_grade_3);Nuclear RNA binding proteins, RNA processing;RNA processing;"Alabert et al., 2014; Alvarez et al., 2023; Ginno et al., 2018; Kustatscher et al., 2014; Shi et al., 2021; Torrente et al., 2011";330.0;"RRM_1(RNA recognition motif. (a.k.a. RRM, RBD, or RNP domain),PF00076);RRM_1(RNA recognition motif. (a.k.a. RRM, RBD, or RNP domain),PF00076);RRM_1(RNA recognition motif. (a.k.a. RRM, RBD, or RNP domain),PF00076)";475;"SF1-U2AF65 splicing factor complex,CPX-1074,ECO:0000353(physical interaction evidence used in manual assertion);U2 small nuclear ribonucleoprotein auxiliary factor complex,CPX-1921,ECO:0000353(physical interaction evidence used in manual assertion)";RP08843236;LINC00663;lncRNA;Homo sapiens;RBP;Homo sapiens;NCBI:284440;NCBI:11338;0.373;CLIP;eCLIP//iCLIP;;2849;ENSG00000266904;-2.2313825534385;0.177789980721914;-7.36614196503185;8.8949436262262e-09;1.15496999492388e-07;9.89355661048934
82059;3453464;U2AF2;P26368;Splicing factor U2AF 65 kDa subunit (hU2AF(65)) (hU2AF65);;Nuclear speckles (Supported), Nucleoplasm (Supported);chromatin (annotations_grade_2), nuclear_punctae (annotations_grade_3);Nuclear RNA binding proteins, RNA processing;RNA processing;"Alabert et al., 2014; Alvarez et al., 2023; Ginno et al., 2018; Kustatscher et al., 2014; Shi et al., 2021; Torrente et al., 2011";330.0;"RRM_1(RNA recognition motif. (a.k.a. RRM, RBD, or RNP domain),PF00076);RRM_1(RNA recognition motif. (a.k.a. RRM, RBD, or RNP domain),PF00076);RRM_1(RNA recognition motif. (a.k.a. RRM, RBD, or RNP domain),PF00076)";475;"SF1-U2AF65 splicing factor complex,CPX-1074,ECO:0000353(physical interaction evidence used in manual assertion);U2 small nuclear ribonucleoprotein auxiliary factor complex,CPX-1921,ECO:0000353(physical interaction evidence used in manual assertion)";RP08842145;LINC00665;lncRNA;Homo sapiens;RBP;Homo sapiens;NCBI:100506930;NCBI:11338;0.2985;CLIP;eCLIP//iCLIP//CLIP-seq;Scan pipeline widely used MATCH algorithm;946;ENSG00000232677;-2.48408296009301;0.195874356526333;-6.26477681548624;2.67587339187264e-07;2.41859696100483e-06;6.51542954889168
82061;3453483;U2AF2;P26368;Splicing factor U2AF 65 kDa subunit (hU2AF(65)) (hU2AF65);;Nuclear speckles (Supported), Nucleoplasm (Supported);chromatin (annotations_grade_2), nuclear_punctae (annotations_grade_3);Nuclear RNA binding proteins, RNA processing;RNA processing;"Alabert et al., 2014; Alvarez et al., 2023; Ginno et al., 2018; Kustatscher et al., 2014; Shi et al., 2021; Torrente et al., 2011";330.0;"RRM_1(RNA recognition motif. (a.k.a. RRM, RBD, or RNP domain),PF00076);RRM_1(RNA recognition motif. (a.k.a. RRM, RBD, or RNP domain),PF00076);RRM_1(RNA recognition motif. (a.k.a. RRM, RBD, or RNP domain),PF00076)";475;"SF1-U2AF65 splicing factor complex,CPX-1074,ECO:0000353(physical interaction evidence used in manual assertion);U2 small nuclear ribonucleoprotein auxiliary factor complex,CPX-1921,ECO:0000353(physical interaction evidence used in manual assertion)";RP08841764;LINC00926;lncRNA;Homo sapiens;RBP;Homo sapiens;NCBI:283663;NCBI:11338;0.414;CLIP;eCLIP//iCLIP;Scan pipeline widely used MATCH algorithm;1524;ENSG00000247982;-2.91105104767217;3.27604843264759;-7.78213923254109;2.5220837406324e-09;3.84274426400029e-08;11.1466953497868
82067;3453443;U2AF2;P26368;Splicing factor U2AF 65 kDa subunit (hU2AF(65)) (hU2AF65);;Nuclear speckles (Supported), Nucleoplasm (Supported);chromatin (annotations_grade_2), nuclear_punctae (annotations_grade_3);Nuclear RNA binding proteins, RNA processing;RNA processing;"Alabert et al., 2014; Alvarez et al., 2023; Ginno et al., 2018; Kustatscher et al., 2014; Shi et al., 2021; Torrente et al., 2011";330.0;"RRM_1(RNA recognition motif. (a.k.a. RRM, RBD, or RNP domain),PF00076);RRM_1(RNA recognition motif. (a.k.a. RRM, RBD, or RNP domain),PF00076);RRM_1(RNA recognition motif. (a.k.a. RRM, RBD, or RNP domain),PF00076)";475;"SF1-U2AF65 splicing factor complex,CPX-1074,ECO:0000353(physical interaction evidence used in manual assertion);U2 small nuclear ribonucleoprotein auxiliary factor complex,CPX-1921,ECO:0000353(physical interaction evidence used in manual assertion)";RP08842377;LINC00342;lncRNA;Homo sapiens;RBP;Homo sapiens;NCBI:150759;NCBI:11338;0.397;CLIP;eCLIP//HITS-CLIP//CLIP-seq//iCLIP;;965;ENSG00000232931;-3.15862046732178;1.89904799408693;-11.7521362339866;4.2692296968487704e-14;4.8542295499034494e-12;22.0614504489394
82267;30676;AQR;O60306;RNA helicase aquarius;Nucleoplasm (ECO:0000269), Nucleus (ECO:0000269);Nucleoplasm (Enhanced);;Nuclear RNA binding proteins, RNA processing;RNA processing;"Alabert et al., 2014; Alvarez et al., 2023; Kustatscher et al., 2014; Shi et al., 2021; Torrente et al., 2011; Ugur et al., 2023";16.9;"AAA_11(AAA domain,PF13086);AAA_12(AAA domain,PF13087);Aquarius_N_1st(Intron-binding protein aquarius N-terminus,PF16399);Aquarius_N_3rd(PF21144);Aquarius_N_2nd(PF21143)";1485;Intron-binding complex ,CPX-8065,ECO:0000353(physical interaction evidence used in manual assertion);RP09949099;MALAT1;lncRNA;Homo sapiens;protein;Homo sapiens;NCBI:378938;NCBI:9716;0.3157;RT-PCR//Filter trap assay//Western blot//FISH//ICC;;catRAPID;1786;ENSG00000251562;-2.69192848146394;10.8069205658514;-9.99570573098169;4.30182645492996e-12;1.65306630339579e-10;17.4859517032396
82316;2567009;RBFOX2;O43251;RNA binding protein fox-1 homolog 2;Cytoplasm (ECO:0000250);Nucleoplasm (Supported);;Nuclear RNA binding proteins, RNA processing;RNA processing;"Alvarez et al., 2023; Ginno et al., 2018; Itzhak et al., 2016; Ugur et al., 2023";19.0;"RRM_1(RNA recognition motif. (a.k.a. RRM, RBD, or RNP domain),PF00076);Fox-1_C(Calcitonin gene-related peptide regulator C terminal,PF12414)";390;;RP08635918;SNHG15;lncRNA;Homo sapiens;RBP;Homo sapiens;NCBI:285958;NCBI:23543;0.4485;CLIP;eCLIP//iCLIP;;966;ENSG00000232956;-2.77917597283892;1.81941702980103;-9.99049401552001;4.36370990206709e-12;1.65388536558525e-10;17.4717593121349
82318;2567004;RBFOX2;O43251;RNA binding protein fox-1 homolog 2;Cytoplasm (ECO:0000250);Nucleoplasm (Supported);;Nuclear RNA binding proteins, RNA processing;RNA processing;"Alvarez et al., 2023; Ginno et al., 2018; Itzhak et al., 2016; Ugur et al., 2023";19.0;"RRM_1(RNA recognition motif. (a.k.a. RRM, RBD, or RNP domain),PF00076);Fox-1_C(Calcitonin gene-related peptide regulator C terminal,PF12414)";390;;RP33661236;SNHG1;lncRNA;Homo sapiens;RBP;Homo sapiens;NCBI:23642;NCBI:23543;0.4485;CLIP;eCLIP//iCLIP;;2023;ENSG00000255717;-3.1343954975797;3.5255615293517;-12.1724795306288;1.50067688859263e-14;2.52533906812367e-12;23.0956312855758
82320;2567010;RBFOX2;O43251;RNA binding protein fox-1 homolog 2;Cytoplasm (ECO:0000250);Nucleoplasm (Supported);;Nuclear RNA binding proteins, RNA processing;RNA processing;"Alvarez et al., 2023; Ginno et al., 2018; Itzhak et al., 2016; Ugur et al., 2023";19.0;"RRM_1(RNA recognition motif. (a.k.a. RRM, RBD, or RNP domain),PF00076);Fox-1_C(Calcitonin gene-related peptide regulator C terminal,PF12414)";390;;RP33616276;SNHG16;lncRNA;Homo sapiens;RBP;Homo sapiens;NCBI:100507246;NCBI:23543;0.4485;CLIP;eCLIP//iCLIP;;17;ENSG00000163597;-1.76574685009836;3.88332039022155;-7.2253013716623;1.36790691052561e-08;1.73860555062877e-07;9.46585361999884
82321;2567011;RBFOX2;O43251;RNA binding protein fox-1 homolog 2;Cytoplasm (ECO:0000250);Nucleoplasm (Supported);;Nuclear RNA binding proteins, RNA processing;RNA processing;"Alvarez et al., 2023; Ginno et al., 2018; Itzhak et al., 2016; Ugur et al., 2023";19.0;"RRM_1(RNA recognition motif. (a.k.a. RRM, RBD, or RNP domain),PF00076);Fox-1_C(Calcitonin gene-related peptide regulator C terminal,PF12414)";390;;RP08636002;SNHG17;lncRNA;Homo sapiens;RBP;Homo sapiens;NCBI:388796;NCBI:23543;0.3788;CLIP;eCLIP;Scan pipeline widely used MATCH algorithm;95;ENSG00000196756;-2.91593577289014;2.76693240053218;-11.8719733234314;3.16171674568078e-14;4.15666948408721e-12;22.3586429297008
82324;2567015;RBFOX2;O43251;RNA binding protein fox-1 homolog 2;Cytoplasm (ECO:0000250);Nucleoplasm (Supported);;Nuclear RNA binding proteins, RNA processing;RNA processing;"Alvarez et al., 2023; Ginno et al., 2018; Itzhak et al., 2016; Ugur et al., 2023";19.0;"RRM_1(RNA recognition motif. (a.k.a. RRM, RBD, or RNP domain),PF00076);Fox-1_C(Calcitonin gene-related peptide regulator C terminal,PF12414)";390;;RP08635835;SNHG3;lncRNA;Homo sapiens;RBP;Homo sapiens;NCBI:8420;NCBI:23543;0.4485;CLIP;eCLIP//iCLIP;;1404;ENSG00000242125;-1.66215020983997;3.80442253035105;-6.53607722997152;1.14898325278424e-07;1.11634469849037e-06;7.35322044661673
82326;2567017;RBFOX2;O43251;RNA binding protein fox-1 homolog 2;Cytoplasm (ECO:0000250);Nucleoplasm (Supported);;Nuclear RNA binding proteins, RNA processing;RNA processing;"Alvarez et al., 2023; Ginno et al., 2018; Itzhak et al., 2016; Ugur et al., 2023";19.0;"RRM_1(RNA recognition motif. (a.k.a. RRM, RBD, or RNP domain),PF00076);Fox-1_C(Calcitonin gene-related peptide regulator C terminal,PF12414)";390;;RP33594388;SNHG5;lncRNA;Homo sapiens;RBP;Homo sapiens;NCBI:387066;NCBI:23543;0.4485;CLIP;eCLIP//iCLIP;;132;ENSG00000203875;-2.79357818092896;3.17229546572489;-7.92087451041262;1.6629897857665301e-09;2.70123476012347e-08;11.5609108469976
82327;2567018;RBFOX2;O43251;RNA binding protein fox-1 homolog 2;Cytoplasm (ECO:0000250);Nucleoplasm (Supported);;Nuclear RNA binding proteins, RNA processing;RNA processing;"Alvarez et al., 2023; Ginno et al., 2018; Itzhak et al., 2016; Ugur et al., 2023";19.0;"RRM_1(RNA recognition motif. (a.k.a. RRM, RBD, or RNP domain),PF00076);Fox-1_C(Calcitonin gene-related peptide regulator C terminal,PF12414)";390;;RP08636073;SNHG6;lncRNA;Homo sapiens;RBP;Homo sapiens;NCBI:641638;NCBI:23543;0.3534;CLIP;eCLIP;;1482;ENSG00000245910;-3.02030504081192;2.13635252691397;-9.00111087542265;6.998606051362839e-11;1.6448679138594102e-09;14.7126214928218
82328;2567020;RBFOX2;O43251;RNA binding protein fox-1 homolog 2;Cytoplasm (ECO:0000250);Nucleoplasm (Supported);;Nuclear RNA binding proteins, RNA processing;RNA processing;"Alvarez et al., 2023; Ginno et al., 2018; Itzhak et al., 2016; Ugur et al., 2023";19.0;"RRM_1(RNA recognition motif. (a.k.a. RRM, RBD, or RNP domain),PF00076);Fox-1_C(Calcitonin gene-related peptide regulator C terminal,PF12414)";390;;RP36083619;SNHG8;lncRNA;Homo sapiens;protein;Homo sapiens;NCBI:100093630;NCBI:23543;0.3534;CLIP;eCLIP;;3070;ENSG00000269893;-2.44848407009223;2.11062542825147;-6.44138973928252;1.54274347761572e-07;1.46178419151562e-06;7.06107593248584
82329;2567021;RBFOX2;O43251;RNA binding protein fox-1 homolog 2;Cytoplasm (ECO:0000250);Nucleoplasm (Supported);;Nuclear RNA binding proteins, RNA processing;RNA processing;"Alvarez et al., 2023; Ginno et al., 2018; Itzhak et al., 2016; Ugur et al., 2023";19.0;"RRM_1(RNA recognition motif. (a.k.a. RRM, RBD, or RNP domain),PF00076);Fox-1_C(Calcitonin gene-related peptide regulator C terminal,PF12414)";390;;RP36083687;SNHG9;lncRNA;Homo sapiens;protein;Homo sapiens;NCBI:735301;NCBI:23543;0.3534;CLIP;eCLIP;;1977;ENSG00000255198;-2.03571474450123;-0.289522954780004;-5.33342680330677;4.92258354067927e-06;3.1366149881224e-05;3.63934942224914
82330;2566692;RBFOX2;O43251;RNA binding protein fox-1 homolog 2;Cytoplasm (ECO:0000250);Nucleoplasm (Supported);;Nuclear RNA binding proteins, RNA processing;RNA processing;"Alvarez et al., 2023; Ginno et al., 2018; Itzhak et al., 2016; Ugur et al., 2023";19.0;"RRM_1(RNA recognition motif. (a.k.a. RRM, RBD, or RNP domain),PF00076);Fox-1_C(Calcitonin gene-related peptide regulator C terminal,PF12414)";390;;RP08635922;MALAT1;lncRNA;Homo sapiens;RBP;Homo sapiens;NCBI:378938;NCBI:23543;0.4485;CLIP;eCLIP//iCLIP;;1786;ENSG00000251562;-2.69192848146394;10.8069205658514;-9.99570573098169;4.30182645492996e-12;1.65306630339579e-10;17.4859517032396
82333;2566708;RBFOX2;O43251;RNA binding protein fox-1 homolog 2;Cytoplasm (ECO:0000250);Nucleoplasm (Supported);;Nuclear RNA binding proteins, RNA processing;RNA processing;"Alvarez et al., 2023; Ginno et al., 2018; Itzhak et al., 2016; Ugur et al., 2023";19.0;"RRM_1(RNA recognition motif. (a.k.a. RRM, RBD, or RNP domain),PF00076);Fox-1_C(Calcitonin gene-related peptide regulator C terminal,PF12414)";390;;RP08635941;MIR17HG;lncRNA;Homo sapiens;RBP;Homo sapiens;NCBI:407975;NCBI:23543;0.3534;CLIP;eCLIP;;215;ENSG00000215417;-1.84534139091266;0.99398029655203;-5.74834557141758;1.34549165469835e-06;9.96563977344356e-06;4.91812246599078
82334;2566615;RBFOX2;O43251;RNA binding protein fox-1 homolog 2;Cytoplasm (ECO:0000250);Nucleoplasm (Supported);;Nuclear RNA binding proteins, RNA processing;RNA processing;"Alvarez et al., 2023; Ginno et al., 2018; Itzhak et al., 2016; Ugur et al., 2023";19.0;"RRM_1(RNA recognition motif. (a.k.a. RRM, RBD, or RNP domain),PF00076);Fox-1_C(Calcitonin gene-related peptide regulator C terminal,PF12414)";390;;RP35306834;LINC00877;lncRNA;Homo sapiens;protein;Homo sapiens;NCBI:285286;NCBI:23543;0.2318;CLIP;;;1376;ENSG00000241163;-1.69840444479095;2.86984243406203;-4.54358670988472;5.65290056053386e-05;0.0002874847048975;1.24722906378739
82335;2566608;RBFOX2;O43251;RNA binding protein fox-1 homolog 2;Cytoplasm (ECO:0000250);Nucleoplasm (Supported);;Nuclear RNA binding proteins, RNA processing;RNA processing;"Alvarez et al., 2023; Ginno et al., 2018; Itzhak et al., 2016; Ugur et al., 2023";19.0;"RRM_1(RNA recognition motif. (a.k.a. RRM, RBD, or RNP domain),PF00076);Fox-1_C(Calcitonin gene-related peptide regulator C terminal,PF12414)";390;;RP33717426;LINC00665;lncRNA;Homo sapiens;RBP;Homo sapiens;NCBI:100506930;NCBI:23543;0.4115;CLIP;eCLIP//iCLIP;Scan pipeline widely used MATCH algorithm;946;ENSG00000232677;-2.48408296009301;0.195874356526333;-6.26477681548624;2.67587339187264e-07;2.41859696100483e-06;6.51542954889168
82337;2566625;RBFOX2;O43251;RNA binding protein fox-1 homolog 2;Cytoplasm (ECO:0000250);Nucleoplasm (Supported);;Nuclear RNA binding proteins, RNA processing;RNA processing;"Alvarez et al., 2023; Ginno et al., 2018; Itzhak et al., 2016; Ugur et al., 2023";19.0;"RRM_1(RNA recognition motif. (a.k.a. RRM, RBD, or RNP domain),PF00076);Fox-1_C(Calcitonin gene-related peptide regulator C terminal,PF12414)";390;;RP35309582;LINC00987;lncRNA;Homo sapiens;protein;Homo sapiens;NCBI:100499405;NCBI:23543;0.2318;CLIP;;;1261;ENSG00000237248;-3.46282475448961;0.310305584508075;-11.1419924664087;2.0260924607418999e-13;1.465894067114e-11;20.5188563952457
82338;2566600;RBFOX2;O43251;RNA binding protein fox-1 homolog 2;Cytoplasm (ECO:0000250);Nucleoplasm (Supported);;Nuclear RNA binding proteins, RNA processing;RNA processing;"Alvarez et al., 2023; Ginno et al., 2018; Itzhak et al., 2016; Ugur et al., 2023";19.0;"RRM_1(RNA recognition motif. (a.k.a. RRM, RBD, or RNP domain),PF00076);Fox-1_C(Calcitonin gene-related peptide regulator C terminal,PF12414)";390;;RP33653986;LINC00641;lncRNA;Homo sapiens;RBP;Homo sapiens;NCBI:283624;NCBI:23543;0.3948;CLIP;eCLIP//iCLIP;;2187;ENSG00000258441;-2.4314494810184;2.79613644294889;-10.5793296873087;8.88690222059781e-13;4.58356201260104e-11;19.0522092280278
82341;2566606;RBFOX2;O43251;RNA binding protein fox-1 homolog 2;Cytoplasm (ECO:0000250);Nucleoplasm (Supported);;Nuclear RNA binding proteins, RNA processing;RNA processing;"Alvarez et al., 2023; Ginno et al., 2018; Itzhak et al., 2016; Ugur et al., 2023";19.0;"RRM_1(RNA recognition motif. (a.k.a. RRM, RBD, or RNP domain),PF00076);Fox-1_C(Calcitonin gene-related peptide regulator C terminal,PF12414)";390;;RP35304366;LINC00663;lncRNA;Homo sapiens;protein;Homo sapiens;NCBI:284440;NCBI:23543;0.2318;CLIP;;;2849;ENSG00000266904;-2.2313825534385;0.177789980721914;-7.36614196503185;8.8949436262262e-09;1.15496999492388e-07;9.89355661048934
82342;2566607;RBFOX2;O43251;RNA binding protein fox-1 homolog 2;Cytoplasm (ECO:0000250);Nucleoplasm (Supported);;Nuclear RNA binding proteins, RNA processing;RNA processing;"Alvarez et al., 2023; Ginno et al., 2018; Itzhak et al., 2016; Ugur et al., 2023";19.0;"RRM_1(RNA recognition motif. (a.k.a. RRM, RBD, or RNP domain),PF00076);Fox-1_C(Calcitonin gene-related peptide regulator C terminal,PF12414)";390;;RP33609823;LINC00664;lncRNA;Homo sapiens;RBP;Homo sapiens;NCBI:400680;NCBI:23543;0.3375;CLIP;iCLIP;;3025;ENSG00000268658;-1.69033152220746;-1.35968632838524;-4.01011472894051;0.0002806609498888;0.0012048373634516;-0.307957581748415
82352;2566838;RBFOX2;O43251;RNA binding protein fox-1 homolog 2;Cytoplasm (ECO:0000250);Nucleoplasm (Supported);;Nuclear RNA binding proteins, RNA processing;RNA processing;"Alvarez et al., 2023; Ginno et al., 2018; Itzhak et al., 2016; Ugur et al., 2023";19.0;"RRM_1(RNA recognition motif. (a.k.a. RRM, RBD, or RNP domain),PF00076);Fox-1_C(Calcitonin gene-related peptide regulator C terminal,PF12414)";390;;RP08636035;PVT1;lncRNA;Homo sapiens;RBP;Homo sapiens;NCBI:5820;NCBI:23543;0.3534;CLIP;eCLIP;;1653;ENSG00000249859;-2.94835528412177;3.44033601704875;-13.2423529425615;1.1556977876688e-15;4.42001872065694e-13;25.6256393463927
82353;2566847;RBFOX2;O43251;RNA binding protein fox-1 homolog 2;Cytoplasm (ECO:0000250);Nucleoplasm (Supported);;Nuclear RNA binding proteins, RNA processing;RNA processing;"Alvarez et al., 2023; Ginno et al., 2018; Itzhak et al., 2016; Ugur et al., 2023";19.0;"RRM_1(RNA recognition motif. (a.k.a. RRM, RBD, or RNP domain),PF00076);Fox-1_C(Calcitonin gene-related peptide regulator C terminal,PF12414)";390;;RP33651647;RBFADN;lncRNA;Homo sapiens;RBP;Homo sapiens;NCBI:100506070;NCBI:23543;0.4104;CLIP;eCLIP//iCLIP;;2585;ENSG00000261126;-1.55643035769149;-1.35961443816084;-5.25638895086853;6.25906465106392e-06;3.89524925843579e-05;3.4030320245472
82372;2567173;RBFOX2;O43251;RNA binding protein fox-1 homolog 2;Cytoplasm (ECO:0000250);Nucleoplasm (Supported);;Nuclear RNA binding proteins, RNA processing;RNA processing;"Alvarez et al., 2023; Ginno et al., 2018; Itzhak et al., 2016; Ugur et al., 2023";19.0;"RRM_1(RNA recognition motif. (a.k.a. RRM, RBD, or RNP domain),PF00076);Fox-1_C(Calcitonin gene-related peptide regulator C terminal,PF12414)";390;;RP08635976;SRP14-AS1;lncRNA;Homo sapiens;RBP;Homo sapiens;NCBI:100131089;NCBI:23543;0.3534;CLIP;eCLIP;;1556;ENSG00000248508;-2.19894713477944;0.563780192006873;-7.86439606590049;1.9697654311136e-09;3.13894059420262e-08;11.3925225023124
82422;2566438;RBFOX2;O43251;RNA binding protein fox-1 homolog 2;Cytoplasm (ECO:0000250);Nucleoplasm (Supported);;Nuclear RNA binding proteins, RNA processing;RNA processing;"Alvarez et al., 2023; Ginno et al., 2018; Itzhak et al., 2016; Ugur et al., 2023";19.0;"RRM_1(RNA recognition motif. (a.k.a. RRM, RBD, or RNP domain),PF00076);Fox-1_C(Calcitonin gene-related peptide regulator C terminal,PF12414)";390;;RP34730149;DISC1FP1;lncRNA;Homo sapiens;protein;Homo sapiens;NCBI:101929222;NCBI:23543;0.3534;CLIP;eCLIP;;2642;ENSG00000261645;-1.57960787827338;-2.09187619416356;-5.74915221319155;1.34209915776998e-06;9.95804436814516e-06;4.92061532040349
82423;2566429;RBFOX2;O43251;RNA binding protein fox-1 homolog 2;Cytoplasm (ECO:0000250);Nucleoplasm (Supported);;Nuclear RNA binding proteins, RNA processing;RNA processing;"Alvarez et al., 2023; Ginno et al., 2018; Itzhak et al., 2016; Ugur et al., 2023";19.0;"RRM_1(RNA recognition motif. (a.k.a. RRM, RBD, or RNP domain),PF00076);Fox-1_C(Calcitonin gene-related peptide regulator C terminal,PF12414)";390;;RP34710070;DANCR;lncRNA;Homo sapiens;protein;Homo sapiens;NCBI:57291;NCBI:23543;0.3534;CLIP;eCLIP;;493;ENSG00000226950;-1.97490458175396;2.8150326492749;-6.0781695760482;4.79377709969811e-07;4.02543318531536e-06;5.93825752661623
82426;2566548;RBFOX2;O43251;RNA binding protein fox-1 homolog 2;Cytoplasm (ECO:0000250);Nucleoplasm (Supported);;Nuclear RNA binding proteins, RNA processing;RNA processing;"Alvarez et al., 2023; Ginno et al., 2018; Itzhak et al., 2016; Ugur et al., 2023";19.0;"RRM_1(RNA recognition motif. (a.k.a. RRM, RBD, or RNP domain),PF00076);Fox-1_C(Calcitonin gene-related peptide regulator C terminal,PF12414)";390;;RP08636133;JPX;lncRNA;Homo sapiens;RBP;Homo sapiens;NCBI:554203;NCBI:23543;0.4104;CLIP;eCLIP//iCLIP;;374;ENSG00000225470;-1.81667140678558;3.58380683530008;-7.33868036440905;9.67227303315251e-09;1.24819793406358e-07;9.810288704289
82429;2566583;RBFOX2;O43251;RNA binding protein fox-1 homolog 2;Cytoplasm (ECO:0000250);Nucleoplasm (Supported);;Nuclear RNA binding proteins, RNA processing;RNA processing;"Alvarez et al., 2023; Ginno et al., 2018; Itzhak et al., 2016; Ugur et al., 2023";19.0;"RRM_1(RNA recognition motif. (a.k.a. RRM, RBD, or RNP domain),PF00076);Fox-1_C(Calcitonin gene-related peptide regulator C terminal,PF12414)";390;;RP35296714;LINC00304;lncRNA;Homo sapiens;protein;Homo sapiens;NCBI:283860;NCBI:23543;0.2318;CLIP;;;58;ENSG00000180422;-3.06674518179041;-0.818802421766533;-9.46647314587236;1.8679337442409397e-11;5.653523210087501e-10;16.0263356520216
82435;2566461;RBFOX2;O43251;RNA binding protein fox-1 homolog 2;Cytoplasm (ECO:0000250);Nucleoplasm (Supported);;Nuclear RNA binding proteins, RNA processing;RNA processing;"Alvarez et al., 2023; Ginno et al., 2018; Itzhak et al., 2016; Ugur et al., 2023";19.0;"RRM_1(RNA recognition motif. (a.k.a. RRM, RBD, or RNP domain),PF00076);Fox-1_C(Calcitonin gene-related peptide regulator C terminal,PF12414)";390;;RP34814105;EPB41L4A-AS1;lncRNA;Homo sapiens;protein;Homo sapiens;NCBI:114915;NCBI:23543;0.3534;CLIP;eCLIP;;285;ENSG00000224032;-2.55110776467953;0.623872226190378;-8.55111286415612;2.57565840171701e-10;5.081461628800851e-09;13.4163564845539
82437;2566493;RBFOX2;O43251;RNA binding protein fox-1 homolog 2;Cytoplasm (ECO:0000250);Nucleoplasm (Supported);;Nuclear RNA binding proteins, RNA processing;RNA processing;"Alvarez et al., 2023; Ginno et al., 2018; Itzhak et al., 2016; Ugur et al., 2023";19.0;"RRM_1(RNA recognition motif. (a.k.a. RRM, RBD, or RNP domain),PF00076);Fox-1_C(Calcitonin gene-related peptide regulator C terminal,PF12414)";390;;RP08635938;GAS5;lncRNA;Homo sapiens;RBP;Homo sapiens;NCBI:60674;NCBI:23543;0.3788;CLIP;eCLIP;Scan pipeline widely used MATCH algorithm;1098;ENSG00000234741;-2.56041864444156;3.87237361491495;-7.93865419283863;1.5767911812111202e-09;2.58115194527439e-08;11.6138519668715
82460;2658681;RNPS1;Q15287;RNA-binding protein with serine-rich domain 1;;Nucleoplasm (Supported);;Nuclear RNA binding proteins, RNA processing;RNA processing;"Alabert et al., 2014; Ginno et al., 2018; Kustatscher et al., 2014; Shi et al., 2021; Torrente et al., 2011; Ugur et al., 2023";89.0;RRM_1(RNA recognition motif. (a.k.a. RRM, RBD, or RNP domain),PF00076);305;"ASAP splicing-associated complex,CPX-2256,ECO:0000353(physical interaction evidence used in manual assertion);PSAP splicing-associated complex,CPX-2257,ECO:0000353(physical interaction evidence used in manual assertion)";RP10400026;MALAT1;lncRNA;Homo sapiens;protein;Homo sapiens;NCBI:378938;NCBI:10921;0.2484;RT-PCR//Filter trap assay//Western blot//FISH//ICC;;;1786;ENSG00000251562;-2.69192848146394;10.8069205658514;-9.99570573098169;4.30182645492996e-12;1.65306630339579e-10;17.4859517032396
82490;2713102;SF1;Q15637;Splicing factor 1 (BBP) (mBBP);;Nucleoplasm (Supported);;Nuclear RNA binding proteins, RNA processing;RNA processing;"Alabert et al., 2014; Alvarez et al., 2023; Ginno et al., 2018; Kustatscher et al., 2014; Shi et al., 2021; Torrente et al., 2011; Ugur et al., 2023";235.0;"SF1-HH(Splicing factor 1 helix-hairpin domain,PF16275);KH_1_3(PF22675);zf-CCHC(Zinc knuckle,PF00098)";639;SF1-U2AF65 splicing factor complex,CPX-1074,ECO:0000353(physical interaction evidence used in manual assertion);RP36083392;SNHG5;lncRNA;Homo sapiens;protein;Homo sapiens;NCBI:387066;NCBI:7536;0.2531;CLIP;;;132;ENSG00000203875;-2.79357818092896;3.17229546572489;-7.92087451041262;1.6629897857665301e-09;2.70123476012347e-08;11.5609108469976
82683;3136;ACIN1;Q9UKV3;Apoptotic chromatin condensation inducer in the nucleus (Acinus);;Nucleoplasm (Supported);;Nuclear RNA binding proteins, RNA processing;RNA processing;"Alabert et al., 2014; Alvarez et al., 2023; Ginno et al., 2018; Itzhak et al., 2016; Kustatscher et al., 2014; Shi et al., 2021; Torrente et al., 2011; Ugur et al., 2023";118.0;SAP(SAP domain,PF02037);1341;ASAP splicing-associated complex,CPX-2256,ECO:0000353(physical interaction evidence used in manual assertion);RP33675589;SNHG3;lncRNA;Homo sapiens;RBP;Homo sapiens;NCBI:8420;NCBI:22985;0.2083;CLIP;iCLIP;;1404;ENSG00000242125;-1.66215020983997;3.80442253035105;-6.53607722997152;1.14898325278424e-07;1.11634469849037e-06;7.35322044661673
82684;3134;ACIN1;Q9UKV3;Apoptotic chromatin condensation inducer in the nucleus (Acinus);;Nucleoplasm (Supported);;Nuclear RNA binding proteins, RNA processing;RNA processing;"Alabert et al., 2014; Alvarez et al., 2023; Ginno et al., 2018; Itzhak et al., 2016; Kustatscher et al., 2014; Shi et al., 2021; Torrente et al., 2011; Ugur et al., 2023";118.0;SAP(SAP domain,PF02037);1341;ASAP splicing-associated complex,CPX-2256,ECO:0000353(physical interaction evidence used in manual assertion);RP33708181;SNHG16;lncRNA;Homo sapiens;RBP;Homo sapiens;NCBI:100507246;NCBI:22985;0.2083;CLIP;iCLIP;;17;ENSG00000163597;-1.76574685009836;3.88332039022155;-7.2253013716623;1.36790691052561e-08;1.73860555062877e-07;9.46585361999884
82783;3524451;YBX1;P67809;Y-box-binding protein 1 (YB-1) (CBF-A) (DBPB) (EFI-A);Cytoplasm (ECO:0000269), Cytoplasmic granule (ECO:0000269), Extracellular exosome (ECO:0000269), Nucleus (ECO:0000269), Secreted (ECO:0000269);Cytosol (Supported), Endoplasmic reticulum (Approved), Vesicles (Approved);;Nuclear RNA binding proteins, RNA processing;RNA processing;"Alabert et al., 2014; Alvarez et al., 2023; Ginno et al., 2018; Shi et al., 2021; Torrente et al., 2011";542.0;CSD('Cold-shock' DNA-binding domain,PF00313);324;CRD-mediated mRNA stability complex,CPX-1080,ECO:0000353(physical interaction evidence used in manual assertion);RP07519882;GAS5;lncRNA;Homo sapiens;TF;Homo sapiens;NCBI:60674;NCBI:4904;0.4341;qRT-PCR//RIP//RNA pull-down assay//Western blot;;;1098;ENSG00000234741;-2.56041864444156;3.87237361491495;-7.93865419283863;1.5767911812111202e-09;2.58115194527439e-08;11.6138519668715
82784;3524684;YBX1;P67809;Y-box-binding protein 1 (YB-1) (CBF-A) (DBPB) (EFI-A);Cytoplasm (ECO:0000269), Cytoplasmic granule (ECO:0000269), Extracellular exosome (ECO:0000269), Nucleus (ECO:0000269), Secreted (ECO:0000269);Cytosol (Supported), Endoplasmic reticulum (Approved), Vesicles (Approved);;Nuclear RNA binding proteins, RNA processing;RNA processing;"Alabert et al., 2014; Alvarez et al., 2023; Ginno et al., 2018; Shi et al., 2021; Torrente et al., 2011";542.0;CSD('Cold-shock' DNA-binding domain,PF00313);324;CRD-mediated mRNA stability complex,CPX-1080,ECO:0000353(physical interaction evidence used in manual assertion);RP09425777;MIR22HG;lncRNA;Homo sapiens;TF;Homo sapiens;NCBI:84981;NCBI:4904;0.46;qRT-PCR//RIP//Western blot;;;77;ENSG00000186594;-2.50560118250147;2.93862258387378;-7.53745059189184;5.2825980379258805e-09;7.35890395548152e-08;10.4115260666507
82830;3525037;YBX1;P67809;Y-box-binding protein 1 (YB-1) (CBF-A) (DBPB) (EFI-A);Cytoplasm (ECO:0000269), Cytoplasmic granule (ECO:0000269), Extracellular exosome (ECO:0000269), Nucleus (ECO:0000269), Secreted (ECO:0000269);Cytosol (Supported), Endoplasmic reticulum (Approved), Vesicles (Approved);;Nuclear RNA binding proteins, RNA processing;RNA processing;"Alabert et al., 2014; Alvarez et al., 2023; Ginno et al., 2018; Shi et al., 2021; Torrente et al., 2011";542.0;CSD('Cold-shock' DNA-binding domain,PF00313);324;CRD-mediated mRNA stability complex,CPX-1080,ECO:0000353(physical interaction evidence used in manual assertion);RP09426426;TP53TG1;lncRNA;Homo sapiens;TF;Homo sapiens;NCBI:11257;NCBI:4904;0.3718;ChIP//Western blot;;;65;ENSG00000182165;-1.57710008276527;0.273490325857145;-5.00587619209585;1.36356183430206e-05;7.98956077563895e-05;2.63819594067564
82958;246801;CCAR2;Q8N163;Cell cycle and apoptosis regulator protein 2 (DBC-1) (DBC.1) (NET35);Cytoplasm (ECO:0000269), Nucleus (ECO:0000269), Spindle (ECO:0000269);Nuclear bodies (Enhanced), Nucleoplasm (Enhanced);;Nuclear RNA binding proteins, RNA processing;RNA processing;"Alabert et al., 2014; Alvarez et al., 2023; Ginno et al., 2018; Kustatscher et al., 2014; Shi et al., 2021; Ugur et al., 2023";107.0;"DBC1(DBC1,PF14443);S1-like(S1-like,PF14444);BURAN(BURAN domain,PF19257);LAIKA(LAIKA domain,PF19256)";923;DBIRD complex,CPX-2645,ECO:0005547(biological system reconstruction evidence based on inference from background scientific knowledge used in manual assertion);RP07519954;MALAT1;lncRNA;Homo sapiens;protein;Homo sapiens;NCBI:378938;NCBI:57805;0.4035;qRT-PCR//IP//Western blot//RIP//RNA pull-down assay;;;1786;ENSG00000251562;-2.69192848146394;10.8069205658514;-9.99570573098169;4.30182645492996e-12;1.65306630339579e-10;17.4859517032396
83903;2715092;SFPQ;P23246;Splicing factor, proline- and glutamine-rich (hPOMp100) (PSF);Cytoplasm (ECO:0000269), Nucleus matrix (ECO:0000269), Nucleus speckle (ECO:0000269);Nucleoplasm (Enhanced);chromatin (annotations_grade_2), nuclear_punctae (annotations_grade_3), nucleoplasm (annotations_grade_2);DNA-templated transcription, Regulation of transcription, DNA metabolic processes, DNA repair, Nuclear RNA binding proteins, RNA processing;Regulation of transcription;"Alabert et al., 2014; Alvarez et al., 2023; Ginno et al., 2018; Itzhak et al., 2016; Kustatscher et al., 2014; Shi et al., 2021; Torrente et al., 2011; Ugur et al., 2023";446.0;"RRM_1(RNA recognition motif. (a.k.a. RRM, RBD, or RNP domain),PF00076);RRM_1(RNA recognition motif. (a.k.a. RRM, RBD, or RNP domain),PF00076);NOPS(NOPS (NUC059) domain,PF08075)";707;"SFPQ-PSPC1 RNA-binding complex,CPX-7764,ECO:0000353(physical interaction evidence used in manual assertion);SFPQ-NONO RNA-binding complex,CPX-7765,ECO:0000353(physical interaction evidence used in manual assertion);SFPQ RNA-binding homodimer,CPX-7782,ECO:0000353(physical interaction evidence used in manual assertion)";RP35912787;RBFADN;lncRNA;Homo sapiens;protein;Homo sapiens;NCBI:100506070;NCBI:6421;0.2364;CLIP;;;2585;ENSG00000261126;-1.55643035769149;-1.35961443816084;-5.25638895086853;6.25906465106392e-06;3.89524925843579e-05;3.4030320245472
83904;2715244;SFPQ;P23246;Splicing factor, proline- and glutamine-rich (hPOMp100) (PSF);Cytoplasm (ECO:0000269), Nucleus matrix (ECO:0000269), Nucleus speckle (ECO:0000269);Nucleoplasm (Enhanced);chromatin (annotations_grade_2), nuclear_punctae (annotations_grade_3), nucleoplasm (annotations_grade_2);DNA-templated transcription, Regulation of transcription, DNA metabolic processes, DNA repair, Nuclear RNA binding proteins, RNA processing;Regulation of transcription;"Alabert et al., 2014; Alvarez et al., 2023; Ginno et al., 2018; Itzhak et al., 2016; Kustatscher et al., 2014; Shi et al., 2021; Torrente et al., 2011; Ugur et al., 2023";446.0;"RRM_1(RNA recognition motif. (a.k.a. RRM, RBD, or RNP domain),PF00076);RRM_1(RNA recognition motif. (a.k.a. RRM, RBD, or RNP domain),PF00076);NOPS(NOPS (NUC059) domain,PF08075)";707;"SFPQ-PSPC1 RNA-binding complex,CPX-7764,ECO:0000353(physical interaction evidence used in manual assertion);SFPQ-NONO RNA-binding complex,CPX-7765,ECO:0000353(physical interaction evidence used in manual assertion);SFPQ RNA-binding homodimer,CPX-7782,ECO:0000353(physical interaction evidence used in manual assertion)";RP36083694;SNHG9;lncRNA;Homo sapiens;protein;Homo sapiens;NCBI:735301;NCBI:6421;0.2364;CLIP;;;1977;ENSG00000255198;-2.03571474450123;-0.289522954780004;-5.33342680330677;4.92258354067927e-06;3.1366149881224e-05;3.63934942224914
83905;2715243;SFPQ;P23246;Splicing factor, proline- and glutamine-rich (hPOMp100) (PSF);Cytoplasm (ECO:0000269), Nucleus matrix (ECO:0000269), Nucleus speckle (ECO:0000269);Nucleoplasm (Enhanced);chromatin (annotations_grade_2), nuclear_punctae (annotations_grade_3), nucleoplasm (annotations_grade_2);DNA-templated transcription, Regulation of transcription, DNA metabolic processes, DNA repair, Nuclear RNA binding proteins, RNA processing;Regulation of transcription;"Alabert et al., 2014; Alvarez et al., 2023; Ginno et al., 2018; Itzhak et al., 2016; Kustatscher et al., 2014; Shi et al., 2021; Torrente et al., 2011; Ugur et al., 2023";446.0;"RRM_1(RNA recognition motif. (a.k.a. RRM, RBD, or RNP domain),PF00076);RRM_1(RNA recognition motif. (a.k.a. RRM, RBD, or RNP domain),PF00076);NOPS(NOPS (NUC059) domain,PF08075)";707;"SFPQ-PSPC1 RNA-binding complex,CPX-7764,ECO:0000353(physical interaction evidence used in manual assertion);SFPQ-NONO RNA-binding complex,CPX-7765,ECO:0000353(physical interaction evidence used in manual assertion);SFPQ RNA-binding homodimer,CPX-7782,ECO:0000353(physical interaction evidence used in manual assertion)";RP36083630;SNHG8;lncRNA;Homo sapiens;protein;Homo sapiens;NCBI:100093630;NCBI:6421;0.3812;CLIP;eCLIP;Scan pipeline widely used MATCH algorithm;3070;ENSG00000269893;-2.44848407009223;2.11062542825147;-6.44138973928252;1.54274347761572e-07;1.46178419151562e-06;7.06107593248584
83906;2715241;SFPQ;P23246;Splicing factor, proline- and glutamine-rich (hPOMp100) (PSF);Cytoplasm (ECO:0000269), Nucleus matrix (ECO:0000269), Nucleus speckle (ECO:0000269);Nucleoplasm (Enhanced);chromatin (annotations_grade_2), nuclear_punctae (annotations_grade_3), nucleoplasm (annotations_grade_2);DNA-templated transcription, Regulation of transcription, DNA metabolic processes, DNA repair, Nuclear RNA binding proteins, RNA processing;Regulation of transcription;"Alabert et al., 2014; Alvarez et al., 2023; Ginno et al., 2018; Itzhak et al., 2016; Kustatscher et al., 2014; Shi et al., 2021; Torrente et al., 2011; Ugur et al., 2023";446.0;"RRM_1(RNA recognition motif. (a.k.a. RRM, RBD, or RNP domain),PF00076);RRM_1(RNA recognition motif. (a.k.a. RRM, RBD, or RNP domain),PF00076);NOPS(NOPS (NUC059) domain,PF08075)";707;"SFPQ-PSPC1 RNA-binding complex,CPX-7764,ECO:0000353(physical interaction evidence used in manual assertion);SFPQ-NONO RNA-binding complex,CPX-7765,ECO:0000353(physical interaction evidence used in manual assertion);SFPQ RNA-binding homodimer,CPX-7782,ECO:0000353(physical interaction evidence used in manual assertion)";RP36083467;SNHG6;lncRNA;Homo sapiens;protein;Homo sapiens;NCBI:641638;NCBI:6421;0.3812;CLIP;eCLIP;Scan pipeline widely used MATCH algorithm;1482;ENSG00000245910;-3.02030504081192;2.13635252691397;-9.00111087542265;6.998606051362839e-11;1.6448679138594102e-09;14.7126214928218
83907;2715240;SFPQ;P23246;Splicing factor, proline- and glutamine-rich (hPOMp100) (PSF);Cytoplasm (ECO:0000269), Nucleus matrix (ECO:0000269), Nucleus speckle (ECO:0000269);Nucleoplasm (Enhanced);chromatin (annotations_grade_2), nuclear_punctae (annotations_grade_3), nucleoplasm (annotations_grade_2);DNA-templated transcription, Regulation of transcription, DNA metabolic processes, DNA repair, Nuclear RNA binding proteins, RNA processing;Regulation of transcription;"Alabert et al., 2014; Alvarez et al., 2023; Ginno et al., 2018; Itzhak et al., 2016; Kustatscher et al., 2014; Shi et al., 2021; Torrente et al., 2011; Ugur et al., 2023";446.0;"RRM_1(RNA recognition motif. (a.k.a. RRM, RBD, or RNP domain),PF00076);RRM_1(RNA recognition motif. (a.k.a. RRM, RBD, or RNP domain),PF00076);NOPS(NOPS (NUC059) domain,PF08075)";707;"SFPQ-PSPC1 RNA-binding complex,CPX-7764,ECO:0000353(physical interaction evidence used in manual assertion);SFPQ-NONO RNA-binding complex,CPX-7765,ECO:0000353(physical interaction evidence used in manual assertion);SFPQ RNA-binding homodimer,CPX-7782,ECO:0000353(physical interaction evidence used in manual assertion)";RP36083393;SNHG5;lncRNA;Homo sapiens;protein;Homo sapiens;NCBI:387066;NCBI:6421;0.3558;CLIP;eCLIP;;132;ENSG00000203875;-2.79357818092896;3.17229546572489;-7.92087451041262;1.6629897857665301e-09;2.70123476012347e-08;11.5609108469976
83908;2715239;SFPQ;P23246;Splicing factor, proline- and glutamine-rich (hPOMp100) (PSF);Cytoplasm (ECO:0000269), Nucleus matrix (ECO:0000269), Nucleus speckle (ECO:0000269);Nucleoplasm (Enhanced);chromatin (annotations_grade_2), nuclear_punctae (annotations_grade_3), nucleoplasm (annotations_grade_2);DNA-templated transcription, Regulation of transcription, DNA metabolic processes, DNA repair, Nuclear RNA binding proteins, RNA processing;Regulation of transcription;"Alabert et al., 2014; Alvarez et al., 2023; Ginno et al., 2018; Itzhak et al., 2016; Kustatscher et al., 2014; Shi et al., 2021; Torrente et al., 2011; Ugur et al., 2023";446.0;"RRM_1(RNA recognition motif. (a.k.a. RRM, RBD, or RNP domain),PF00076);RRM_1(RNA recognition motif. (a.k.a. RRM, RBD, or RNP domain),PF00076);NOPS(NOPS (NUC059) domain,PF08075)";707;"SFPQ-PSPC1 RNA-binding complex,CPX-7764,ECO:0000353(physical interaction evidence used in manual assertion);SFPQ-NONO RNA-binding complex,CPX-7765,ECO:0000353(physical interaction evidence used in manual assertion);SFPQ RNA-binding homodimer,CPX-7782,ECO:0000353(physical interaction evidence used in manual assertion)";RP36083294;SNHG3;lncRNA;Homo sapiens;protein;Homo sapiens;NCBI:8420;NCBI:6421;0.3558;CLIP;eCLIP;;1404;ENSG00000242125;-1.66215020983997;3.80442253035105;-6.53607722997152;1.14898325278424e-07;1.11634469849037e-06;7.35322044661673
83909;2715237;SFPQ;P23246;Splicing factor, proline- and glutamine-rich (hPOMp100) (PSF);Cytoplasm (ECO:0000269), Nucleus matrix (ECO:0000269), Nucleus speckle (ECO:0000269);Nucleoplasm (Enhanced);chromatin (annotations_grade_2), nuclear_punctae (annotations_grade_3), nucleoplasm (annotations_grade_2);DNA-templated transcription, Regulation of transcription, DNA metabolic processes, DNA repair, Nuclear RNA binding proteins, RNA processing;Regulation of transcription;"Alabert et al., 2014; Alvarez et al., 2023; Ginno et al., 2018; Itzhak et al., 2016; Kustatscher et al., 2014; Shi et al., 2021; Torrente et al., 2011; Ugur et al., 2023";446.0;"RRM_1(RNA recognition motif. (a.k.a. RRM, RBD, or RNP domain),PF00076);RRM_1(RNA recognition motif. (a.k.a. RRM, RBD, or RNP domain),PF00076);NOPS(NOPS (NUC059) domain,PF08075)";707;"SFPQ-PSPC1 RNA-binding complex,CPX-7764,ECO:0000353(physical interaction evidence used in manual assertion);SFPQ-NONO RNA-binding complex,CPX-7765,ECO:0000353(physical interaction evidence used in manual assertion);SFPQ RNA-binding homodimer,CPX-7782,ECO:0000353(physical interaction evidence used in manual assertion)";RP36082845;SNHG16;lncRNA;Homo sapiens;protein;Homo sapiens;NCBI:100507246;NCBI:6421;0.3812;CLIP;eCLIP;Scan pipeline widely used MATCH algorithm;17;ENSG00000163597;-1.76574685009836;3.88332039022155;-7.2253013716623;1.36790691052561e-08;1.73860555062877e-07;9.46585361999884
83910;2715235;SFPQ;P23246;Splicing factor, proline- and glutamine-rich (hPOMp100) (PSF);Cytoplasm (ECO:0000269), Nucleus matrix (ECO:0000269), Nucleus speckle (ECO:0000269);Nucleoplasm (Enhanced);chromatin (annotations_grade_2), nuclear_punctae (annotations_grade_3), nucleoplasm (annotations_grade_2);DNA-templated transcription, Regulation of transcription, DNA metabolic processes, DNA repair, Nuclear RNA binding proteins, RNA processing;Regulation of transcription;"Alabert et al., 2014; Alvarez et al., 2023; Ginno et al., 2018; Itzhak et al., 2016; Kustatscher et al., 2014; Shi et al., 2021; Torrente et al., 2011; Ugur et al., 2023";446.0;"RRM_1(RNA recognition motif. (a.k.a. RRM, RBD, or RNP domain),PF00076);RRM_1(RNA recognition motif. (a.k.a. RRM, RBD, or RNP domain),PF00076);NOPS(NOPS (NUC059) domain,PF08075)";707;"SFPQ-PSPC1 RNA-binding complex,CPX-7764,ECO:0000353(physical interaction evidence used in manual assertion);SFPQ-NONO RNA-binding complex,CPX-7765,ECO:0000353(physical interaction evidence used in manual assertion);SFPQ RNA-binding homodimer,CPX-7782,ECO:0000353(physical interaction evidence used in manual assertion)";RP36082438;SNHG1;lncRNA;Homo sapiens;protein;Homo sapiens;NCBI:23642;NCBI:6421;0.3812;CLIP;eCLIP;Scan pipeline widely used MATCH algorithm;2023;ENSG00000255717;-3.1343954975797;3.5255615293517;-12.1724795306288;1.50067688859263e-14;2.52533906812367e-12;23.0956312855758
83911;2715238;SFPQ;P23246;Splicing factor, proline- and glutamine-rich (hPOMp100) (PSF);Cytoplasm (ECO:0000269), Nucleus matrix (ECO:0000269), Nucleus speckle (ECO:0000269);Nucleoplasm (Enhanced);chromatin (annotations_grade_2), nuclear_punctae (annotations_grade_3), nucleoplasm (annotations_grade_2);DNA-templated transcription, Regulation of transcription, DNA metabolic processes, DNA repair, Nuclear RNA binding proteins, RNA processing;Regulation of transcription;"Alabert et al., 2014; Alvarez et al., 2023; Ginno et al., 2018; Itzhak et al., 2016; Kustatscher et al., 2014; Shi et al., 2021; Torrente et al., 2011; Ugur et al., 2023";446.0;"RRM_1(RNA recognition motif. (a.k.a. RRM, RBD, or RNP domain),PF00076);RRM_1(RNA recognition motif. (a.k.a. RRM, RBD, or RNP domain),PF00076);NOPS(NOPS (NUC059) domain,PF08075)";707;"SFPQ-PSPC1 RNA-binding complex,CPX-7764,ECO:0000353(physical interaction evidence used in manual assertion);SFPQ-NONO RNA-binding complex,CPX-7765,ECO:0000353(physical interaction evidence used in manual assertion);SFPQ RNA-binding homodimer,CPX-7782,ECO:0000353(physical interaction evidence used in manual assertion)";RP36082937;SNHG17;lncRNA;Homo sapiens;protein;Homo sapiens;NCBI:388796;NCBI:6421;0.3812;CLIP;eCLIP;Scan pipeline widely used MATCH algorithm;95;ENSG00000196756;-2.91593577289014;2.76693240053218;-11.8719733234314;3.16171674568078e-14;4.15666948408721e-12;22.3586429297008
83912;2715209;SFPQ;P23246;Splicing factor, proline- and glutamine-rich (hPOMp100) (PSF);Cytoplasm (ECO:0000269), Nucleus matrix (ECO:0000269), Nucleus speckle (ECO:0000269);Nucleoplasm (Enhanced);chromatin (annotations_grade_2), nuclear_punctae (annotations_grade_3), nucleoplasm (annotations_grade_2);DNA-templated transcription, Regulation of transcription, DNA metabolic processes, DNA repair, Nuclear RNA binding proteins, RNA processing;Regulation of transcription;"Alabert et al., 2014; Alvarez et al., 2023; Ginno et al., 2018; Itzhak et al., 2016; Kustatscher et al., 2014; Shi et al., 2021; Torrente et al., 2011; Ugur et al., 2023";446.0;"RRM_1(RNA recognition motif. (a.k.a. RRM, RBD, or RNP domain),PF00076);RRM_1(RNA recognition motif. (a.k.a. RRM, RBD, or RNP domain),PF00076);NOPS(NOPS (NUC059) domain,PF08075)";707;"SFPQ-PSPC1 RNA-binding complex,CPX-7764,ECO:0000353(physical interaction evidence used in manual assertion);SFPQ-NONO RNA-binding complex,CPX-7765,ECO:0000353(physical interaction evidence used in manual assertion);SFPQ RNA-binding homodimer,CPX-7782,ECO:0000353(physical interaction evidence used in manual assertion)";RP36056035;SLC25A5-AS1;lncRNA;Homo sapiens;protein;Homo sapiens;NCBI:100303728;NCBI:6421;0.2865;CLIP;;Scan pipeline widely used MATCH algorithm;304;ENSG00000224281;-1.53643277672215;-1.38347150960606;-7.8519889040719;2.04449526868163e-09;3.24573267748816e-08;11.3554871587804
83913;2715508;SFPQ;P23246;Splicing factor, proline- and glutamine-rich (hPOMp100) (PSF);Cytoplasm (ECO:0000269), Nucleus matrix (ECO:0000269), Nucleus speckle (ECO:0000269);Nucleoplasm (Enhanced);chromatin (annotations_grade_2), nuclear_punctae (annotations_grade_3), nucleoplasm (annotations_grade_2);DNA-templated transcription, Regulation of transcription, DNA metabolic processes, DNA repair, Nuclear RNA binding proteins, RNA processing;Regulation of transcription;"Alabert et al., 2014; Alvarez et al., 2023; Ginno et al., 2018; Itzhak et al., 2016; Kustatscher et al., 2014; Shi et al., 2021; Torrente et al., 2011; Ugur et al., 2023";446.0;"RRM_1(RNA recognition motif. (a.k.a. RRM, RBD, or RNP domain),PF00076);RRM_1(RNA recognition motif. (a.k.a. RRM, RBD, or RNP domain),PF00076);NOPS(NOPS (NUC059) domain,PF08075)";707;"SFPQ-PSPC1 RNA-binding complex,CPX-7764,ECO:0000353(physical interaction evidence used in manual assertion);SFPQ-NONO RNA-binding complex,CPX-7765,ECO:0000353(physical interaction evidence used in manual assertion);SFPQ RNA-binding homodimer,CPX-7782,ECO:0000353(physical interaction evidence used in manual assertion)";RP36493271;XIST;lncRNA;Homo sapiens;protein;Homo sapiens;NCBI:7503;NCBI:6421;0.2865;CLIP;;Scan pipeline widely used MATCH algorithm;718;ENSG00000229807;-6.57326935078366;1.54159830942689;-4.14945804433362;0.0001856278660776;0.0008424341236124;0.0917621252499083
83914;2715496;SFPQ;P23246;Splicing factor, proline- and glutamine-rich (hPOMp100) (PSF);Cytoplasm (ECO:0000269), Nucleus matrix (ECO:0000269), Nucleus speckle (ECO:0000269);Nucleoplasm (Enhanced);chromatin (annotations_grade_2), nuclear_punctae (annotations_grade_3), nucleoplasm (annotations_grade_2);DNA-templated transcription, Regulation of transcription, DNA metabolic processes, DNA repair, Nuclear RNA binding proteins, RNA processing;Regulation of transcription;"Alabert et al., 2014; Alvarez et al., 2023; Ginno et al., 2018; Itzhak et al., 2016; Kustatscher et al., 2014; Shi et al., 2021; Torrente et al., 2011; Ugur et al., 2023";446.0;"RRM_1(RNA recognition motif. (a.k.a. RRM, RBD, or RNP domain),PF00076);RRM_1(RNA recognition motif. (a.k.a. RRM, RBD, or RNP domain),PF00076);NOPS(NOPS (NUC059) domain,PF08075)";707;"SFPQ-PSPC1 RNA-binding complex,CPX-7764,ECO:0000353(physical interaction evidence used in manual assertion);SFPQ-NONO RNA-binding complex,CPX-7765,ECO:0000353(physical interaction evidence used in manual assertion);SFPQ RNA-binding homodimer,CPX-7782,ECO:0000353(physical interaction evidence used in manual assertion)";RP36475555;WDFY3-AS2;lncRNA;Homo sapiens;protein;Homo sapiens;NCBI:404201;NCBI:6421;0.2364;CLIP;;;60;ENSG00000180769;1.76681881282403;-0.989480559432154;4.4117767021852;8.43753639815283e-05;0.0004185933446583;0.857124461810423
83915;2715280;SFPQ;P23246;Splicing factor, proline- and glutamine-rich (hPOMp100) (PSF);Cytoplasm (ECO:0000269), Nucleus matrix (ECO:0000269), Nucleus speckle (ECO:0000269);Nucleoplasm (Enhanced);chromatin (annotations_grade_2), nuclear_punctae (annotations_grade_3), nucleoplasm (annotations_grade_2);DNA-templated transcription, Regulation of transcription, DNA metabolic processes, DNA repair, Nuclear RNA binding proteins, RNA processing;Regulation of transcription;"Alabert et al., 2014; Alvarez et al., 2023; Ginno et al., 2018; Itzhak et al., 2016; Kustatscher et al., 2014; Shi et al., 2021; Torrente et al., 2011; Ugur et al., 2023";446.0;"RRM_1(RNA recognition motif. (a.k.a. RRM, RBD, or RNP domain),PF00076);RRM_1(RNA recognition motif. (a.k.a. RRM, RBD, or RNP domain),PF00076);NOPS(NOPS (NUC059) domain,PF08075)";707;"SFPQ-PSPC1 RNA-binding complex,CPX-7764,ECO:0000353(physical interaction evidence used in manual assertion);SFPQ-NONO RNA-binding complex,CPX-7765,ECO:0000353(physical interaction evidence used in manual assertion);SFPQ RNA-binding homodimer,CPX-7782,ECO:0000353(physical interaction evidence used in manual assertion)";RP36107070;SRP14-AS1;lncRNA;Homo sapiens;protein;Homo sapiens;NCBI:100131089;NCBI:6421;0.2364;CLIP;;;1556;ENSG00000248508;-2.19894713477944;0.563780192006873;-7.86439606590049;1.9697654311136e-09;3.13894059420262e-08;11.3925225023124
83916;2715385;SFPQ;P23246;Splicing factor, proline- and glutamine-rich (hPOMp100) (PSF);Cytoplasm (ECO:0000269), Nucleus matrix (ECO:0000269), Nucleus speckle (ECO:0000269);Nucleoplasm (Enhanced);chromatin (annotations_grade_2), nuclear_punctae (annotations_grade_3), nucleoplasm (annotations_grade_2);DNA-templated transcription, Regulation of transcription, DNA metabolic processes, DNA repair, Nuclear RNA binding proteins, RNA processing;Regulation of transcription;"Alabert et al., 2014; Alvarez et al., 2023; Ginno et al., 2018; Itzhak et al., 2016; Kustatscher et al., 2014; Shi et al., 2021; Torrente et al., 2011; Ugur et al., 2023";446.0;"RRM_1(RNA recognition motif. (a.k.a. RRM, RBD, or RNP domain),PF00076);RRM_1(RNA recognition motif. (a.k.a. RRM, RBD, or RNP domain),PF00076);NOPS(NOPS (NUC059) domain,PF08075)";707;"SFPQ-PSPC1 RNA-binding complex,CPX-7764,ECO:0000353(physical interaction evidence used in manual assertion);SFPQ-NONO RNA-binding complex,CPX-7765,ECO:0000353(physical interaction evidence used in manual assertion);SFPQ RNA-binding homodimer,CPX-7782,ECO:0000353(physical interaction evidence used in manual assertion)";RP36294683;TP53TG1;lncRNA;Homo sapiens;protein;Homo sapiens;NCBI:11257;NCBI:6421;0.2364;CLIP;;;65;ENSG00000182165;-1.57710008276527;0.273490325857145;-5.00587619209585;1.36356183430206e-05;7.98956077563895e-05;2.63819594067564
83945;2221986;NONO;Q15233;Non-POU domain-containing octamer-binding protein (p54(nrb)) (p54nrb) (NMT55);Chromosome (ECO:0000250), Nucleus (ECO:0000269), Nucleus speckle (ECO:0000269);Nucleoli (Supported), Nucleoli fibrillar center (Enhanced), Nucleoplasm (Enhanced);chromatin (annotations_grade_2), nuclear_punctae (annotations_grade_2), nucleolus_fc_dfc (annotations_grade_2), nucleoplasm (annotations_grade_3);DNA-templated transcription, Regulation of transcription, Nuclear RNA binding proteins, RNA processing;Regulation of transcription;"Alabert et al., 2014; Alvarez et al., 2023; Ginno et al., 2018; Itzhak et al., 2016; Kustatscher et al., 2014; Shi et al., 2021; Torrente et al., 2011; Ugur et al., 2023";642.0;"RRM_1(RNA recognition motif. (a.k.a. RRM, RBD, or RNP domain),PF00076);RRM_1(RNA recognition motif. (a.k.a. RRM, RBD, or RNP domain),PF00076);NOPS(NOPS (NUC059) domain,PF08075)";471;"NONO-PSPC1 RNA-binding complex,CPX-889,ECO:0000353(physical interaction evidence used in manual assertion);SFPQ-NONO RNA-binding complex,CPX-7765,ECO:0000353(physical interaction evidence used in manual assertion);NONO RNA-binding homodimer,CPX-7781,ECO:0000353(physical interaction evidence used in manual assertion)";RP36056008;SLC25A5-AS1;lncRNA;Homo sapiens;protein;Homo sapiens;NCBI:100303728;NCBI:4841;0.2364;CLIP;;;304;ENSG00000224281;-1.53643277672215;-1.38347150960606;-7.8519889040719;2.04449526868163e-09;3.24573267748816e-08;11.3554871587804
83946;2221949;NONO;Q15233;Non-POU domain-containing octamer-binding protein (p54(nrb)) (p54nrb) (NMT55);Chromosome (ECO:0000250), Nucleus (ECO:0000269), Nucleus speckle (ECO:0000269);Nucleoli (Supported), Nucleoli fibrillar center (Enhanced), Nucleoplasm (Enhanced);chromatin (annotations_grade_2), nuclear_punctae (annotations_grade_2), nucleolus_fc_dfc (annotations_grade_2), nucleoplasm (annotations_grade_3);DNA-templated transcription, Regulation of transcription, Nuclear RNA binding proteins, RNA processing;Regulation of transcription;"Alabert et al., 2014; Alvarez et al., 2023; Ginno et al., 2018; Itzhak et al., 2016; Kustatscher et al., 2014; Shi et al., 2021; Torrente et al., 2011; Ugur et al., 2023";642.0;"RRM_1(RNA recognition motif. (a.k.a. RRM, RBD, or RNP domain),PF00076);RRM_1(RNA recognition motif. (a.k.a. RRM, RBD, or RNP domain),PF00076);NOPS(NOPS (NUC059) domain,PF08075)";471;"NONO-PSPC1 RNA-binding complex,CPX-889,ECO:0000353(physical interaction evidence used in manual assertion);SFPQ-NONO RNA-binding complex,CPX-7765,ECO:0000353(physical interaction evidence used in manual assertion);NONO RNA-binding homodimer,CPX-7781,ECO:0000353(physical interaction evidence used in manual assertion)";RP33852263;RBFADN;lncRNA;Homo sapiens;RBP;Homo sapiens;NCBI:100506070;NCBI:4841;0.2364;CLIP;eCLIP;;2585;ENSG00000261126;-1.55643035769149;-1.35961443816084;-5.25638895086853;6.25906465106392e-06;3.89524925843579e-05;3.4030320245472
83948;2221733;NONO;Q15233;Non-POU domain-containing octamer-binding protein (p54(nrb)) (p54nrb) (NMT55);Chromosome (ECO:0000250), Nucleus (ECO:0000269), Nucleus speckle (ECO:0000269);Nucleoli (Supported), Nucleoli fibrillar center (Enhanced), Nucleoplasm (Enhanced);chromatin (annotations_grade_2), nuclear_punctae (annotations_grade_2), nucleolus_fc_dfc (annotations_grade_2), nucleoplasm (annotations_grade_3);DNA-templated transcription, Regulation of transcription, Nuclear RNA binding proteins, RNA processing;Regulation of transcription;"Alabert et al., 2014; Alvarez et al., 2023; Ginno et al., 2018; Itzhak et al., 2016; Kustatscher et al., 2014; Shi et al., 2021; Torrente et al., 2011; Ugur et al., 2023";642.0;"RRM_1(RNA recognition motif. (a.k.a. RRM, RBD, or RNP domain),PF00076);RRM_1(RNA recognition motif. (a.k.a. RRM, RBD, or RNP domain),PF00076);NOPS(NOPS (NUC059) domain,PF08075)";471;"NONO-PSPC1 RNA-binding complex,CPX-889,ECO:0000353(physical interaction evidence used in manual assertion);SFPQ-NONO RNA-binding complex,CPX-7765,ECO:0000353(physical interaction evidence used in manual assertion);NONO RNA-binding homodimer,CPX-7781,ECO:0000353(physical interaction evidence used in manual assertion)";RP35304569;LINC00667;lncRNA;Homo sapiens;protein;Homo sapiens;NCBI:339290;NCBI:4841;0.2364;CLIP;;;2740;ENSG00000263753;-2.51117823961993;2.70237682518895;-9.94075365615122;5.001889892832109e-12;1.84587287536357e-10;17.3361252363185
83949;2221732;NONO;Q15233;Non-POU domain-containing octamer-binding protein (p54(nrb)) (p54nrb) (NMT55);Chromosome (ECO:0000250), Nucleus (ECO:0000269), Nucleus speckle (ECO:0000269);Nucleoli (Supported), Nucleoli fibrillar center (Enhanced), Nucleoplasm (Enhanced);chromatin (annotations_grade_2), nuclear_punctae (annotations_grade_2), nucleolus_fc_dfc (annotations_grade_2), nucleoplasm (annotations_grade_3);DNA-templated transcription, Regulation of transcription, Nuclear RNA binding proteins, RNA processing;Regulation of transcription;"Alabert et al., 2014; Alvarez et al., 2023; Ginno et al., 2018; Itzhak et al., 2016; Kustatscher et al., 2014; Shi et al., 2021; Torrente et al., 2011; Ugur et al., 2023";642.0;"RRM_1(RNA recognition motif. (a.k.a. RRM, RBD, or RNP domain),PF00076);RRM_1(RNA recognition motif. (a.k.a. RRM, RBD, or RNP domain),PF00076);NOPS(NOPS (NUC059) domain,PF08075)";471;"NONO-PSPC1 RNA-binding complex,CPX-889,ECO:0000353(physical interaction evidence used in manual assertion);SFPQ-NONO RNA-binding complex,CPX-7765,ECO:0000353(physical interaction evidence used in manual assertion);NONO RNA-binding homodimer,CPX-7781,ECO:0000353(physical interaction evidence used in manual assertion)";RP35304363;LINC00663;lncRNA;Homo sapiens;protein;Homo sapiens;NCBI:284440;NCBI:4841;0.2364;CLIP;;;2849;ENSG00000266904;-2.2313825534385;0.177789980721914;-7.36614196503185;8.8949436262262e-09;1.15496999492388e-07;9.89355661048934
83950;2221731;NONO;Q15233;Non-POU domain-containing octamer-binding protein (p54(nrb)) (p54nrb) (NMT55);Chromosome (ECO:0000250), Nucleus (ECO:0000269), Nucleus speckle (ECO:0000269);Nucleoli (Supported), Nucleoli fibrillar center (Enhanced), Nucleoplasm (Enhanced);chromatin (annotations_grade_2), nuclear_punctae (annotations_grade_2), nucleolus_fc_dfc (annotations_grade_2), nucleoplasm (annotations_grade_3);DNA-templated transcription, Regulation of transcription, Nuclear RNA binding proteins, RNA processing;Regulation of transcription;"Alabert et al., 2014; Alvarez et al., 2023; Ginno et al., 2018; Itzhak et al., 2016; Kustatscher et al., 2014; Shi et al., 2021; Torrente et al., 2011; Ugur et al., 2023";642.0;"RRM_1(RNA recognition motif. (a.k.a. RRM, RBD, or RNP domain),PF00076);RRM_1(RNA recognition motif. (a.k.a. RRM, RBD, or RNP domain),PF00076);NOPS(NOPS (NUC059) domain,PF08075)";471;"NONO-PSPC1 RNA-binding complex,CPX-889,ECO:0000353(physical interaction evidence used in manual assertion);SFPQ-NONO RNA-binding complex,CPX-7765,ECO:0000353(physical interaction evidence used in manual assertion);NONO RNA-binding homodimer,CPX-7781,ECO:0000353(physical interaction evidence used in manual assertion)";RP33884100;LINC00662;lncRNA;Homo sapiens;RBP;Homo sapiens;NCBI:148189;NCBI:4841;0.3558;CLIP;eCLIP;;2664;ENSG00000261824;-1.72388354355667;2.1262269297144;-5.24577519133436;6.46950855621449e-06;4.0084274662731e-05;3.37051018791904
83951;2221724;NONO;Q15233;Non-POU domain-containing octamer-binding protein (p54(nrb)) (p54nrb) (NMT55);Chromosome (ECO:0000250), Nucleus (ECO:0000269), Nucleus speckle (ECO:0000269);Nucleoli (Supported), Nucleoli fibrillar center (Enhanced), Nucleoplasm (Enhanced);chromatin (annotations_grade_2), nuclear_punctae (annotations_grade_2), nucleolus_fc_dfc (annotations_grade_2), nucleoplasm (annotations_grade_3);DNA-templated transcription, Regulation of transcription, Nuclear RNA binding proteins, RNA processing;Regulation of transcription;"Alabert et al., 2014; Alvarez et al., 2023; Ginno et al., 2018; Itzhak et al., 2016; Kustatscher et al., 2014; Shi et al., 2021; Torrente et al., 2011; Ugur et al., 2023";642.0;"RRM_1(RNA recognition motif. (a.k.a. RRM, RBD, or RNP domain),PF00076);RRM_1(RNA recognition motif. (a.k.a. RRM, RBD, or RNP domain),PF00076);NOPS(NOPS (NUC059) domain,PF08075)";471;"NONO-PSPC1 RNA-binding complex,CPX-889,ECO:0000353(physical interaction evidence used in manual assertion);SFPQ-NONO RNA-binding complex,CPX-7765,ECO:0000353(physical interaction evidence used in manual assertion);NONO RNA-binding homodimer,CPX-7781,ECO:0000353(physical interaction evidence used in manual assertion)";RP35303646;LINC00641;lncRNA;Homo sapiens;protein;Homo sapiens;NCBI:283624;NCBI:4841;0.2364;CLIP;;;2187;ENSG00000258441;-2.4314494810184;2.79613644294889;-10.5793296873087;8.88690222059781e-13;4.58356201260104e-11;19.0522092280278
83953;2221720;NONO;Q15233;Non-POU domain-containing octamer-binding protein (p54(nrb)) (p54nrb) (NMT55);Chromosome (ECO:0000250), Nucleus (ECO:0000269), Nucleus speckle (ECO:0000269);Nucleoli (Supported), Nucleoli fibrillar center (Enhanced), Nucleoplasm (Enhanced);chromatin (annotations_grade_2), nuclear_punctae (annotations_grade_2), nucleolus_fc_dfc (annotations_grade_2), nucleoplasm (annotations_grade_3);DNA-templated transcription, Regulation of transcription, Nuclear RNA binding proteins, RNA processing;Regulation of transcription;"Alabert et al., 2014; Alvarez et al., 2023; Ginno et al., 2018; Itzhak et al., 2016; Kustatscher et al., 2014; Shi et al., 2021; Torrente et al., 2011; Ugur et al., 2023";642.0;"RRM_1(RNA recognition motif. (a.k.a. RRM, RBD, or RNP domain),PF00076);RRM_1(RNA recognition motif. (a.k.a. RRM, RBD, or RNP domain),PF00076);NOPS(NOPS (NUC059) domain,PF08075)";471;"NONO-PSPC1 RNA-binding complex,CPX-889,ECO:0000353(physical interaction evidence used in manual assertion);SFPQ-NONO RNA-binding complex,CPX-7765,ECO:0000353(physical interaction evidence used in manual assertion);NONO RNA-binding homodimer,CPX-7781,ECO:0000353(physical interaction evidence used in manual assertion)";RP35303292;LINC00630;lncRNA;Homo sapiens;protein;Homo sapiens;NCBI:100287765;NCBI:4841;0.3558;CLIP;eCLIP;;247;ENSG00000223546;-2.26301235070402;0.462538646230177;-7.84374214675453;2.09574721751214e-09;3.31458967822315e-08;11.3308619374593
83954;2221686;NONO;Q15233;Non-POU domain-containing octamer-binding protein (p54(nrb)) (p54nrb) (NMT55);Chromosome (ECO:0000250), Nucleus (ECO:0000269), Nucleus speckle (ECO:0000269);Nucleoli (Supported), Nucleoli fibrillar center (Enhanced), Nucleoplasm (Enhanced);chromatin (annotations_grade_2), nuclear_punctae (annotations_grade_2), nucleolus_fc_dfc (annotations_grade_2), nucleoplasm (annotations_grade_3);DNA-templated transcription, Regulation of transcription, Nuclear RNA binding proteins, RNA processing;Regulation of transcription;"Alabert et al., 2014; Alvarez et al., 2023; Ginno et al., 2018; Itzhak et al., 2016; Kustatscher et al., 2014; Shi et al., 2021; Torrente et al., 2011; Ugur et al., 2023";642.0;"RRM_1(RNA recognition motif. (a.k.a. RRM, RBD, or RNP domain),PF00076);RRM_1(RNA recognition motif. (a.k.a. RRM, RBD, or RNP domain),PF00076);NOPS(NOPS (NUC059) domain,PF08075)";471;"NONO-PSPC1 RNA-binding complex,CPX-889,ECO:0000353(physical interaction evidence used in manual assertion);SFPQ-NONO RNA-binding complex,CPX-7765,ECO:0000353(physical interaction evidence used in manual assertion);NONO RNA-binding homodimer,CPX-7781,ECO:0000353(physical interaction evidence used in manual assertion)";RP35299800;LINC00487;lncRNA;Homo sapiens;protein;Homo sapiens;NCBI:400941;NCBI:4841;0.2364;CLIP;;;166;ENSG00000205837;-2.70997036675211;-1.98014750053705;-7.83768014854472;2.1342485784672104e-09;3.35029245134759e-08;11.3127561087916
83955;2221711;NONO;Q15233;Non-POU domain-containing octamer-binding protein (p54(nrb)) (p54nrb) (NMT55);Chromosome (ECO:0000250), Nucleus (ECO:0000269), Nucleus speckle (ECO:0000269);Nucleoli (Supported), Nucleoli fibrillar center (Enhanced), Nucleoplasm (Enhanced);chromatin (annotations_grade_2), nuclear_punctae (annotations_grade_2), nucleolus_fc_dfc (annotations_grade_2), nucleoplasm (annotations_grade_3);DNA-templated transcription, Regulation of transcription, Nuclear RNA binding proteins, RNA processing;Regulation of transcription;"Alabert et al., 2014; Alvarez et al., 2023; Ginno et al., 2018; Itzhak et al., 2016; Kustatscher et al., 2014; Shi et al., 2021; Torrente et al., 2011; Ugur et al., 2023";642.0;"RRM_1(RNA recognition motif. (a.k.a. RRM, RBD, or RNP domain),PF00076);RRM_1(RNA recognition motif. (a.k.a. RRM, RBD, or RNP domain),PF00076);NOPS(NOPS (NUC059) domain,PF08075)";471;"NONO-PSPC1 RNA-binding complex,CPX-889,ECO:0000353(physical interaction evidence used in manual assertion);SFPQ-NONO RNA-binding complex,CPX-7765,ECO:0000353(physical interaction evidence used in manual assertion);NONO RNA-binding homodimer,CPX-7781,ECO:0000353(physical interaction evidence used in manual assertion)";RP35302413;LINC00598;lncRNA;Homo sapiens;protein;Homo sapiens;NCBI:646982;NCBI:4841;0.2364;CLIP;;;216;ENSG00000215483;-1.50887892036587;0.189236991007434;-6.56807695040025;1.04017683230292e-07;1.02723566514047e-06;7.45187449310852
83956;2221760;NONO;Q15233;Non-POU domain-containing octamer-binding protein (p54(nrb)) (p54nrb) (NMT55);Chromosome (ECO:0000250), Nucleus (ECO:0000269), Nucleus speckle (ECO:0000269);Nucleoli (Supported), Nucleoli fibrillar center (Enhanced), Nucleoplasm (Enhanced);chromatin (annotations_grade_2), nuclear_punctae (annotations_grade_2), nucleolus_fc_dfc (annotations_grade_2), nucleoplasm (annotations_grade_3);DNA-templated transcription, Regulation of transcription, Nuclear RNA binding proteins, RNA processing;Regulation of transcription;"Alabert et al., 2014; Alvarez et al., 2023; Ginno et al., 2018; Itzhak et al., 2016; Kustatscher et al., 2014; Shi et al., 2021; Torrente et al., 2011; Ugur et al., 2023";642.0;"RRM_1(RNA recognition motif. (a.k.a. RRM, RBD, or RNP domain),PF00076);RRM_1(RNA recognition motif. (a.k.a. RRM, RBD, or RNP domain),PF00076);NOPS(NOPS (NUC059) domain,PF08075)";471;"NONO-PSPC1 RNA-binding complex,CPX-889,ECO:0000353(physical interaction evidence used in manual assertion);SFPQ-NONO RNA-binding complex,CPX-7765,ECO:0000353(physical interaction evidence used in manual assertion);NONO RNA-binding homodimer,CPX-7781,ECO:0000353(physical interaction evidence used in manual assertion)";RP35306820;LINC00877;lncRNA;Homo sapiens;protein;Homo sapiens;NCBI:285286;NCBI:4841;0.2364;CLIP;;;1376;ENSG00000241163;-1.69840444479095;2.86984243406203;-4.54358670988472;5.65290056053386e-05;0.0002874847048975;1.24722906378739
83957;2221816;NONO;Q15233;Non-POU domain-containing octamer-binding protein (p54(nrb)) (p54nrb) (NMT55);Chromosome (ECO:0000250), Nucleus (ECO:0000269), Nucleus speckle (ECO:0000269);Nucleoli (Supported), Nucleoli fibrillar center (Enhanced), Nucleoplasm (Enhanced);chromatin (annotations_grade_2), nuclear_punctae (annotations_grade_2), nucleolus_fc_dfc (annotations_grade_2), nucleoplasm (annotations_grade_3);DNA-templated transcription, Regulation of transcription, Nuclear RNA binding proteins, RNA processing;Regulation of transcription;"Alabert et al., 2014; Alvarez et al., 2023; Ginno et al., 2018; Itzhak et al., 2016; Kustatscher et al., 2014; Shi et al., 2021; Torrente et al., 2011; Ugur et al., 2023";642.0;"RRM_1(RNA recognition motif. (a.k.a. RRM, RBD, or RNP domain),PF00076);RRM_1(RNA recognition motif. (a.k.a. RRM, RBD, or RNP domain),PF00076);NOPS(NOPS (NUC059) domain,PF08075)";471;"NONO-PSPC1 RNA-binding complex,CPX-889,ECO:0000353(physical interaction evidence used in manual assertion);SFPQ-NONO RNA-binding complex,CPX-7765,ECO:0000353(physical interaction evidence used in manual assertion);NONO RNA-binding homodimer,CPX-7781,ECO:0000353(physical interaction evidence used in manual assertion)";RP33848181;MALAT1;lncRNA;Homo sapiens;RBP;Homo sapiens;NCBI:378938;NCBI:4841;0.3733;CLIP;eCLIP;;1786;ENSG00000251562;-2.69192848146394;10.8069205658514;-9.99570573098169;4.30182645492996e-12;1.65306630339579e-10;17.4859517032396
83958;2221836;NONO;Q15233;Non-POU domain-containing octamer-binding protein (p54(nrb)) (p54nrb) (NMT55);Chromosome (ECO:0000250), Nucleus (ECO:0000269), Nucleus speckle (ECO:0000269);Nucleoli (Supported), Nucleoli fibrillar center (Enhanced), Nucleoplasm (Enhanced);chromatin (annotations_grade_2), nuclear_punctae (annotations_grade_2), nucleolus_fc_dfc (annotations_grade_2), nucleoplasm (annotations_grade_3);DNA-templated transcription, Regulation of transcription, Nuclear RNA binding proteins, RNA processing;Regulation of transcription;"Alabert et al., 2014; Alvarez et al., 2023; Ginno et al., 2018; Itzhak et al., 2016; Kustatscher et al., 2014; Shi et al., 2021; Torrente et al., 2011; Ugur et al., 2023";642.0;"RRM_1(RNA recognition motif. (a.k.a. RRM, RBD, or RNP domain),PF00076);RRM_1(RNA recognition motif. (a.k.a. RRM, RBD, or RNP domain),PF00076);NOPS(NOPS (NUC059) domain,PF08075)";471;"NONO-PSPC1 RNA-binding complex,CPX-889,ECO:0000353(physical interaction evidence used in manual assertion);SFPQ-NONO RNA-binding complex,CPX-7765,ECO:0000353(physical interaction evidence used in manual assertion);NONO RNA-binding homodimer,CPX-7781,ECO:0000353(physical interaction evidence used in manual assertion)";RP35425931;MIR181A1HG;lncRNA;Homo sapiens;protein;Homo sapiens;NCBI:100131234;NCBI:4841;0.2364;CLIP;;;733;ENSG00000229989;-1.96778898192628;1.27892832409396;-6.45145267303389;1.49514635854925e-07;1.42309518787708e-06;7.09213857469546
83959;2221835;NONO;Q15233;Non-POU domain-containing octamer-binding protein (p54(nrb)) (p54nrb) (NMT55);Chromosome (ECO:0000250), Nucleus (ECO:0000269), Nucleus speckle (ECO:0000269);Nucleoli (Supported), Nucleoli fibrillar center (Enhanced), Nucleoplasm (Enhanced);chromatin (annotations_grade_2), nuclear_punctae (annotations_grade_2), nucleolus_fc_dfc (annotations_grade_2), nucleoplasm (annotations_grade_3);DNA-templated transcription, Regulation of transcription, Nuclear RNA binding proteins, RNA processing;Regulation of transcription;"Alabert et al., 2014; Alvarez et al., 2023; Ginno et al., 2018; Itzhak et al., 2016; Kustatscher et al., 2014; Shi et al., 2021; Torrente et al., 2011; Ugur et al., 2023";642.0;"RRM_1(RNA recognition motif. (a.k.a. RRM, RBD, or RNP domain),PF00076);RRM_1(RNA recognition motif. (a.k.a. RRM, RBD, or RNP domain),PF00076);NOPS(NOPS (NUC059) domain,PF08075)";471;"NONO-PSPC1 RNA-binding complex,CPX-889,ECO:0000353(physical interaction evidence used in manual assertion);SFPQ-NONO RNA-binding complex,CPX-7765,ECO:0000353(physical interaction evidence used in manual assertion);NONO RNA-binding homodimer,CPX-7781,ECO:0000353(physical interaction evidence used in manual assertion)";RP08554172;MIR17HG;lncRNA;Homo sapiens;RBP;Homo sapiens;NCBI:407975;NCBI:4841;0.3558;CLIP;eCLIP;;215;ENSG00000215417;-1.84534139091266;0.99398029655203;-5.74834557141758;1.34549165469835e-06;9.96563977344356e-06;4.91812246599078
83960;2221778;NONO;Q15233;Non-POU domain-containing octamer-binding protein (p54(nrb)) (p54nrb) (NMT55);Chromosome (ECO:0000250), Nucleus (ECO:0000269), Nucleus speckle (ECO:0000269);Nucleoli (Supported), Nucleoli fibrillar center (Enhanced), Nucleoplasm (Enhanced);chromatin (annotations_grade_2), nuclear_punctae (annotations_grade_2), nucleolus_fc_dfc (annotations_grade_2), nucleoplasm (annotations_grade_3);DNA-templated transcription, Regulation of transcription, Nuclear RNA binding proteins, RNA processing;Regulation of transcription;"Alabert et al., 2014; Alvarez et al., 2023; Ginno et al., 2018; Itzhak et al., 2016; Kustatscher et al., 2014; Shi et al., 2021; Torrente et al., 2011; Ugur et al., 2023";642.0;"RRM_1(RNA recognition motif. (a.k.a. RRM, RBD, or RNP domain),PF00076);RRM_1(RNA recognition motif. (a.k.a. RRM, RBD, or RNP domain),PF00076);NOPS(NOPS (NUC059) domain,PF08075)";471;"NONO-PSPC1 RNA-binding complex,CPX-889,ECO:0000353(physical interaction evidence used in manual assertion);SFPQ-NONO RNA-binding complex,CPX-7765,ECO:0000353(physical interaction evidence used in manual assertion);NONO RNA-binding homodimer,CPX-7781,ECO:0000353(physical interaction evidence used in manual assertion)";RP35308593;LINC00940;lncRNA;Homo sapiens;protein;Homo sapiens;NCBI:100271702;NCBI:4841;0.2364;CLIP;;;1118;ENSG00000235049;-2.02215500039528;-2.3267320318411;-10.0877239726463;3.34492056322503e-12;1.34019817233216e-10;17.7359346982347
83961;2221774;NONO;Q15233;Non-POU domain-containing octamer-binding protein (p54(nrb)) (p54nrb) (NMT55);Chromosome (ECO:0000250), Nucleus (ECO:0000269), Nucleus speckle (ECO:0000269);Nucleoli (Supported), Nucleoli fibrillar center (Enhanced), Nucleoplasm (Enhanced);chromatin (annotations_grade_2), nuclear_punctae (annotations_grade_2), nucleolus_fc_dfc (annotations_grade_2), nucleoplasm (annotations_grade_3);DNA-templated transcription, Regulation of transcription, Nuclear RNA binding proteins, RNA processing;Regulation of transcription;"Alabert et al., 2014; Alvarez et al., 2023; Ginno et al., 2018; Itzhak et al., 2016; Kustatscher et al., 2014; Shi et al., 2021; Torrente et al., 2011; Ugur et al., 2023";642.0;"RRM_1(RNA recognition motif. (a.k.a. RRM, RBD, or RNP domain),PF00076);RRM_1(RNA recognition motif. (a.k.a. RRM, RBD, or RNP domain),PF00076);NOPS(NOPS (NUC059) domain,PF08075)";471;"NONO-PSPC1 RNA-binding complex,CPX-889,ECO:0000353(physical interaction evidence used in manual assertion);SFPQ-NONO RNA-binding complex,CPX-7765,ECO:0000353(physical interaction evidence used in manual assertion);NONO RNA-binding homodimer,CPX-7781,ECO:0000353(physical interaction evidence used in manual assertion)";RP35308134;LINC00926;lncRNA;Homo sapiens;protein;Homo sapiens;NCBI:283663;NCBI:4841;0.2364;CLIP;;;1524;ENSG00000247982;-2.91105104767217;3.27604843264759;-7.78213923254109;2.5220837406324e-09;3.84274426400029e-08;11.1466953497868
83962;2221781;NONO;Q15233;Non-POU domain-containing octamer-binding protein (p54(nrb)) (p54nrb) (NMT55);Chromosome (ECO:0000250), Nucleus (ECO:0000269), Nucleus speckle (ECO:0000269);Nucleoli (Supported), Nucleoli fibrillar center (Enhanced), Nucleoplasm (Enhanced);chromatin (annotations_grade_2), nuclear_punctae (annotations_grade_2), nucleolus_fc_dfc (annotations_grade_2), nucleoplasm (annotations_grade_3);DNA-templated transcription, Regulation of transcription, Nuclear RNA binding proteins, RNA processing;Regulation of transcription;"Alabert et al., 2014; Alvarez et al., 2023; Ginno et al., 2018; Itzhak et al., 2016; Kustatscher et al., 2014; Shi et al., 2021; Torrente et al., 2011; Ugur et al., 2023";642.0;"RRM_1(RNA recognition motif. (a.k.a. RRM, RBD, or RNP domain),PF00076);RRM_1(RNA recognition motif. (a.k.a. RRM, RBD, or RNP domain),PF00076);NOPS(NOPS (NUC059) domain,PF08075)";471;"NONO-PSPC1 RNA-binding complex,CPX-889,ECO:0000353(physical interaction evidence used in manual assertion);SFPQ-NONO RNA-binding complex,CPX-7765,ECO:0000353(physical interaction evidence used in manual assertion);NONO RNA-binding homodimer,CPX-7781,ECO:0000353(physical interaction evidence used in manual assertion)";RP35308771;LINC00944;lncRNA;Homo sapiens;protein;Homo sapiens;NCBI:387895;NCBI:4841;0.2364;CLIP;;;2051;ENSG00000256128;-3.57226909312257;1.45482991672144;-9.01841630890728;6.65988117201706e-11;1.5779342449407802e-09;14.7619702673137
83963;2221782;NONO;Q15233;Non-POU domain-containing octamer-binding protein (p54(nrb)) (p54nrb) (NMT55);Chromosome (ECO:0000250), Nucleus (ECO:0000269), Nucleus speckle (ECO:0000269);Nucleoli (Supported), Nucleoli fibrillar center (Enhanced), Nucleoplasm (Enhanced);chromatin (annotations_grade_2), nuclear_punctae (annotations_grade_2), nucleolus_fc_dfc (annotations_grade_2), nucleoplasm (annotations_grade_3);DNA-templated transcription, Regulation of transcription, Nuclear RNA binding proteins, RNA processing;Regulation of transcription;"Alabert et al., 2014; Alvarez et al., 2023; Ginno et al., 2018; Itzhak et al., 2016; Kustatscher et al., 2014; Shi et al., 2021; Torrente et al., 2011; Ugur et al., 2023";642.0;"RRM_1(RNA recognition motif. (a.k.a. RRM, RBD, or RNP domain),PF00076);RRM_1(RNA recognition motif. (a.k.a. RRM, RBD, or RNP domain),PF00076);NOPS(NOPS (NUC059) domain,PF08075)";471;"NONO-PSPC1 RNA-binding complex,CPX-889,ECO:0000353(physical interaction evidence used in manual assertion);SFPQ-NONO RNA-binding complex,CPX-7765,ECO:0000353(physical interaction evidence used in manual assertion);NONO RNA-binding homodimer,CPX-7781,ECO:0000353(physical interaction evidence used in manual assertion)";RP35308809;LINC00954;lncRNA;Homo sapiens;protein;Homo sapiens;NCBI:400946;NCBI:4841;0.2364;CLIP;;;632;ENSG00000228784;-2.47727010616684;1.73829963219017;-8.56988062195246;2.43822613252651e-10;4.86143001873888e-09;13.4709112252178
83964;2222002;NONO;Q15233;Non-POU domain-containing octamer-binding protein (p54(nrb)) (p54nrb) (NMT55);Chromosome (ECO:0000250), Nucleus (ECO:0000269), Nucleus speckle (ECO:0000269);Nucleoli (Supported), Nucleoli fibrillar center (Enhanced), Nucleoplasm (Enhanced);chromatin (annotations_grade_2), nuclear_punctae (annotations_grade_2), nucleolus_fc_dfc (annotations_grade_2), nucleoplasm (annotations_grade_3);DNA-templated transcription, Regulation of transcription, Nuclear RNA binding proteins, RNA processing;Regulation of transcription;"Alabert et al., 2014; Alvarez et al., 2023; Ginno et al., 2018; Itzhak et al., 2016; Kustatscher et al., 2014; Shi et al., 2021; Torrente et al., 2011; Ugur et al., 2023";642.0;"RRM_1(RNA recognition motif. (a.k.a. RRM, RBD, or RNP domain),PF00076);RRM_1(RNA recognition motif. (a.k.a. RRM, RBD, or RNP domain),PF00076);NOPS(NOPS (NUC059) domain,PF08075)";471;"NONO-PSPC1 RNA-binding complex,CPX-889,ECO:0000353(physical interaction evidence used in manual assertion);SFPQ-NONO RNA-binding complex,CPX-7765,ECO:0000353(physical interaction evidence used in manual assertion);NONO RNA-binding homodimer,CPX-7781,ECO:0000353(physical interaction evidence used in manual assertion)";RP33841790;SNHG1;lncRNA;Homo sapiens;RBP;Homo sapiens;NCBI:23642;NCBI:4841;0.3558;CLIP;eCLIP;;2023;ENSG00000255717;-3.1343954975797;3.5255615293517;-12.1724795306288;1.50067688859263e-14;2.52533906812367e-12;23.0956312855758
83965;2222004;NONO;Q15233;Non-POU domain-containing octamer-binding protein (p54(nrb)) (p54nrb) (NMT55);Chromosome (ECO:0000250), Nucleus (ECO:0000269), Nucleus speckle (ECO:0000269);Nucleoli (Supported), Nucleoli fibrillar center (Enhanced), Nucleoplasm (Enhanced);chromatin (annotations_grade_2), nuclear_punctae (annotations_grade_2), nucleolus_fc_dfc (annotations_grade_2), nucleoplasm (annotations_grade_3);DNA-templated transcription, Regulation of transcription, Nuclear RNA binding proteins, RNA processing;Regulation of transcription;"Alabert et al., 2014; Alvarez et al., 2023; Ginno et al., 2018; Itzhak et al., 2016; Kustatscher et al., 2014; Shi et al., 2021; Torrente et al., 2011; Ugur et al., 2023";642.0;"RRM_1(RNA recognition motif. (a.k.a. RRM, RBD, or RNP domain),PF00076);RRM_1(RNA recognition motif. (a.k.a. RRM, RBD, or RNP domain),PF00076);NOPS(NOPS (NUC059) domain,PF08075)";471;"NONO-PSPC1 RNA-binding complex,CPX-889,ECO:0000353(physical interaction evidence used in manual assertion);SFPQ-NONO RNA-binding complex,CPX-7765,ECO:0000353(physical interaction evidence used in manual assertion);NONO RNA-binding homodimer,CPX-7781,ECO:0000353(physical interaction evidence used in manual assertion)";RP33735826;SNHG11;lncRNA;Homo sapiens;RBP;Homo sapiens;NCBI:128439;NCBI:4841;0.3558;CLIP;eCLIP;;25;ENSG00000174365;-1.93584870158956;0.727560758018254;-8.01486359681623;1.25563120362735e-09;2.12146203761457e-08;11.840398547648
83966;1473504;HNRNPU;Q00839;Heterogeneous nuclear ribonucleoprotein U (GRIP120) (SAF-A) (p120) (pp120);Cell surface (ECO:0000269), Centrosome (ECO:0000269), Chromosome (ECO:0000269), Cytoplasm (ECO:0000269), Cytoplasmic granule (ECO:0000269), Kinetochore (ECO:0000269), Midbody (ECO:0000269), Nucleus (ECO:0000269), Nucleus matrix (ECO:0000269), Nucleus speckle (ECO:0000269), Spindle (ECO:0000269), Spindle pole (ECO:0000269);Nucleoplasm (Supported);chromatin (annotations_grade_2), nucleoplasm (annotations_grade_3);DNA-templated transcription, Regulation of transcription, Nuclear RNA binding proteins, RNA processing, X-chromosome inactivation, Centromere-associated;Regulation of transcription;"Alabert et al., 2014; Alvarez et al., 2023; Ginno et al., 2018; Shi et al., 2021; Torrente et al., 2011";914.0;"SPRY(SPRY domain,PF00622);SAP(SAP domain,PF02037);AAA_33(AAA domain,PF13671)";825;CRD-mediated mRNA stability complex,CPX-1080,ECO:0000353(physical interaction evidence used in manual assertion);RP08433879;XIST;lncRNA;Homo sapiens;RBP;Homo sapiens;NCBI:7503;NCBI:3192;0.435;RNA interference//IP;eCLIP//HITS-CLIP//CLIP-seq;;718;ENSG00000229807;-6.57326935078366;1.54159830942689;-4.14945804433362;0.0001856278660776;0.0008424341236124;0.0917621252499083
83968;2222077;NONO;Q15233;Non-POU domain-containing octamer-binding protein (p54(nrb)) (p54nrb) (NMT55);Chromosome (ECO:0000250), Nucleus (ECO:0000269), Nucleus speckle (ECO:0000269);Nucleoli (Supported), Nucleoli fibrillar center (Enhanced), Nucleoplasm (Enhanced);chromatin (annotations_grade_2), nuclear_punctae (annotations_grade_2), nucleolus_fc_dfc (annotations_grade_2), nucleoplasm (annotations_grade_3);DNA-templated transcription, Regulation of transcription, Nuclear RNA binding proteins, RNA processing;Regulation of transcription;"Alabert et al., 2014; Alvarez et al., 2023; Ginno et al., 2018; Itzhak et al., 2016; Kustatscher et al., 2014; Shi et al., 2021; Torrente et al., 2011; Ugur et al., 2023";642.0;"RRM_1(RNA recognition motif. (a.k.a. RRM, RBD, or RNP domain),PF00076);RRM_1(RNA recognition motif. (a.k.a. RRM, RBD, or RNP domain),PF00076);NOPS(NOPS (NUC059) domain,PF08075)";471;"NONO-PSPC1 RNA-binding complex,CPX-889,ECO:0000353(physical interaction evidence used in manual assertion);SFPQ-NONO RNA-binding complex,CPX-7765,ECO:0000353(physical interaction evidence used in manual assertion);NONO RNA-binding homodimer,CPX-7781,ECO:0000353(physical interaction evidence used in manual assertion)";RP36294681;TP53TG1;lncRNA;Homo sapiens;protein;Homo sapiens;NCBI:11257;NCBI:4841;0.2364;CLIP;;;65;ENSG00000182165;-1.57710008276527;0.273490325857145;-5.00587619209585;1.36356183430206e-05;7.98956077563895e-05;2.63819594067564
83970;2222011;NONO;Q15233;Non-POU domain-containing octamer-binding protein (p54(nrb)) (p54nrb) (NMT55);Chromosome (ECO:0000250), Nucleus (ECO:0000269), Nucleus speckle (ECO:0000269);Nucleoli (Supported), Nucleoli fibrillar center (Enhanced), Nucleoplasm (Enhanced);chromatin (annotations_grade_2), nuclear_punctae (annotations_grade_2), nucleolus_fc_dfc (annotations_grade_2), nucleoplasm (annotations_grade_3);DNA-templated transcription, Regulation of transcription, Nuclear RNA binding proteins, RNA processing;Regulation of transcription;"Alabert et al., 2014; Alvarez et al., 2023; Ginno et al., 2018; Itzhak et al., 2016; Kustatscher et al., 2014; Shi et al., 2021; Torrente et al., 2011; Ugur et al., 2023";642.0;"RRM_1(RNA recognition motif. (a.k.a. RRM, RBD, or RNP domain),PF00076);RRM_1(RNA recognition motif. (a.k.a. RRM, RBD, or RNP domain),PF00076);NOPS(NOPS (NUC059) domain,PF08075)";471;"NONO-PSPC1 RNA-binding complex,CPX-889,ECO:0000353(physical interaction evidence used in manual assertion);SFPQ-NONO RNA-binding complex,CPX-7765,ECO:0000353(physical interaction evidence used in manual assertion);NONO RNA-binding homodimer,CPX-7781,ECO:0000353(physical interaction evidence used in manual assertion)";RP33848604;SNHG6;lncRNA;Homo sapiens;RBP;Homo sapiens;NCBI:641638;NCBI:4841;0.3558;CLIP;eCLIP;;1482;ENSG00000245910;-3.02030504081192;2.13635252691397;-9.00111087542265;6.998606051362839e-11;1.6448679138594102e-09;14.7126214928218
83972;2222009;NONO;Q15233;Non-POU domain-containing octamer-binding protein (p54(nrb)) (p54nrb) (NMT55);Chromosome (ECO:0000250), Nucleus (ECO:0000269), Nucleus speckle (ECO:0000269);Nucleoli (Supported), Nucleoli fibrillar center (Enhanced), Nucleoplasm (Enhanced);chromatin (annotations_grade_2), nuclear_punctae (annotations_grade_2), nucleolus_fc_dfc (annotations_grade_2), nucleoplasm (annotations_grade_3);DNA-templated transcription, Regulation of transcription, Nuclear RNA binding proteins, RNA processing;Regulation of transcription;"Alabert et al., 2014; Alvarez et al., 2023; Ginno et al., 2018; Itzhak et al., 2016; Kustatscher et al., 2014; Shi et al., 2021; Torrente et al., 2011; Ugur et al., 2023";642.0;"RRM_1(RNA recognition motif. (a.k.a. RRM, RBD, or RNP domain),PF00076);RRM_1(RNA recognition motif. (a.k.a. RRM, RBD, or RNP domain),PF00076);NOPS(NOPS (NUC059) domain,PF08075)";471;"NONO-PSPC1 RNA-binding complex,CPX-889,ECO:0000353(physical interaction evidence used in manual assertion);SFPQ-NONO RNA-binding complex,CPX-7765,ECO:0000353(physical interaction evidence used in manual assertion);NONO RNA-binding homodimer,CPX-7781,ECO:0000353(physical interaction evidence used in manual assertion)";RP36083261;SNHG3;lncRNA;Homo sapiens;protein;Homo sapiens;NCBI:8420;NCBI:4841;0.3558;CLIP;eCLIP;;1404;ENSG00000242125;-1.66215020983997;3.80442253035105;-6.53607722997152;1.14898325278424e-07;1.11634469849037e-06;7.35322044661673
83974;2222007;NONO;Q15233;Non-POU domain-containing octamer-binding protein (p54(nrb)) (p54nrb) (NMT55);Chromosome (ECO:0000250), Nucleus (ECO:0000269), Nucleus speckle (ECO:0000269);Nucleoli (Supported), Nucleoli fibrillar center (Enhanced), Nucleoplasm (Enhanced);chromatin (annotations_grade_2), nuclear_punctae (annotations_grade_2), nucleolus_fc_dfc (annotations_grade_2), nucleoplasm (annotations_grade_3);DNA-templated transcription, Regulation of transcription, Nuclear RNA binding proteins, RNA processing;Regulation of transcription;"Alabert et al., 2014; Alvarez et al., 2023; Ginno et al., 2018; Itzhak et al., 2016; Kustatscher et al., 2014; Shi et al., 2021; Torrente et al., 2011; Ugur et al., 2023";642.0;"RRM_1(RNA recognition motif. (a.k.a. RRM, RBD, or RNP domain),PF00076);RRM_1(RNA recognition motif. (a.k.a. RRM, RBD, or RNP domain),PF00076);NOPS(NOPS (NUC059) domain,PF08075)";471;"NONO-PSPC1 RNA-binding complex,CPX-889,ECO:0000353(physical interaction evidence used in manual assertion);SFPQ-NONO RNA-binding complex,CPX-7765,ECO:0000353(physical interaction evidence used in manual assertion);NONO RNA-binding homodimer,CPX-7781,ECO:0000353(physical interaction evidence used in manual assertion)";RP33663689;SNHG16;lncRNA;Homo sapiens;RBP;Homo sapiens;NCBI:100507246;NCBI:4841;0.3558;CLIP;eCLIP;;17;ENSG00000163597;-1.76574685009836;3.88332039022155;-7.2253013716623;1.36790691052561e-08;1.73860555062877e-07;9.46585361999884
83976;2222035;NONO;Q15233;Non-POU domain-containing octamer-binding protein (p54(nrb)) (p54nrb) (NMT55);Chromosome (ECO:0000250), Nucleus (ECO:0000269), Nucleus speckle (ECO:0000269);Nucleoli (Supported), Nucleoli fibrillar center (Enhanced), Nucleoplasm (Enhanced);chromatin (annotations_grade_2), nuclear_punctae (annotations_grade_2), nucleolus_fc_dfc (annotations_grade_2), nucleoplasm (annotations_grade_3);DNA-templated transcription, Regulation of transcription, Nuclear RNA binding proteins, RNA processing;Regulation of transcription;"Alabert et al., 2014; Alvarez et al., 2023; Ginno et al., 2018; Itzhak et al., 2016; Kustatscher et al., 2014; Shi et al., 2021; Torrente et al., 2011; Ugur et al., 2023";642.0;"RRM_1(RNA recognition motif. (a.k.a. RRM, RBD, or RNP domain),PF00076);RRM_1(RNA recognition motif. (a.k.a. RRM, RBD, or RNP domain),PF00076);NOPS(NOPS (NUC059) domain,PF08075)";471;"NONO-PSPC1 RNA-binding complex,CPX-889,ECO:0000353(physical interaction evidence used in manual assertion);SFPQ-NONO RNA-binding complex,CPX-7765,ECO:0000353(physical interaction evidence used in manual assertion);NONO RNA-binding homodimer,CPX-7781,ECO:0000353(physical interaction evidence used in manual assertion)";RP36107048;SRP14-AS1;lncRNA;Homo sapiens;protein;Homo sapiens;NCBI:100131089;NCBI:4841;0.3558;CLIP;eCLIP;;1556;ENSG00000248508;-2.19894713477944;0.563780192006873;-7.86439606590049;1.9697654311136e-09;3.13894059420262e-08;11.3925225023124
83977;2222135;NONO;Q15233;Non-POU domain-containing octamer-binding protein (p54(nrb)) (p54nrb) (NMT55);Chromosome (ECO:0000250), Nucleus (ECO:0000269), Nucleus speckle (ECO:0000269);Nucleoli (Supported), Nucleoli fibrillar center (Enhanced), Nucleoplasm (Enhanced);chromatin (annotations_grade_2), nuclear_punctae (annotations_grade_2), nucleolus_fc_dfc (annotations_grade_2), nucleoplasm (annotations_grade_3);DNA-templated transcription, Regulation of transcription, Nuclear RNA binding proteins, RNA processing;Regulation of transcription;"Alabert et al., 2014; Alvarez et al., 2023; Ginno et al., 2018; Itzhak et al., 2016; Kustatscher et al., 2014; Shi et al., 2021; Torrente et al., 2011; Ugur et al., 2023";642.0;"RRM_1(RNA recognition motif. (a.k.a. RRM, RBD, or RNP domain),PF00076);RRM_1(RNA recognition motif. (a.k.a. RRM, RBD, or RNP domain),PF00076);NOPS(NOPS (NUC059) domain,PF08075)";471;"NONO-PSPC1 RNA-binding complex,CPX-889,ECO:0000353(physical interaction evidence used in manual assertion);SFPQ-NONO RNA-binding complex,CPX-7765,ECO:0000353(physical interaction evidence used in manual assertion);NONO RNA-binding homodimer,CPX-7781,ECO:0000353(physical interaction evidence used in manual assertion)";RP33746872;XIST;lncRNA;Homo sapiens;RBP;Homo sapiens;NCBI:7503;NCBI:4841;0.3558;CLIP;eCLIP;;718;ENSG00000229807;-6.57326935078366;1.54159830942689;-4.14945804433362;0.0001856278660776;0.0008424341236124;0.0917621252499083
83988;2221586;NONO;Q15233;Non-POU domain-containing octamer-binding protein (p54(nrb)) (p54nrb) (NMT55);Chromosome (ECO:0000250), Nucleus (ECO:0000269), Nucleus speckle (ECO:0000269);Nucleoli (Supported), Nucleoli fibrillar center (Enhanced), Nucleoplasm (Enhanced);chromatin (annotations_grade_2), nuclear_punctae (annotations_grade_2), nucleolus_fc_dfc (annotations_grade_2), nucleoplasm (annotations_grade_3);DNA-templated transcription, Regulation of transcription, Nuclear RNA binding proteins, RNA processing;Regulation of transcription;"Alabert et al., 2014; Alvarez et al., 2023; Ginno et al., 2018; Itzhak et al., 2016; Kustatscher et al., 2014; Shi et al., 2021; Torrente et al., 2011; Ugur et al., 2023";642.0;"RRM_1(RNA recognition motif. (a.k.a. RRM, RBD, or RNP domain),PF00076);RRM_1(RNA recognition motif. (a.k.a. RRM, RBD, or RNP domain),PF00076);NOPS(NOPS (NUC059) domain,PF08075)";471;"NONO-PSPC1 RNA-binding complex,CPX-889,ECO:0000353(physical interaction evidence used in manual assertion);SFPQ-NONO RNA-binding complex,CPX-7765,ECO:0000353(physical interaction evidence used in manual assertion);NONO RNA-binding homodimer,CPX-7781,ECO:0000353(physical interaction evidence used in manual assertion)";RP35220366;JPX;lncRNA;Homo sapiens;protein;Homo sapiens;NCBI:554203;NCBI:4841;0.3558;CLIP;eCLIP;;374;ENSG00000225470;-1.81667140678558;3.58380683530008;-7.33868036440905;9.67227303315251e-09;1.24819793406358e-07;9.810288704289
83989;2221581;NONO;Q15233;Non-POU domain-containing octamer-binding protein (p54(nrb)) (p54nrb) (NMT55);Chromosome (ECO:0000250), Nucleus (ECO:0000269), Nucleus speckle (ECO:0000269);Nucleoli (Supported), Nucleoli fibrillar center (Enhanced), Nucleoplasm (Enhanced);chromatin (annotations_grade_2), nuclear_punctae (annotations_grade_2), nucleolus_fc_dfc (annotations_grade_2), nucleoplasm (annotations_grade_3);DNA-templated transcription, Regulation of transcription, Nuclear RNA binding proteins, RNA processing;Regulation of transcription;"Alabert et al., 2014; Alvarez et al., 2023; Ginno et al., 2018; Itzhak et al., 2016; Kustatscher et al., 2014; Shi et al., 2021; Torrente et al., 2011; Ugur et al., 2023";642.0;"RRM_1(RNA recognition motif. (a.k.a. RRM, RBD, or RNP domain),PF00076);RRM_1(RNA recognition motif. (a.k.a. RRM, RBD, or RNP domain),PF00076);NOPS(NOPS (NUC059) domain,PF08075)";471;"NONO-PSPC1 RNA-binding complex,CPX-889,ECO:0000353(physical interaction evidence used in manual assertion);SFPQ-NONO RNA-binding complex,CPX-7765,ECO:0000353(physical interaction evidence used in manual assertion);NONO RNA-binding homodimer,CPX-7781,ECO:0000353(physical interaction evidence used in manual assertion)";RP35183480;IQCH-AS1;lncRNA;Homo sapiens;protein;Homo sapiens;NCBI:100506686;NCBI:4841;0.2364;CLIP;;;2357;ENSG00000259673;-2.36524264156248;-0.0326418860202442;-8.03552475053475;1.1805743112048e-09;2.01897403546284e-08;11.9017115063395
83990;2221650;NONO;Q15233;Non-POU domain-containing octamer-binding protein (p54(nrb)) (p54nrb) (NMT55);Chromosome (ECO:0000250), Nucleus (ECO:0000269), Nucleus speckle (ECO:0000269);Nucleoli (Supported), Nucleoli fibrillar center (Enhanced), Nucleoplasm (Enhanced);chromatin (annotations_grade_2), nuclear_punctae (annotations_grade_2), nucleolus_fc_dfc (annotations_grade_2), nucleoplasm (annotations_grade_3);DNA-templated transcription, Regulation of transcription, Nuclear RNA binding proteins, RNA processing;Regulation of transcription;"Alabert et al., 2014; Alvarez et al., 2023; Ginno et al., 2018; Itzhak et al., 2016; Kustatscher et al., 2014; Shi et al., 2021; Torrente et al., 2011; Ugur et al., 2023";642.0;"RRM_1(RNA recognition motif. (a.k.a. RRM, RBD, or RNP domain),PF00076);RRM_1(RNA recognition motif. (a.k.a. RRM, RBD, or RNP domain),PF00076);NOPS(NOPS (NUC059) domain,PF08075)";471;"NONO-PSPC1 RNA-binding complex,CPX-889,ECO:0000353(physical interaction evidence used in manual assertion);SFPQ-NONO RNA-binding complex,CPX-7765,ECO:0000353(physical interaction evidence used in manual assertion);NONO RNA-binding homodimer,CPX-7781,ECO:0000353(physical interaction evidence used in manual assertion)";RP35297506;LINC00334;lncRNA;Homo sapiens;protein;Homo sapiens;NCBI:114042;NCBI:4841;0.2364;CLIP;;;67;ENSG00000182586;-1.74995152778323;-1.7159745554779;-3.68277236966078;0.0007281151833878;0.0028310356529691;-1.2247670892293
83991;2221676;NONO;Q15233;Non-POU domain-containing octamer-binding protein (p54(nrb)) (p54nrb) (NMT55);Chromosome (ECO:0000250), Nucleus (ECO:0000269), Nucleus speckle (ECO:0000269);Nucleoli (Supported), Nucleoli fibrillar center (Enhanced), Nucleoplasm (Enhanced);chromatin (annotations_grade_2), nuclear_punctae (annotations_grade_2), nucleolus_fc_dfc (annotations_grade_2), nucleoplasm (annotations_grade_3);DNA-templated transcription, Regulation of transcription, Nuclear RNA binding proteins, RNA processing;Regulation of transcription;"Alabert et al., 2014; Alvarez et al., 2023; Ginno et al., 2018; Itzhak et al., 2016; Kustatscher et al., 2014; Shi et al., 2021; Torrente et al., 2011; Ugur et al., 2023";642.0;"RRM_1(RNA recognition motif. (a.k.a. RRM, RBD, or RNP domain),PF00076);RRM_1(RNA recognition motif. (a.k.a. RRM, RBD, or RNP domain),PF00076);NOPS(NOPS (NUC059) domain,PF08075)";471;"NONO-PSPC1 RNA-binding complex,CPX-889,ECO:0000353(physical interaction evidence used in manual assertion);SFPQ-NONO RNA-binding complex,CPX-7765,ECO:0000353(physical interaction evidence used in manual assertion);NONO RNA-binding homodimer,CPX-7781,ECO:0000353(physical interaction evidence used in manual assertion)";RP35299137;LINC00469;lncRNA;Homo sapiens;protein;Homo sapiens;NCBI:283982;NCBI:4841;0.2364;CLIP;;;39;ENSG00000177338;-2.12338491814261;-2.23108815078212;-6.76019672340328;5.73103100823216e-08;6.01258041187848e-07;8.04321012012561
83993;2221667;NONO;Q15233;Non-POU domain-containing octamer-binding protein (p54(nrb)) (p54nrb) (NMT55);Chromosome (ECO:0000250), Nucleus (ECO:0000269), Nucleus speckle (ECO:0000269);Nucleoli (Supported), Nucleoli fibrillar center (Enhanced), Nucleoplasm (Enhanced);chromatin (annotations_grade_2), nuclear_punctae (annotations_grade_2), nucleolus_fc_dfc (annotations_grade_2), nucleoplasm (annotations_grade_3);DNA-templated transcription, Regulation of transcription, Nuclear RNA binding proteins, RNA processing;Regulation of transcription;"Alabert et al., 2014; Alvarez et al., 2023; Ginno et al., 2018; Itzhak et al., 2016; Kustatscher et al., 2014; Shi et al., 2021; Torrente et al., 2011; Ugur et al., 2023";642.0;"RRM_1(RNA recognition motif. (a.k.a. RRM, RBD, or RNP domain),PF00076);RRM_1(RNA recognition motif. (a.k.a. RRM, RBD, or RNP domain),PF00076);NOPS(NOPS (NUC059) domain,PF08075)";471;"NONO-PSPC1 RNA-binding complex,CPX-889,ECO:0000353(physical interaction evidence used in manual assertion);SFPQ-NONO RNA-binding complex,CPX-7765,ECO:0000353(physical interaction evidence used in manual assertion);NONO RNA-binding homodimer,CPX-7781,ECO:0000353(physical interaction evidence used in manual assertion)";RP35298515;LINC00427;lncRNA;Homo sapiens;protein;Homo sapiens;NCBI:100507040;NCBI:4841;0.2364;CLIP;;;1213;ENSG00000236463;-2.07220291329678;-1.96342988696651;-6.57808756699087;1.0083134006945e-07;9.98111641581592e-07;7.48272830388191
83994;2221666;NONO;Q15233;Non-POU domain-containing octamer-binding protein (p54(nrb)) (p54nrb) (NMT55);Chromosome (ECO:0000250), Nucleus (ECO:0000269), Nucleus speckle (ECO:0000269);Nucleoli (Supported), Nucleoli fibrillar center (Enhanced), Nucleoplasm (Enhanced);chromatin (annotations_grade_2), nuclear_punctae (annotations_grade_2), nucleolus_fc_dfc (annotations_grade_2), nucleoplasm (annotations_grade_3);DNA-templated transcription, Regulation of transcription, Nuclear RNA binding proteins, RNA processing;Regulation of transcription;"Alabert et al., 2014; Alvarez et al., 2023; Ginno et al., 2018; Itzhak et al., 2016; Kustatscher et al., 2014; Shi et al., 2021; Torrente et al., 2011; Ugur et al., 2023";642.0;"RRM_1(RNA recognition motif. (a.k.a. RRM, RBD, or RNP domain),PF00076);RRM_1(RNA recognition motif. (a.k.a. RRM, RBD, or RNP domain),PF00076);NOPS(NOPS (NUC059) domain,PF08075)";471;"NONO-PSPC1 RNA-binding complex,CPX-889,ECO:0000353(physical interaction evidence used in manual assertion);SFPQ-NONO RNA-binding complex,CPX-7765,ECO:0000353(physical interaction evidence used in manual assertion);NONO RNA-binding homodimer,CPX-7781,ECO:0000353(physical interaction evidence used in manual assertion)";RP35298477;LINC00426;lncRNA;Homo sapiens;protein;Homo sapiens;NCBI:100188949;NCBI:4841;0.2364;CLIP;;;1336;ENSG00000238121;-2.3490125301135;2.72866220100849;-8.43620152093142;3.60657743554755e-10;6.62570797875482e-09;13.0814192603843
83995;2221663;NONO;Q15233;Non-POU domain-containing octamer-binding protein (p54(nrb)) (p54nrb) (NMT55);Chromosome (ECO:0000250), Nucleus (ECO:0000269), Nucleus speckle (ECO:0000269);Nucleoli (Supported), Nucleoli fibrillar center (Enhanced), Nucleoplasm (Enhanced);chromatin (annotations_grade_2), nuclear_punctae (annotations_grade_2), nucleolus_fc_dfc (annotations_grade_2), nucleoplasm (annotations_grade_3);DNA-templated transcription, Regulation of transcription, Nuclear RNA binding proteins, RNA processing;Regulation of transcription;"Alabert et al., 2014; Alvarez et al., 2023; Ginno et al., 2018; Itzhak et al., 2016; Kustatscher et al., 2014; Shi et al., 2021; Torrente et al., 2011; Ugur et al., 2023";642.0;"RRM_1(RNA recognition motif. (a.k.a. RRM, RBD, or RNP domain),PF00076);RRM_1(RNA recognition motif. (a.k.a. RRM, RBD, or RNP domain),PF00076);NOPS(NOPS (NUC059) domain,PF08075)";471;"NONO-PSPC1 RNA-binding complex,CPX-889,ECO:0000353(physical interaction evidence used in manual assertion);SFPQ-NONO RNA-binding complex,CPX-7765,ECO:0000353(physical interaction evidence used in manual assertion);NONO RNA-binding homodimer,CPX-7781,ECO:0000353(physical interaction evidence used in manual assertion)";RP35298315;LINC00402;lncRNA;Homo sapiens;protein;Homo sapiens;NCBI:100507612;NCBI:4841;0.2364;CLIP;;;1148;ENSG00000235532;-3.50586157390671;1.21956038377662;-9.6217805023904;1.2094532606375098e-11;3.94431772674575e-10;16.4585109624607
83996;2221640;NONO;Q15233;Non-POU domain-containing octamer-binding protein (p54(nrb)) (p54nrb) (NMT55);Chromosome (ECO:0000250), Nucleus (ECO:0000269), Nucleus speckle (ECO:0000269);Nucleoli (Supported), Nucleoli fibrillar center (Enhanced), Nucleoplasm (Enhanced);chromatin (annotations_grade_2), nuclear_punctae (annotations_grade_2), nucleolus_fc_dfc (annotations_grade_2), nucleoplasm (annotations_grade_3);DNA-templated transcription, Regulation of transcription, Nuclear RNA binding proteins, RNA processing;Regulation of transcription;"Alabert et al., 2014; Alvarez et al., 2023; Ginno et al., 2018; Itzhak et al., 2016; Kustatscher et al., 2014; Shi et al., 2021; Torrente et al., 2011; Ugur et al., 2023";642.0;"RRM_1(RNA recognition motif. (a.k.a. RRM, RBD, or RNP domain),PF00076);RRM_1(RNA recognition motif. (a.k.a. RRM, RBD, or RNP domain),PF00076);NOPS(NOPS (NUC059) domain,PF08075)";471;"NONO-PSPC1 RNA-binding complex,CPX-889,ECO:0000353(physical interaction evidence used in manual assertion);SFPQ-NONO RNA-binding complex,CPX-7765,ECO:0000353(physical interaction evidence used in manual assertion);NONO RNA-binding homodimer,CPX-7781,ECO:0000353(physical interaction evidence used in manual assertion)";RP35296914;LINC00310;lncRNA;Homo sapiens;protein;Homo sapiens;NCBI:114036;NCBI:4841;0.2364;CLIP;;;528;ENSG00000227456;-1.71889329294281;-0.576401170927827;-5.1568343783609;8.53318954351651e-06;5.17278507342564e-05;3.0983635894232
83997;2221613;NONO;Q15233;Non-POU domain-containing octamer-binding protein (p54(nrb)) (p54nrb) (NMT55);Chromosome (ECO:0000250), Nucleus (ECO:0000269), Nucleus speckle (ECO:0000269);Nucleoli (Supported), Nucleoli fibrillar center (Enhanced), Nucleoplasm (Enhanced);chromatin (annotations_grade_2), nuclear_punctae (annotations_grade_2), nucleolus_fc_dfc (annotations_grade_2), nucleoplasm (annotations_grade_3);DNA-templated transcription, Regulation of transcription, Nuclear RNA binding proteins, RNA processing;Regulation of transcription;"Alabert et al., 2014; Alvarez et al., 2023; Ginno et al., 2018; Itzhak et al., 2016; Kustatscher et al., 2014; Shi et al., 2021; Torrente et al., 2011; Ugur et al., 2023";642.0;"RRM_1(RNA recognition motif. (a.k.a. RRM, RBD, or RNP domain),PF00076);RRM_1(RNA recognition motif. (a.k.a. RRM, RBD, or RNP domain),PF00076);NOPS(NOPS (NUC059) domain,PF08075)";471;"NONO-PSPC1 RNA-binding complex,CPX-889,ECO:0000353(physical interaction evidence used in manual assertion);SFPQ-NONO RNA-binding complex,CPX-7765,ECO:0000353(physical interaction evidence used in manual assertion);NONO RNA-binding homodimer,CPX-7781,ECO:0000353(physical interaction evidence used in manual assertion)";RP08554249;LINC00106;lncRNA;Homo sapiens;RBP;Homo sapiens;NCBI:751580;NCBI:4841;0.3558;CLIP;eCLIP;;1237;ENSG00000236871;-2.56865137787452;2.55025564923087;-9.37492771567083;2.41692692000027e-11;7.01242176030423e-10;15.7701122372773
83998;2221613;NONO;Q15233;Non-POU domain-containing octamer-binding protein (p54(nrb)) (p54nrb) (NMT55);Chromosome (ECO:0000250), Nucleus (ECO:0000269), Nucleus speckle (ECO:0000269);Nucleoli (Supported), Nucleoli fibrillar center (Enhanced), Nucleoplasm (Enhanced);chromatin (annotations_grade_2), nuclear_punctae (annotations_grade_2), nucleolus_fc_dfc (annotations_grade_2), nucleoplasm (annotations_grade_3);DNA-templated transcription, Regulation of transcription, Nuclear RNA binding proteins, RNA processing;Regulation of transcription;"Alabert et al., 2014; Alvarez et al., 2023; Ginno et al., 2018; Itzhak et al., 2016; Kustatscher et al., 2014; Shi et al., 2021; Torrente et al., 2011; Ugur et al., 2023";642.0;"RRM_1(RNA recognition motif. (a.k.a. RRM, RBD, or RNP domain),PF00076);RRM_1(RNA recognition motif. (a.k.a. RRM, RBD, or RNP domain),PF00076);NOPS(NOPS (NUC059) domain,PF08075)";471;"NONO-PSPC1 RNA-binding complex,CPX-889,ECO:0000353(physical interaction evidence used in manual assertion);SFPQ-NONO RNA-binding complex,CPX-7765,ECO:0000353(physical interaction evidence used in manual assertion);NONO RNA-binding homodimer,CPX-7781,ECO:0000353(physical interaction evidence used in manual assertion)";RP08554249;LINC00106;lncRNA;Homo sapiens;RBP;Homo sapiens;NCBI:751580;NCBI:4841;0.3558;CLIP;eCLIP;;1238;ENSG00000236871;-2.56865137787452;2.55025564923087;-9.37492771567083;2.41692692000027e-11;7.01242176030423e-10;15.7701122372773
83999;2221635;NONO;Q15233;Non-POU domain-containing octamer-binding protein (p54(nrb)) (p54nrb) (NMT55);Chromosome (ECO:0000250), Nucleus (ECO:0000269), Nucleus speckle (ECO:0000269);Nucleoli (Supported), Nucleoli fibrillar center (Enhanced), Nucleoplasm (Enhanced);chromatin (annotations_grade_2), nuclear_punctae (annotations_grade_2), nucleolus_fc_dfc (annotations_grade_2), nucleoplasm (annotations_grade_3);DNA-templated transcription, Regulation of transcription, Nuclear RNA binding proteins, RNA processing;Regulation of transcription;"Alabert et al., 2014; Alvarez et al., 2023; Ginno et al., 2018; Itzhak et al., 2016; Kustatscher et al., 2014; Shi et al., 2021; Torrente et al., 2011; Ugur et al., 2023";642.0;"RRM_1(RNA recognition motif. (a.k.a. RRM, RBD, or RNP domain),PF00076);RRM_1(RNA recognition motif. (a.k.a. RRM, RBD, or RNP domain),PF00076);NOPS(NOPS (NUC059) domain,PF08075)";471;"NONO-PSPC1 RNA-binding complex,CPX-889,ECO:0000353(physical interaction evidence used in manual assertion);SFPQ-NONO RNA-binding complex,CPX-7765,ECO:0000353(physical interaction evidence used in manual assertion);NONO RNA-binding homodimer,CPX-7781,ECO:0000353(physical interaction evidence used in manual assertion)";RP35296569;LINC00299;lncRNA;Homo sapiens;protein;Homo sapiens;NCBI:339789;NCBI:4841;0.2364;CLIP;;;1231;ENSG00000236790;-3.16321551373561;1.49436630961878;-12.8196817543434;3.13051348649769e-15;7.74710013982104e-13;24.6433702637167
84000;2221633;NONO;Q15233;Non-POU domain-containing octamer-binding protein (p54(nrb)) (p54nrb) (NMT55);Chromosome (ECO:0000250), Nucleus (ECO:0000269), Nucleus speckle (ECO:0000269);Nucleoli (Supported), Nucleoli fibrillar center (Enhanced), Nucleoplasm (Enhanced);chromatin (annotations_grade_2), nuclear_punctae (annotations_grade_2), nucleolus_fc_dfc (annotations_grade_2), nucleoplasm (annotations_grade_3);DNA-templated transcription, Regulation of transcription, Nuclear RNA binding proteins, RNA processing;Regulation of transcription;"Alabert et al., 2014; Alvarez et al., 2023; Ginno et al., 2018; Itzhak et al., 2016; Kustatscher et al., 2014; Shi et al., 2021; Torrente et al., 2011; Ugur et al., 2023";642.0;"RRM_1(RNA recognition motif. (a.k.a. RRM, RBD, or RNP domain),PF00076);RRM_1(RNA recognition motif. (a.k.a. RRM, RBD, or RNP domain),PF00076);NOPS(NOPS (NUC059) domain,PF08075)";471;"NONO-PSPC1 RNA-binding complex,CPX-889,ECO:0000353(physical interaction evidence used in manual assertion);SFPQ-NONO RNA-binding complex,CPX-7765,ECO:0000353(physical interaction evidence used in manual assertion);NONO RNA-binding homodimer,CPX-7781,ECO:0000353(physical interaction evidence used in manual assertion)";RP35296300;LINC00278;lncRNA;Homo sapiens;protein;Homo sapiens;NCBI:100873962;NCBI:4841;0.2364;CLIP;;;862;ENSG00000231535;3.0750934355534;0.196655855636968;2.53142954767521;0.0157079581569749;0.0424700385388133;-4.10364771385186
84001;2221628;NONO;Q15233;Non-POU domain-containing octamer-binding protein (p54(nrb)) (p54nrb) (NMT55);Chromosome (ECO:0000250), Nucleus (ECO:0000269), Nucleus speckle (ECO:0000269);Nucleoli (Supported), Nucleoli fibrillar center (Enhanced), Nucleoplasm (Enhanced);chromatin (annotations_grade_2), nuclear_punctae (annotations_grade_2), nucleolus_fc_dfc (annotations_grade_2), nucleoplasm (annotations_grade_3);DNA-templated transcription, Regulation of transcription, Nuclear RNA binding proteins, RNA processing;Regulation of transcription;"Alabert et al., 2014; Alvarez et al., 2023; Ginno et al., 2018; Itzhak et al., 2016; Kustatscher et al., 2014; Shi et al., 2021; Torrente et al., 2011; Ugur et al., 2023";642.0;"RRM_1(RNA recognition motif. (a.k.a. RRM, RBD, or RNP domain),PF00076);RRM_1(RNA recognition motif. (a.k.a. RRM, RBD, or RNP domain),PF00076);NOPS(NOPS (NUC059) domain,PF08075)";471;"NONO-PSPC1 RNA-binding complex,CPX-889,ECO:0000353(physical interaction evidence used in manual assertion);SFPQ-NONO RNA-binding complex,CPX-7765,ECO:0000353(physical interaction evidence used in manual assertion);NONO RNA-binding homodimer,CPX-7781,ECO:0000353(physical interaction evidence used in manual assertion)";RP35296008;LINC00265;lncRNA;Homo sapiens;protein;Homo sapiens;NCBI:349114;NCBI:4841;0.2364;CLIP;;;82;ENSG00000188185;-2.2966618158003;0.721994064943969;-10.8578763845317;4.25262219587215e-13;2.4848307747269597e-11;19.7835899009205
84002;2221432;NONO;Q15233;Non-POU domain-containing octamer-binding protein (p54(nrb)) (p54nrb) (NMT55);Chromosome (ECO:0000250), Nucleus (ECO:0000269), Nucleus speckle (ECO:0000269);Nucleoli (Supported), Nucleoli fibrillar center (Enhanced), Nucleoplasm (Enhanced);chromatin (annotations_grade_2), nuclear_punctae (annotations_grade_2), nucleolus_fc_dfc (annotations_grade_2), nucleoplasm (annotations_grade_3);DNA-templated transcription, Regulation of transcription, Nuclear RNA binding proteins, RNA processing;Regulation of transcription;"Alabert et al., 2014; Alvarez et al., 2023; Ginno et al., 2018; Itzhak et al., 2016; Kustatscher et al., 2014; Shi et al., 2021; Torrente et al., 2011; Ugur et al., 2023";642.0;"RRM_1(RNA recognition motif. (a.k.a. RRM, RBD, or RNP domain),PF00076);RRM_1(RNA recognition motif. (a.k.a. RRM, RBD, or RNP domain),PF00076);NOPS(NOPS (NUC059) domain,PF08075)";471;"NONO-PSPC1 RNA-binding complex,CPX-889,ECO:0000353(physical interaction evidence used in manual assertion);SFPQ-NONO RNA-binding complex,CPX-7765,ECO:0000353(physical interaction evidence used in manual assertion);NONO RNA-binding homodimer,CPX-7781,ECO:0000353(physical interaction evidence used in manual assertion)";RP34710054;DANCR;lncRNA;Homo sapiens;protein;Homo sapiens;NCBI:57291;NCBI:4841;0.3558;CLIP;eCLIP;;493;ENSG00000226950;-1.97490458175396;2.8150326492749;-6.0781695760482;4.79377709969811e-07;4.02543318531536e-06;5.93825752661623
84003;2221487;NONO;Q15233;Non-POU domain-containing octamer-binding protein (p54(nrb)) (p54nrb) (NMT55);Chromosome (ECO:0000250), Nucleus (ECO:0000269), Nucleus speckle (ECO:0000269);Nucleoli (Supported), Nucleoli fibrillar center (Enhanced), Nucleoplasm (Enhanced);chromatin (annotations_grade_2), nuclear_punctae (annotations_grade_2), nucleolus_fc_dfc (annotations_grade_2), nucleoplasm (annotations_grade_3);DNA-templated transcription, Regulation of transcription, Nuclear RNA binding proteins, RNA processing;Regulation of transcription;"Alabert et al., 2014; Alvarez et al., 2023; Ginno et al., 2018; Itzhak et al., 2016; Kustatscher et al., 2014; Shi et al., 2021; Torrente et al., 2011; Ugur et al., 2023";642.0;"RRM_1(RNA recognition motif. (a.k.a. RRM, RBD, or RNP domain),PF00076);RRM_1(RNA recognition motif. (a.k.a. RRM, RBD, or RNP domain),PF00076);NOPS(NOPS (NUC059) domain,PF08075)";471;"NONO-PSPC1 RNA-binding complex,CPX-889,ECO:0000353(physical interaction evidence used in manual assertion);SFPQ-NONO RNA-binding complex,CPX-7765,ECO:0000353(physical interaction evidence used in manual assertion);NONO RNA-binding homodimer,CPX-7781,ECO:0000353(physical interaction evidence used in manual assertion)";RP34874807;FAM66B;lncRNA;Homo sapiens;protein;Homo sapiens;NCBI:100128890;NCBI:4841;0.2364;CLIP;;;213;ENSG00000215374;-2.24058640920372;-1.15706040212715;-9.59984701820656;1.2857804725133199e-11;4.10967563783427e-10;16.3976687082489
84004;2221515;NONO;Q15233;Non-POU domain-containing octamer-binding protein (p54(nrb)) (p54nrb) (NMT55);Chromosome (ECO:0000250), Nucleus (ECO:0000269), Nucleus speckle (ECO:0000269);Nucleoli (Supported), Nucleoli fibrillar center (Enhanced), Nucleoplasm (Enhanced);chromatin (annotations_grade_2), nuclear_punctae (annotations_grade_2), nucleolus_fc_dfc (annotations_grade_2), nucleoplasm (annotations_grade_3);DNA-templated transcription, Regulation of transcription, Nuclear RNA binding proteins, RNA processing;Regulation of transcription;"Alabert et al., 2014; Alvarez et al., 2023; Ginno et al., 2018; Itzhak et al., 2016; Kustatscher et al., 2014; Shi et al., 2021; Torrente et al., 2011; Ugur et al., 2023";642.0;"RRM_1(RNA recognition motif. (a.k.a. RRM, RBD, or RNP domain),PF00076);RRM_1(RNA recognition motif. (a.k.a. RRM, RBD, or RNP domain),PF00076);NOPS(NOPS (NUC059) domain,PF08075)";471;"NONO-PSPC1 RNA-binding complex,CPX-889,ECO:0000353(physical interaction evidence used in manual assertion);SFPQ-NONO RNA-binding complex,CPX-7765,ECO:0000353(physical interaction evidence used in manual assertion);NONO RNA-binding homodimer,CPX-7781,ECO:0000353(physical interaction evidence used in manual assertion)";RP33774618;GAS5;lncRNA;Homo sapiens;RBP;Homo sapiens;NCBI:60674;NCBI:4841;0.3558;CLIP;eCLIP;;1098;ENSG00000234741;-2.56041864444156;3.87237361491495;-7.93865419283863;1.5767911812111202e-09;2.58115194527439e-08;11.6138519668715
84005;2221504;NONO;Q15233;Non-POU domain-containing octamer-binding protein (p54(nrb)) (p54nrb) (NMT55);Chromosome (ECO:0000250), Nucleus (ECO:0000269), Nucleus speckle (ECO:0000269);Nucleoli (Supported), Nucleoli fibrillar center (Enhanced), Nucleoplasm (Enhanced);chromatin (annotations_grade_2), nuclear_punctae (annotations_grade_2), nucleolus_fc_dfc (annotations_grade_2), nucleoplasm (annotations_grade_3);DNA-templated transcription, Regulation of transcription, Nuclear RNA binding proteins, RNA processing;Regulation of transcription;"Alabert et al., 2014; Alvarez et al., 2023; Ginno et al., 2018; Itzhak et al., 2016; Kustatscher et al., 2014; Shi et al., 2021; Torrente et al., 2011; Ugur et al., 2023";642.0;"RRM_1(RNA recognition motif. (a.k.a. RRM, RBD, or RNP domain),PF00076);RRM_1(RNA recognition motif. (a.k.a. RRM, RBD, or RNP domain),PF00076);NOPS(NOPS (NUC059) domain,PF08075)";471;"NONO-PSPC1 RNA-binding complex,CPX-889,ECO:0000353(physical interaction evidence used in manual assertion);SFPQ-NONO RNA-binding complex,CPX-7765,ECO:0000353(physical interaction evidence used in manual assertion);NONO RNA-binding homodimer,CPX-7781,ECO:0000353(physical interaction evidence used in manual assertion)";RP08554154;FOXD2-AS1;lncRNA;Homo sapiens;RBP;Homo sapiens;NCBI:84793;NCBI:4841;0.2364;CLIP;eCLIP;;1276;ENSG00000237424;-1.8714959216105;0.3642643731734;-7.73367357319933;2.9184334875863704e-09;4.32318650784361e-08;11.0015376011454
84006;2221444;NONO;Q15233;Non-POU domain-containing octamer-binding protein (p54(nrb)) (p54nrb) (NMT55);Chromosome (ECO:0000250), Nucleus (ECO:0000269), Nucleus speckle (ECO:0000269);Nucleoli (Supported), Nucleoli fibrillar center (Enhanced), Nucleoplasm (Enhanced);chromatin (annotations_grade_2), nuclear_punctae (annotations_grade_2), nucleolus_fc_dfc (annotations_grade_2), nucleoplasm (annotations_grade_3);DNA-templated transcription, Regulation of transcription, Nuclear RNA binding proteins, RNA processing;Regulation of transcription;"Alabert et al., 2014; Alvarez et al., 2023; Ginno et al., 2018; Itzhak et al., 2016; Kustatscher et al., 2014; Shi et al., 2021; Torrente et al., 2011; Ugur et al., 2023";642.0;"RRM_1(RNA recognition motif. (a.k.a. RRM, RBD, or RNP domain),PF00076);RRM_1(RNA recognition motif. (a.k.a. RRM, RBD, or RNP domain),PF00076);NOPS(NOPS (NUC059) domain,PF08075)";471;"NONO-PSPC1 RNA-binding complex,CPX-889,ECO:0000353(physical interaction evidence used in manual assertion);SFPQ-NONO RNA-binding complex,CPX-7765,ECO:0000353(physical interaction evidence used in manual assertion);NONO RNA-binding homodimer,CPX-7781,ECO:0000353(physical interaction evidence used in manual assertion)";RP34730137;DISC1FP1;lncRNA;Homo sapiens;protein;Homo sapiens;NCBI:101929222;NCBI:4841;0.2364;CLIP;;;2642;ENSG00000261645;-1.57960787827338;-2.09187619416356;-5.74915221319155;1.34209915776998e-06;9.95804436814516e-06;4.92061532040349
84008;2221470;NONO;Q15233;Non-POU domain-containing octamer-binding protein (p54(nrb)) (p54nrb) (NMT55);Chromosome (ECO:0000250), Nucleus (ECO:0000269), Nucleus speckle (ECO:0000269);Nucleoli (Supported), Nucleoli fibrillar center (Enhanced), Nucleoplasm (Enhanced);chromatin (annotations_grade_2), nuclear_punctae (annotations_grade_2), nucleolus_fc_dfc (annotations_grade_2), nucleoplasm (annotations_grade_3);DNA-templated transcription, Regulation of transcription, Nuclear RNA binding proteins, RNA processing;Regulation of transcription;"Alabert et al., 2014; Alvarez et al., 2023; Ginno et al., 2018; Itzhak et al., 2016; Kustatscher et al., 2014; Shi et al., 2021; Torrente et al., 2011; Ugur et al., 2023";642.0;"RRM_1(RNA recognition motif. (a.k.a. RRM, RBD, or RNP domain),PF00076);RRM_1(RNA recognition motif. (a.k.a. RRM, RBD, or RNP domain),PF00076);NOPS(NOPS (NUC059) domain,PF08075)";471;"NONO-PSPC1 RNA-binding complex,CPX-889,ECO:0000353(physical interaction evidence used in manual assertion);SFPQ-NONO RNA-binding complex,CPX-7765,ECO:0000353(physical interaction evidence used in manual assertion);NONO RNA-binding homodimer,CPX-7781,ECO:0000353(physical interaction evidence used in manual assertion)";RP33642149;EPB41L4A-AS1;lncRNA;Homo sapiens;RBP;Homo sapiens;NCBI:114915;NCBI:4841;0.3558;CLIP;eCLIP;;285;ENSG00000224032;-2.55110776467953;0.623872226190378;-8.55111286415612;2.57565840171701e-10;5.081461628800851e-09;13.4163564845539
84009;2714512;SFPQ;P23246;Splicing factor, proline- and glutamine-rich (hPOMp100) (PSF);Cytoplasm (ECO:0000269), Nucleus matrix (ECO:0000269), Nucleus speckle (ECO:0000269);Nucleoplasm (Enhanced);chromatin (annotations_grade_2), nuclear_punctae (annotations_grade_3), nucleoplasm (annotations_grade_2);DNA-templated transcription, Regulation of transcription, DNA metabolic processes, DNA repair, Nuclear RNA binding proteins, RNA processing;Regulation of transcription;"Alabert et al., 2014; Alvarez et al., 2023; Ginno et al., 2018; Itzhak et al., 2016; Kustatscher et al., 2014; Shi et al., 2021; Torrente et al., 2011; Ugur et al., 2023";446.0;"RRM_1(RNA recognition motif. (a.k.a. RRM, RBD, or RNP domain),PF00076);RRM_1(RNA recognition motif. (a.k.a. RRM, RBD, or RNP domain),PF00076);NOPS(NOPS (NUC059) domain,PF08075)";707;"SFPQ-PSPC1 RNA-binding complex,CPX-7764,ECO:0000353(physical interaction evidence used in manual assertion);SFPQ-NONO RNA-binding complex,CPX-7765,ECO:0000353(physical interaction evidence used in manual assertion);SFPQ RNA-binding homodimer,CPX-7782,ECO:0000353(physical interaction evidence used in manual assertion)";RP35294744;LINC00106;lncRNA;Homo sapiens;protein;Homo sapiens;NCBI:751580;NCBI:6421;0.3558;CLIP;eCLIP;;1237;ENSG00000236871;-2.56865137787452;2.55025564923087;-9.37492771567083;2.41692692000027e-11;7.01242176030423e-10;15.7701122372773
84010;2714512;SFPQ;P23246;Splicing factor, proline- and glutamine-rich (hPOMp100) (PSF);Cytoplasm (ECO:0000269), Nucleus matrix (ECO:0000269), Nucleus speckle (ECO:0000269);Nucleoplasm (Enhanced);chromatin (annotations_grade_2), nuclear_punctae (annotations_grade_3), nucleoplasm (annotations_grade_2);DNA-templated transcription, Regulation of transcription, DNA metabolic processes, DNA repair, Nuclear RNA binding proteins, RNA processing;Regulation of transcription;"Alabert et al., 2014; Alvarez et al., 2023; Ginno et al., 2018; Itzhak et al., 2016; Kustatscher et al., 2014; Shi et al., 2021; Torrente et al., 2011; Ugur et al., 2023";446.0;"RRM_1(RNA recognition motif. (a.k.a. RRM, RBD, or RNP domain),PF00076);RRM_1(RNA recognition motif. (a.k.a. RRM, RBD, or RNP domain),PF00076);NOPS(NOPS (NUC059) domain,PF08075)";707;"SFPQ-PSPC1 RNA-binding complex,CPX-7764,ECO:0000353(physical interaction evidence used in manual assertion);SFPQ-NONO RNA-binding complex,CPX-7765,ECO:0000353(physical interaction evidence used in manual assertion);SFPQ RNA-binding homodimer,CPX-7782,ECO:0000353(physical interaction evidence used in manual assertion)";RP35294744;LINC00106;lncRNA;Homo sapiens;protein;Homo sapiens;NCBI:751580;NCBI:6421;0.3558;CLIP;eCLIP;;1238;ENSG00000236871;-2.56865137787452;2.55025564923087;-9.37492771567083;2.41692692000027e-11;7.01242176030423e-10;15.7701122372773
84011;2714511;SFPQ;P23246;Splicing factor, proline- and glutamine-rich (hPOMp100) (PSF);Cytoplasm (ECO:0000269), Nucleus matrix (ECO:0000269), Nucleus speckle (ECO:0000269);Nucleoplasm (Enhanced);chromatin (annotations_grade_2), nuclear_punctae (annotations_grade_3), nucleoplasm (annotations_grade_2);DNA-templated transcription, Regulation of transcription, DNA metabolic processes, DNA repair, Nuclear RNA binding proteins, RNA processing;Regulation of transcription;"Alabert et al., 2014; Alvarez et al., 2023; Ginno et al., 2018; Itzhak et al., 2016; Kustatscher et al., 2014; Shi et al., 2021; Torrente et al., 2011; Ugur et al., 2023";446.0;"RRM_1(RNA recognition motif. (a.k.a. RRM, RBD, or RNP domain),PF00076);RRM_1(RNA recognition motif. (a.k.a. RRM, RBD, or RNP domain),PF00076);NOPS(NOPS (NUC059) domain,PF08075)";707;"SFPQ-PSPC1 RNA-binding complex,CPX-7764,ECO:0000353(physical interaction evidence used in manual assertion);SFPQ-NONO RNA-binding complex,CPX-7765,ECO:0000353(physical interaction evidence used in manual assertion);SFPQ RNA-binding homodimer,CPX-7782,ECO:0000353(physical interaction evidence used in manual assertion)";RP35294660;LINC00092;lncRNA;Homo sapiens;protein;Homo sapiens;NCBI:100188953;NCBI:6421;0.2865;CLIP;;Scan pipeline widely used MATCH algorithm;360;ENSG00000225194;-1.99803335356761;-1.18963800574954;-8.44583332056585;3.50601872017383e-10;6.46921962972425e-09;13.1095531012234
84012;2714445;SFPQ;P23246;Splicing factor, proline- and glutamine-rich (hPOMp100) (PSF);Cytoplasm (ECO:0000269), Nucleus matrix (ECO:0000269), Nucleus speckle (ECO:0000269);Nucleoplasm (Enhanced);chromatin (annotations_grade_2), nuclear_punctae (annotations_grade_3), nucleoplasm (annotations_grade_2);DNA-templated transcription, Regulation of transcription, DNA metabolic processes, DNA repair, Nuclear RNA binding proteins, RNA processing;Regulation of transcription;"Alabert et al., 2014; Alvarez et al., 2023; Ginno et al., 2018; Itzhak et al., 2016; Kustatscher et al., 2014; Shi et al., 2021; Torrente et al., 2011; Ugur et al., 2023";446.0;"RRM_1(RNA recognition motif. (a.k.a. RRM, RBD, or RNP domain),PF00076);RRM_1(RNA recognition motif. (a.k.a. RRM, RBD, or RNP domain),PF00076);NOPS(NOPS (NUC059) domain,PF08075)";707;"SFPQ-PSPC1 RNA-binding complex,CPX-7764,ECO:0000353(physical interaction evidence used in manual assertion);SFPQ-NONO RNA-binding complex,CPX-7765,ECO:0000353(physical interaction evidence used in manual assertion);SFPQ RNA-binding homodimer,CPX-7782,ECO:0000353(physical interaction evidence used in manual assertion)";RP08717707;JPX;lncRNA;Homo sapiens;TF;Homo sapiens;NCBI:554203;NCBI:6421;0.3812;CLIP;eCLIP;Scan pipeline widely used MATCH algorithm;374;ENSG00000225470;-1.81667140678558;3.58380683530008;-7.33868036440905;9.67227303315251e-09;1.24819793406358e-07;9.810288704289
84013;2714576;SFPQ;P23246;Splicing factor, proline- and glutamine-rich (hPOMp100) (PSF);Cytoplasm (ECO:0000269), Nucleus matrix (ECO:0000269), Nucleus speckle (ECO:0000269);Nucleoplasm (Enhanced);chromatin (annotations_grade_2), nuclear_punctae (annotations_grade_3), nucleoplasm (annotations_grade_2);DNA-templated transcription, Regulation of transcription, DNA metabolic processes, DNA repair, Nuclear RNA binding proteins, RNA processing;Regulation of transcription;"Alabert et al., 2014; Alvarez et al., 2023; Ginno et al., 2018; Itzhak et al., 2016; Kustatscher et al., 2014; Shi et al., 2021; Torrente et al., 2011; Ugur et al., 2023";446.0;"RRM_1(RNA recognition motif. (a.k.a. RRM, RBD, or RNP domain),PF00076);RRM_1(RNA recognition motif. (a.k.a. RRM, RBD, or RNP domain),PF00076);NOPS(NOPS (NUC059) domain,PF08075)";707;"SFPQ-PSPC1 RNA-binding complex,CPX-7764,ECO:0000353(physical interaction evidence used in manual assertion);SFPQ-NONO RNA-binding complex,CPX-7765,ECO:0000353(physical interaction evidence used in manual assertion);SFPQ RNA-binding homodimer,CPX-7782,ECO:0000353(physical interaction evidence used in manual assertion)";RP35299140;LINC00469;lncRNA;Homo sapiens;protein;Homo sapiens;NCBI:283982;NCBI:6421;0.2364;CLIP;;;39;ENSG00000177338;-2.12338491814261;-2.23108815078212;-6.76019672340328;5.73103100823216e-08;6.01258041187848e-07;8.04321012012561
84014;2714575;SFPQ;P23246;Splicing factor, proline- and glutamine-rich (hPOMp100) (PSF);Cytoplasm (ECO:0000269), Nucleus matrix (ECO:0000269), Nucleus speckle (ECO:0000269);Nucleoplasm (Enhanced);chromatin (annotations_grade_2), nuclear_punctae (annotations_grade_3), nucleoplasm (annotations_grade_2);DNA-templated transcription, Regulation of transcription, DNA metabolic processes, DNA repair, Nuclear RNA binding proteins, RNA processing;Regulation of transcription;"Alabert et al., 2014; Alvarez et al., 2023; Ginno et al., 2018; Itzhak et al., 2016; Kustatscher et al., 2014; Shi et al., 2021; Torrente et al., 2011; Ugur et al., 2023";446.0;"RRM_1(RNA recognition motif. (a.k.a. RRM, RBD, or RNP domain),PF00076);RRM_1(RNA recognition motif. (a.k.a. RRM, RBD, or RNP domain),PF00076);NOPS(NOPS (NUC059) domain,PF08075)";707;"SFPQ-PSPC1 RNA-binding complex,CPX-7764,ECO:0000353(physical interaction evidence used in manual assertion);SFPQ-NONO RNA-binding complex,CPX-7765,ECO:0000353(physical interaction evidence used in manual assertion);SFPQ RNA-binding homodimer,CPX-7782,ECO:0000353(physical interaction evidence used in manual assertion)";RP35299124;LINC00467;lncRNA;Homo sapiens;protein;Homo sapiens;NCBI:84791;NCBI:6421;0.2364;CLIP;;;15;ENSG00000153363;-1.6310828199341;-0.134238092163257;-5.37182765383056;4.36667332064048e-06;2.83857504519646e-05;3.7573080140189
84015;2714567;SFPQ;P23246;Splicing factor, proline- and glutamine-rich (hPOMp100) (PSF);Cytoplasm (ECO:0000269), Nucleus matrix (ECO:0000269), Nucleus speckle (ECO:0000269);Nucleoplasm (Enhanced);chromatin (annotations_grade_2), nuclear_punctae (annotations_grade_3), nucleoplasm (annotations_grade_2);DNA-templated transcription, Regulation of transcription, DNA metabolic processes, DNA repair, Nuclear RNA binding proteins, RNA processing;Regulation of transcription;"Alabert et al., 2014; Alvarez et al., 2023; Ginno et al., 2018; Itzhak et al., 2016; Kustatscher et al., 2014; Shi et al., 2021; Torrente et al., 2011; Ugur et al., 2023";446.0;"RRM_1(RNA recognition motif. (a.k.a. RRM, RBD, or RNP domain),PF00076);RRM_1(RNA recognition motif. (a.k.a. RRM, RBD, or RNP domain),PF00076);NOPS(NOPS (NUC059) domain,PF08075)";707;"SFPQ-PSPC1 RNA-binding complex,CPX-7764,ECO:0000353(physical interaction evidence used in manual assertion);SFPQ-NONO RNA-binding complex,CPX-7765,ECO:0000353(physical interaction evidence used in manual assertion);SFPQ RNA-binding homodimer,CPX-7782,ECO:0000353(physical interaction evidence used in manual assertion)";RP35298517;LINC00427;lncRNA;Homo sapiens;protein;Homo sapiens;NCBI:100507040;NCBI:6421;0.2364;CLIP;;;1213;ENSG00000236463;-2.07220291329678;-1.96342988696651;-6.57808756699087;1.0083134006945e-07;9.98111641581592e-07;7.48272830388191
84016;2714566;SFPQ;P23246;Splicing factor, proline- and glutamine-rich (hPOMp100) (PSF);Cytoplasm (ECO:0000269), Nucleus matrix (ECO:0000269), Nucleus speckle (ECO:0000269);Nucleoplasm (Enhanced);chromatin (annotations_grade_2), nuclear_punctae (annotations_grade_3), nucleoplasm (annotations_grade_2);DNA-templated transcription, Regulation of transcription, DNA metabolic processes, DNA repair, Nuclear RNA binding proteins, RNA processing;Regulation of transcription;"Alabert et al., 2014; Alvarez et al., 2023; Ginno et al., 2018; Itzhak et al., 2016; Kustatscher et al., 2014; Shi et al., 2021; Torrente et al., 2011; Ugur et al., 2023";446.0;"RRM_1(RNA recognition motif. (a.k.a. RRM, RBD, or RNP domain),PF00076);RRM_1(RNA recognition motif. (a.k.a. RRM, RBD, or RNP domain),PF00076);NOPS(NOPS (NUC059) domain,PF08075)";707;"SFPQ-PSPC1 RNA-binding complex,CPX-7764,ECO:0000353(physical interaction evidence used in manual assertion);SFPQ-NONO RNA-binding complex,CPX-7765,ECO:0000353(physical interaction evidence used in manual assertion);SFPQ RNA-binding homodimer,CPX-7782,ECO:0000353(physical interaction evidence used in manual assertion)";RP35298497;LINC00426;lncRNA;Homo sapiens;protein;Homo sapiens;NCBI:100188949;NCBI:6421;0.2865;CLIP;;Scan pipeline widely used MATCH algorithm;1336;ENSG00000238121;-2.3490125301135;2.72866220100849;-8.43620152093142;3.60657743554755e-10;6.62570797875482e-09;13.0814192603843
84017;2714582;SFPQ;P23246;Splicing factor, proline- and glutamine-rich (hPOMp100) (PSF);Cytoplasm (ECO:0000269), Nucleus matrix (ECO:0000269), Nucleus speckle (ECO:0000269);Nucleoplasm (Enhanced);chromatin (annotations_grade_2), nuclear_punctae (annotations_grade_3), nucleoplasm (annotations_grade_2);DNA-templated transcription, Regulation of transcription, DNA metabolic processes, DNA repair, Nuclear RNA binding proteins, RNA processing;Regulation of transcription;"Alabert et al., 2014; Alvarez et al., 2023; Ginno et al., 2018; Itzhak et al., 2016; Kustatscher et al., 2014; Shi et al., 2021; Torrente et al., 2011; Ugur et al., 2023";446.0;"RRM_1(RNA recognition motif. (a.k.a. RRM, RBD, or RNP domain),PF00076);RRM_1(RNA recognition motif. (a.k.a. RRM, RBD, or RNP domain),PF00076);NOPS(NOPS (NUC059) domain,PF08075)";707;"SFPQ-PSPC1 RNA-binding complex,CPX-7764,ECO:0000353(physical interaction evidence used in manual assertion);SFPQ-NONO RNA-binding complex,CPX-7765,ECO:0000353(physical interaction evidence used in manual assertion);SFPQ RNA-binding homodimer,CPX-7782,ECO:0000353(physical interaction evidence used in manual assertion)";RP35299422;LINC00476;lncRNA;Homo sapiens;protein;Homo sapiens;NCBI:100128782;NCBI:6421;0.2865;CLIP;;Scan pipeline widely used MATCH algorithm;27;ENSG00000175611;-2.19724688558074;1.62463722411676;-6.90916380536433;3.61578319885548e-08;4.01361475398021e-07;8.50039124750522
84018;2714588;SFPQ;P23246;Splicing factor, proline- and glutamine-rich (hPOMp100) (PSF);Cytoplasm (ECO:0000269), Nucleus matrix (ECO:0000269), Nucleus speckle (ECO:0000269);Nucleoplasm (Enhanced);chromatin (annotations_grade_2), nuclear_punctae (annotations_grade_3), nucleoplasm (annotations_grade_2);DNA-templated transcription, Regulation of transcription, DNA metabolic processes, DNA repair, Nuclear RNA binding proteins, RNA processing;Regulation of transcription;"Alabert et al., 2014; Alvarez et al., 2023; Ginno et al., 2018; Itzhak et al., 2016; Kustatscher et al., 2014; Shi et al., 2021; Torrente et al., 2011; Ugur et al., 2023";446.0;"RRM_1(RNA recognition motif. (a.k.a. RRM, RBD, or RNP domain),PF00076);RRM_1(RNA recognition motif. (a.k.a. RRM, RBD, or RNP domain),PF00076);NOPS(NOPS (NUC059) domain,PF08075)";707;"SFPQ-PSPC1 RNA-binding complex,CPX-7764,ECO:0000353(physical interaction evidence used in manual assertion);SFPQ-NONO RNA-binding complex,CPX-7765,ECO:0000353(physical interaction evidence used in manual assertion);SFPQ RNA-binding homodimer,CPX-7782,ECO:0000353(physical interaction evidence used in manual assertion)";RP35299817;LINC00487;lncRNA;Homo sapiens;protein;Homo sapiens;NCBI:400941;NCBI:6421;0.2364;CLIP;;;166;ENSG00000205837;-2.70997036675211;-1.98014750053705;-7.83768014854472;2.1342485784672104e-09;3.35029245134759e-08;11.3127561087916
84019;2714536;SFPQ;P23246;Splicing factor, proline- and glutamine-rich (hPOMp100) (PSF);Cytoplasm (ECO:0000269), Nucleus matrix (ECO:0000269), Nucleus speckle (ECO:0000269);Nucleoplasm (Enhanced);chromatin (annotations_grade_2), nuclear_punctae (annotations_grade_3), nucleoplasm (annotations_grade_2);DNA-templated transcription, Regulation of transcription, DNA metabolic processes, DNA repair, Nuclear RNA binding proteins, RNA processing;Regulation of transcription;"Alabert et al., 2014; Alvarez et al., 2023; Ginno et al., 2018; Itzhak et al., 2016; Kustatscher et al., 2014; Shi et al., 2021; Torrente et al., 2011; Ugur et al., 2023";446.0;"RRM_1(RNA recognition motif. (a.k.a. RRM, RBD, or RNP domain),PF00076);RRM_1(RNA recognition motif. (a.k.a. RRM, RBD, or RNP domain),PF00076);NOPS(NOPS (NUC059) domain,PF08075)";707;"SFPQ-PSPC1 RNA-binding complex,CPX-7764,ECO:0000353(physical interaction evidence used in manual assertion);SFPQ-NONO RNA-binding complex,CPX-7765,ECO:0000353(physical interaction evidence used in manual assertion);SFPQ RNA-binding homodimer,CPX-7782,ECO:0000353(physical interaction evidence used in manual assertion)";RP35296599;LINC00299;lncRNA;Homo sapiens;protein;Homo sapiens;NCBI:339789;NCBI:6421;0.2364;CLIP;;;1231;ENSG00000236790;-3.16321551373561;1.49436630961878;-12.8196817543434;3.13051348649769e-15;7.74710013982104e-13;24.6433702637167
84020;2714533;SFPQ;P23246;Splicing factor, proline- and glutamine-rich (hPOMp100) (PSF);Cytoplasm (ECO:0000269), Nucleus matrix (ECO:0000269), Nucleus speckle (ECO:0000269);Nucleoplasm (Enhanced);chromatin (annotations_grade_2), nuclear_punctae (annotations_grade_3), nucleoplasm (annotations_grade_2);DNA-templated transcription, Regulation of transcription, DNA metabolic processes, DNA repair, Nuclear RNA binding proteins, RNA processing;Regulation of transcription;"Alabert et al., 2014; Alvarez et al., 2023; Ginno et al., 2018; Itzhak et al., 2016; Kustatscher et al., 2014; Shi et al., 2021; Torrente et al., 2011; Ugur et al., 2023";446.0;"RRM_1(RNA recognition motif. (a.k.a. RRM, RBD, or RNP domain),PF00076);RRM_1(RNA recognition motif. (a.k.a. RRM, RBD, or RNP domain),PF00076);NOPS(NOPS (NUC059) domain,PF08075)";707;"SFPQ-PSPC1 RNA-binding complex,CPX-7764,ECO:0000353(physical interaction evidence used in manual assertion);SFPQ-NONO RNA-binding complex,CPX-7765,ECO:0000353(physical interaction evidence used in manual assertion);SFPQ RNA-binding homodimer,CPX-7782,ECO:0000353(physical interaction evidence used in manual assertion)";RP35296313;LINC00278;lncRNA;Homo sapiens;protein;Homo sapiens;NCBI:100873962;NCBI:6421;0.2364;CLIP;;;862;ENSG00000231535;3.0750934355534;0.196655855636968;2.53142954767521;0.0157079581569749;0.0424700385388133;-4.10364771385186
84021;2714540;SFPQ;P23246;Splicing factor, proline- and glutamine-rich (hPOMp100) (PSF);Cytoplasm (ECO:0000269), Nucleus matrix (ECO:0000269), Nucleus speckle (ECO:0000269);Nucleoplasm (Enhanced);chromatin (annotations_grade_2), nuclear_punctae (annotations_grade_3), nucleoplasm (annotations_grade_2);DNA-templated transcription, Regulation of transcription, DNA metabolic processes, DNA repair, Nuclear RNA binding proteins, RNA processing;Regulation of transcription;"Alabert et al., 2014; Alvarez et al., 2023; Ginno et al., 2018; Itzhak et al., 2016; Kustatscher et al., 2014; Shi et al., 2021; Torrente et al., 2011; Ugur et al., 2023";446.0;"RRM_1(RNA recognition motif. (a.k.a. RRM, RBD, or RNP domain),PF00076);RRM_1(RNA recognition motif. (a.k.a. RRM, RBD, or RNP domain),PF00076);NOPS(NOPS (NUC059) domain,PF08075)";707;"SFPQ-PSPC1 RNA-binding complex,CPX-7764,ECO:0000353(physical interaction evidence used in manual assertion);SFPQ-NONO RNA-binding complex,CPX-7765,ECO:0000353(physical interaction evidence used in manual assertion);SFPQ RNA-binding homodimer,CPX-7782,ECO:0000353(physical interaction evidence used in manual assertion)";RP35296938;LINC00310;lncRNA;Homo sapiens;protein;Homo sapiens;NCBI:114036;NCBI:6421;0.2865;CLIP;;Scan pipeline widely used MATCH algorithm;528;ENSG00000227456;-1.71889329294281;-0.576401170927827;-5.1568343783609;8.53318954351651e-06;5.17278507342564e-05;3.0983635894232
84022;2714551;SFPQ;P23246;Splicing factor, proline- and glutamine-rich (hPOMp100) (PSF);Cytoplasm (ECO:0000269), Nucleus matrix (ECO:0000269), Nucleus speckle (ECO:0000269);Nucleoplasm (Enhanced);chromatin (annotations_grade_2), nuclear_punctae (annotations_grade_3), nucleoplasm (annotations_grade_2);DNA-templated transcription, Regulation of transcription, DNA metabolic processes, DNA repair, Nuclear RNA binding proteins, RNA processing;Regulation of transcription;"Alabert et al., 2014; Alvarez et al., 2023; Ginno et al., 2018; Itzhak et al., 2016; Kustatscher et al., 2014; Shi et al., 2021; Torrente et al., 2011; Ugur et al., 2023";446.0;"RRM_1(RNA recognition motif. (a.k.a. RRM, RBD, or RNP domain),PF00076);RRM_1(RNA recognition motif. (a.k.a. RRM, RBD, or RNP domain),PF00076);NOPS(NOPS (NUC059) domain,PF08075)";707;"SFPQ-PSPC1 RNA-binding complex,CPX-7764,ECO:0000353(physical interaction evidence used in manual assertion);SFPQ-NONO RNA-binding complex,CPX-7765,ECO:0000353(physical interaction evidence used in manual assertion);SFPQ RNA-binding homodimer,CPX-7782,ECO:0000353(physical interaction evidence used in manual assertion)";RP35297526;LINC00334;lncRNA;Homo sapiens;protein;Homo sapiens;NCBI:114042;NCBI:6421;0.2364;CLIP;;;67;ENSG00000182586;-1.74995152778323;-1.7159745554779;-3.68277236966078;0.0007281151833878;0.0028310356529691;-1.2247670892293
84023;2714428;SFPQ;P23246;Splicing factor, proline- and glutamine-rich (hPOMp100) (PSF);Cytoplasm (ECO:0000269), Nucleus matrix (ECO:0000269), Nucleus speckle (ECO:0000269);Nucleoplasm (Enhanced);chromatin (annotations_grade_2), nuclear_punctae (annotations_grade_3), nucleoplasm (annotations_grade_2);DNA-templated transcription, Regulation of transcription, DNA metabolic processes, DNA repair, Nuclear RNA binding proteins, RNA processing;Regulation of transcription;"Alabert et al., 2014; Alvarez et al., 2023; Ginno et al., 2018; Itzhak et al., 2016; Kustatscher et al., 2014; Shi et al., 2021; Torrente et al., 2011; Ugur et al., 2023";446.0;"RRM_1(RNA recognition motif. (a.k.a. RRM, RBD, or RNP domain),PF00076);RRM_1(RNA recognition motif. (a.k.a. RRM, RBD, or RNP domain),PF00076);NOPS(NOPS (NUC059) domain,PF08075)";707;"SFPQ-PSPC1 RNA-binding complex,CPX-7764,ECO:0000353(physical interaction evidence used in manual assertion);SFPQ-NONO RNA-binding complex,CPX-7765,ECO:0000353(physical interaction evidence used in manual assertion);SFPQ RNA-binding homodimer,CPX-7782,ECO:0000353(physical interaction evidence used in manual assertion)";RP35183510;IQCH-AS1;lncRNA;Homo sapiens;protein;Homo sapiens;NCBI:100506686;NCBI:6421;0.3812;CLIP;eCLIP;Scan pipeline widely used MATCH algorithm;2357;ENSG00000259673;-2.36524264156248;-0.0326418860202442;-8.03552475053475;1.1805743112048e-09;2.01897403546284e-08;11.9017115063395
84024;2714798;SFPQ;P23246;Splicing factor, proline- and glutamine-rich (hPOMp100) (PSF);Cytoplasm (ECO:0000269), Nucleus matrix (ECO:0000269), Nucleus speckle (ECO:0000269);Nucleoplasm (Enhanced);chromatin (annotations_grade_2), nuclear_punctae (annotations_grade_3), nucleoplasm (annotations_grade_2);DNA-templated transcription, Regulation of transcription, DNA metabolic processes, DNA repair, Nuclear RNA binding proteins, RNA processing;Regulation of transcription;"Alabert et al., 2014; Alvarez et al., 2023; Ginno et al., 2018; Itzhak et al., 2016; Kustatscher et al., 2014; Shi et al., 2021; Torrente et al., 2011; Ugur et al., 2023";446.0;"RRM_1(RNA recognition motif. (a.k.a. RRM, RBD, or RNP domain),PF00076);RRM_1(RNA recognition motif. (a.k.a. RRM, RBD, or RNP domain),PF00076);NOPS(NOPS (NUC059) domain,PF08075)";707;"SFPQ-PSPC1 RNA-binding complex,CPX-7764,ECO:0000353(physical interaction evidence used in manual assertion);SFPQ-NONO RNA-binding complex,CPX-7765,ECO:0000353(physical interaction evidence used in manual assertion);SFPQ RNA-binding homodimer,CPX-7782,ECO:0000353(physical interaction evidence used in manual assertion)";RP35426537;MIR22HG;lncRNA;Homo sapiens;protein;Homo sapiens;NCBI:84981;NCBI:6421;0.2865;CLIP;;Scan pipeline widely used MATCH algorithm;77;ENSG00000186594;-2.50560118250147;2.93862258387378;-7.53745059189184;5.2825980379258805e-09;7.35890395548152e-08;10.4115260666507
84025;2714794;SFPQ;P23246;Splicing factor, proline- and glutamine-rich (hPOMp100) (PSF);Cytoplasm (ECO:0000269), Nucleus matrix (ECO:0000269), Nucleus speckle (ECO:0000269);Nucleoplasm (Enhanced);chromatin (annotations_grade_2), nuclear_punctae (annotations_grade_3), nucleoplasm (annotations_grade_2);DNA-templated transcription, Regulation of transcription, DNA metabolic processes, DNA repair, Nuclear RNA binding proteins, RNA processing;Regulation of transcription;"Alabert et al., 2014; Alvarez et al., 2023; Ginno et al., 2018; Itzhak et al., 2016; Kustatscher et al., 2014; Shi et al., 2021; Torrente et al., 2011; Ugur et al., 2023";446.0;"RRM_1(RNA recognition motif. (a.k.a. RRM, RBD, or RNP domain),PF00076);RRM_1(RNA recognition motif. (a.k.a. RRM, RBD, or RNP domain),PF00076);NOPS(NOPS (NUC059) domain,PF08075)";707;"SFPQ-PSPC1 RNA-binding complex,CPX-7764,ECO:0000353(physical interaction evidence used in manual assertion);SFPQ-NONO RNA-binding complex,CPX-7765,ECO:0000353(physical interaction evidence used in manual assertion);SFPQ RNA-binding homodimer,CPX-7782,ECO:0000353(physical interaction evidence used in manual assertion)";RP35425934;MIR181A1HG;lncRNA;Homo sapiens;protein;Homo sapiens;NCBI:100131234;NCBI:6421;0.2364;CLIP;;;733;ENSG00000229989;-1.96778898192628;1.27892832409396;-6.45145267303389;1.49514635854925e-07;1.42309518787708e-06;7.09213857469546
84026;2714793;SFPQ;P23246;Splicing factor, proline- and glutamine-rich (hPOMp100) (PSF);Cytoplasm (ECO:0000269), Nucleus matrix (ECO:0000269), Nucleus speckle (ECO:0000269);Nucleoplasm (Enhanced);chromatin (annotations_grade_2), nuclear_punctae (annotations_grade_3), nucleoplasm (annotations_grade_2);DNA-templated transcription, Regulation of transcription, DNA metabolic processes, DNA repair, Nuclear RNA binding proteins, RNA processing;Regulation of transcription;"Alabert et al., 2014; Alvarez et al., 2023; Ginno et al., 2018; Itzhak et al., 2016; Kustatscher et al., 2014; Shi et al., 2021; Torrente et al., 2011; Ugur et al., 2023";446.0;"RRM_1(RNA recognition motif. (a.k.a. RRM, RBD, or RNP domain),PF00076);RRM_1(RNA recognition motif. (a.k.a. RRM, RBD, or RNP domain),PF00076);NOPS(NOPS (NUC059) domain,PF08075)";707;"SFPQ-PSPC1 RNA-binding complex,CPX-7764,ECO:0000353(physical interaction evidence used in manual assertion);SFPQ-NONO RNA-binding complex,CPX-7765,ECO:0000353(physical interaction evidence used in manual assertion);SFPQ RNA-binding homodimer,CPX-7782,ECO:0000353(physical interaction evidence used in manual assertion)";RP08717671;MIR17HG;lncRNA;Homo sapiens;TF;Homo sapiens;NCBI:407975;NCBI:6421;0.3812;CLIP;eCLIP;Scan pipeline widely used MATCH algorithm;215;ENSG00000215417;-1.84534139091266;0.99398029655203;-5.74834557141758;1.34549165469835e-06;9.96563977344356e-06;4.91812246599078
84027;2714764;SFPQ;P23246;Splicing factor, proline- and glutamine-rich (hPOMp100) (PSF);Cytoplasm (ECO:0000269), Nucleus matrix (ECO:0000269), Nucleus speckle (ECO:0000269);Nucleoplasm (Enhanced);chromatin (annotations_grade_2), nuclear_punctae (annotations_grade_3), nucleoplasm (annotations_grade_2);DNA-templated transcription, Regulation of transcription, DNA metabolic processes, DNA repair, Nuclear RNA binding proteins, RNA processing;Regulation of transcription;"Alabert et al., 2014; Alvarez et al., 2023; Ginno et al., 2018; Itzhak et al., 2016; Kustatscher et al., 2014; Shi et al., 2021; Torrente et al., 2011; Ugur et al., 2023";446.0;"RRM_1(RNA recognition motif. (a.k.a. RRM, RBD, or RNP domain),PF00076);RRM_1(RNA recognition motif. (a.k.a. RRM, RBD, or RNP domain),PF00076);NOPS(NOPS (NUC059) domain,PF08075)";707;"SFPQ-PSPC1 RNA-binding complex,CPX-7764,ECO:0000353(physical interaction evidence used in manual assertion);SFPQ-NONO RNA-binding complex,CPX-7765,ECO:0000353(physical interaction evidence used in manual assertion);SFPQ RNA-binding homodimer,CPX-7782,ECO:0000353(physical interaction evidence used in manual assertion)";RP35401417;MAPKAPK5-AS1;lncRNA;Homo sapiens;protein;Homo sapiens;NCBI:51275;NCBI:6421;0.2865;CLIP;;Scan pipeline widely used MATCH algorithm;1085;ENSG00000234608;-2.63252355737418;1.04822737889617;-8.99803411401456;7.0606353590824e-11;1.6502273864255401e-09;14.703843740093
84028;2714644;SFPQ;P23246;Splicing factor, proline- and glutamine-rich (hPOMp100) (PSF);Cytoplasm (ECO:0000269), Nucleus matrix (ECO:0000269), Nucleus speckle (ECO:0000269);Nucleoplasm (Enhanced);chromatin (annotations_grade_2), nuclear_punctae (annotations_grade_3), nucleoplasm (annotations_grade_2);DNA-templated transcription, Regulation of transcription, DNA metabolic processes, DNA repair, Nuclear RNA binding proteins, RNA processing;Regulation of transcription;"Alabert et al., 2014; Alvarez et al., 2023; Ginno et al., 2018; Itzhak et al., 2016; Kustatscher et al., 2014; Shi et al., 2021; Torrente et al., 2011; Ugur et al., 2023";446.0;"RRM_1(RNA recognition motif. (a.k.a. RRM, RBD, or RNP domain),PF00076);RRM_1(RNA recognition motif. (a.k.a. RRM, RBD, or RNP domain),PF00076);NOPS(NOPS (NUC059) domain,PF08075)";707;"SFPQ-PSPC1 RNA-binding complex,CPX-7764,ECO:0000353(physical interaction evidence used in manual assertion);SFPQ-NONO RNA-binding complex,CPX-7765,ECO:0000353(physical interaction evidence used in manual assertion);SFPQ RNA-binding homodimer,CPX-7782,ECO:0000353(physical interaction evidence used in manual assertion)";RP35304781;LINC00671;lncRNA;Homo sapiens;protein;Homo sapiens;NCBI:388387;NCBI:6421;0.2364;CLIP;;;189;ENSG00000213373;1.8598305314696;0.0137311483288971;4.59327350511284;4.85755388922391e-05;0.0002531231546953;1.39512767536355
84029;2714668;SFPQ;P23246;Splicing factor, proline- and glutamine-rich (hPOMp100) (PSF);Cytoplasm (ECO:0000269), Nucleus matrix (ECO:0000269), Nucleus speckle (ECO:0000269);Nucleoplasm (Enhanced);chromatin (annotations_grade_2), nuclear_punctae (annotations_grade_3), nucleoplasm (annotations_grade_2);DNA-templated transcription, Regulation of transcription, DNA metabolic processes, DNA repair, Nuclear RNA binding proteins, RNA processing;Regulation of transcription;"Alabert et al., 2014; Alvarez et al., 2023; Ginno et al., 2018; Itzhak et al., 2016; Kustatscher et al., 2014; Shi et al., 2021; Torrente et al., 2011; Ugur et al., 2023";446.0;"RRM_1(RNA recognition motif. (a.k.a. RRM, RBD, or RNP domain),PF00076);RRM_1(RNA recognition motif. (a.k.a. RRM, RBD, or RNP domain),PF00076);NOPS(NOPS (NUC059) domain,PF08075)";707;"SFPQ-PSPC1 RNA-binding complex,CPX-7764,ECO:0000353(physical interaction evidence used in manual assertion);SFPQ-NONO RNA-binding complex,CPX-7765,ECO:0000353(physical interaction evidence used in manual assertion);SFPQ RNA-binding homodimer,CPX-7782,ECO:0000353(physical interaction evidence used in manual assertion)";RP35306848;LINC00877;lncRNA;Homo sapiens;protein;Homo sapiens;NCBI:285286;NCBI:6421;0.2865;CLIP;;Scan pipeline widely used MATCH algorithm;1376;ENSG00000241163;-1.69840444479095;2.86984243406203;-4.54358670988472;5.65290056053386e-05;0.0002874847048975;1.24722906378739
84030;2714642;SFPQ;P23246;Splicing factor, proline- and glutamine-rich (hPOMp100) (PSF);Cytoplasm (ECO:0000269), Nucleus matrix (ECO:0000269), Nucleus speckle (ECO:0000269);Nucleoplasm (Enhanced);chromatin (annotations_grade_2), nuclear_punctae (annotations_grade_3), nucleoplasm (annotations_grade_2);DNA-templated transcription, Regulation of transcription, DNA metabolic processes, DNA repair, Nuclear RNA binding proteins, RNA processing;Regulation of transcription;"Alabert et al., 2014; Alvarez et al., 2023; Ginno et al., 2018; Itzhak et al., 2016; Kustatscher et al., 2014; Shi et al., 2021; Torrente et al., 2011; Ugur et al., 2023";446.0;"RRM_1(RNA recognition motif. (a.k.a. RRM, RBD, or RNP domain),PF00076);RRM_1(RNA recognition motif. (a.k.a. RRM, RBD, or RNP domain),PF00076);NOPS(NOPS (NUC059) domain,PF08075)";707;"SFPQ-PSPC1 RNA-binding complex,CPX-7764,ECO:0000353(physical interaction evidence used in manual assertion);SFPQ-NONO RNA-binding complex,CPX-7765,ECO:0000353(physical interaction evidence used in manual assertion);SFPQ RNA-binding homodimer,CPX-7782,ECO:0000353(physical interaction evidence used in manual assertion)";RP35304606;LINC00667;lncRNA;Homo sapiens;protein;Homo sapiens;NCBI:339290;NCBI:6421;0.2865;CLIP;;Scan pipeline widely used MATCH algorithm;2740;ENSG00000263753;-2.51117823961993;2.70237682518895;-9.94075365615122;5.001889892832109e-12;1.84587287536357e-10;17.3361252363185
84031;2714641;SFPQ;P23246;Splicing factor, proline- and glutamine-rich (hPOMp100) (PSF);Cytoplasm (ECO:0000269), Nucleus matrix (ECO:0000269), Nucleus speckle (ECO:0000269);Nucleoplasm (Enhanced);chromatin (annotations_grade_2), nuclear_punctae (annotations_grade_3), nucleoplasm (annotations_grade_2);DNA-templated transcription, Regulation of transcription, DNA metabolic processes, DNA repair, Nuclear RNA binding proteins, RNA processing;Regulation of transcription;"Alabert et al., 2014; Alvarez et al., 2023; Ginno et al., 2018; Itzhak et al., 2016; Kustatscher et al., 2014; Shi et al., 2021; Torrente et al., 2011; Ugur et al., 2023";446.0;"RRM_1(RNA recognition motif. (a.k.a. RRM, RBD, or RNP domain),PF00076);RRM_1(RNA recognition motif. (a.k.a. RRM, RBD, or RNP domain),PF00076);NOPS(NOPS (NUC059) domain,PF08075)";707;"SFPQ-PSPC1 RNA-binding complex,CPX-7764,ECO:0000353(physical interaction evidence used in manual assertion);SFPQ-NONO RNA-binding complex,CPX-7765,ECO:0000353(physical interaction evidence used in manual assertion);SFPQ RNA-binding homodimer,CPX-7782,ECO:0000353(physical interaction evidence used in manual assertion)";RP35304370;LINC00663;lncRNA;Homo sapiens;protein;Homo sapiens;NCBI:284440;NCBI:6421;0.2364;CLIP;;;2849;ENSG00000266904;-2.2313825534385;0.177789980721914;-7.36614196503185;8.8949436262262e-09;1.15496999492388e-07;9.89355661048934
84032;2714605;SFPQ;P23246;Splicing factor, proline- and glutamine-rich (hPOMp100) (PSF);Cytoplasm (ECO:0000269), Nucleus matrix (ECO:0000269), Nucleus speckle (ECO:0000269);Nucleoplasm (Enhanced);chromatin (annotations_grade_2), nuclear_punctae (annotations_grade_3), nucleoplasm (annotations_grade_2);DNA-templated transcription, Regulation of transcription, DNA metabolic processes, DNA repair, Nuclear RNA binding proteins, RNA processing;Regulation of transcription;"Alabert et al., 2014; Alvarez et al., 2023; Ginno et al., 2018; Itzhak et al., 2016; Kustatscher et al., 2014; Shi et al., 2021; Torrente et al., 2011; Ugur et al., 2023";446.0;"RRM_1(RNA recognition motif. (a.k.a. RRM, RBD, or RNP domain),PF00076);RRM_1(RNA recognition motif. (a.k.a. RRM, RBD, or RNP domain),PF00076);NOPS(NOPS (NUC059) domain,PF08075)";707;"SFPQ-PSPC1 RNA-binding complex,CPX-7764,ECO:0000353(physical interaction evidence used in manual assertion);SFPQ-NONO RNA-binding complex,CPX-7765,ECO:0000353(physical interaction evidence used in manual assertion);SFPQ RNA-binding homodimer,CPX-7782,ECO:0000353(physical interaction evidence used in manual assertion)";RP35301078;LINC00544;lncRNA;Homo sapiens;protein;Homo sapiens;NCBI:440131;NCBI:6421;0.2364;CLIP;;;2;ENSG00000122043;-1.69551973459084;-0.516158861416097;-4.21880195609843;0.0001508879501656;0.0006970543037599;0.292535418347142
84033;2714640;SFPQ;P23246;Splicing factor, proline- and glutamine-rich (hPOMp100) (PSF);Cytoplasm (ECO:0000269), Nucleus matrix (ECO:0000269), Nucleus speckle (ECO:0000269);Nucleoplasm (Enhanced);chromatin (annotations_grade_2), nuclear_punctae (annotations_grade_3), nucleoplasm (annotations_grade_2);DNA-templated transcription, Regulation of transcription, DNA metabolic processes, DNA repair, Nuclear RNA binding proteins, RNA processing;Regulation of transcription;"Alabert et al., 2014; Alvarez et al., 2023; Ginno et al., 2018; Itzhak et al., 2016; Kustatscher et al., 2014; Shi et al., 2021; Torrente et al., 2011; Ugur et al., 2023";446.0;"RRM_1(RNA recognition motif. (a.k.a. RRM, RBD, or RNP domain),PF00076);RRM_1(RNA recognition motif. (a.k.a. RRM, RBD, or RNP domain),PF00076);NOPS(NOPS (NUC059) domain,PF08075)";707;"SFPQ-PSPC1 RNA-binding complex,CPX-7764,ECO:0000353(physical interaction evidence used in manual assertion);SFPQ-NONO RNA-binding complex,CPX-7765,ECO:0000353(physical interaction evidence used in manual assertion);SFPQ RNA-binding homodimer,CPX-7782,ECO:0000353(physical interaction evidence used in manual assertion)";RP35304327;LINC00662;lncRNA;Homo sapiens;protein;Homo sapiens;NCBI:148189;NCBI:6421;0.2865;CLIP;;Scan pipeline widely used MATCH algorithm;2664;ENSG00000261824;-1.72388354355667;2.1262269297144;-5.24577519133436;6.46950855621449e-06;4.0084274662731e-05;3.37051018791904
84035;2714629;SFPQ;P23246;Splicing factor, proline- and glutamine-rich (hPOMp100) (PSF);Cytoplasm (ECO:0000269), Nucleus matrix (ECO:0000269), Nucleus speckle (ECO:0000269);Nucleoplasm (Enhanced);chromatin (annotations_grade_2), nuclear_punctae (annotations_grade_3), nucleoplasm (annotations_grade_2);DNA-templated transcription, Regulation of transcription, DNA metabolic processes, DNA repair, Nuclear RNA binding proteins, RNA processing;Regulation of transcription;"Alabert et al., 2014; Alvarez et al., 2023; Ginno et al., 2018; Itzhak et al., 2016; Kustatscher et al., 2014; Shi et al., 2021; Torrente et al., 2011; Ugur et al., 2023";446.0;"RRM_1(RNA recognition motif. (a.k.a. RRM, RBD, or RNP domain),PF00076);RRM_1(RNA recognition motif. (a.k.a. RRM, RBD, or RNP domain),PF00076);NOPS(NOPS (NUC059) domain,PF08075)";707;"SFPQ-PSPC1 RNA-binding complex,CPX-7764,ECO:0000353(physical interaction evidence used in manual assertion);SFPQ-NONO RNA-binding complex,CPX-7765,ECO:0000353(physical interaction evidence used in manual assertion);SFPQ RNA-binding homodimer,CPX-7782,ECO:0000353(physical interaction evidence used in manual assertion)";RP35303301;LINC00630;lncRNA;Homo sapiens;protein;Homo sapiens;NCBI:100287765;NCBI:6421;0.2364;CLIP;;;247;ENSG00000223546;-2.26301235070402;0.462538646230177;-7.84374214675453;2.09574721751214e-09;3.31458967822315e-08;11.3308619374593
84036;2714682;SFPQ;P23246;Splicing factor, proline- and glutamine-rich (hPOMp100) (PSF);Cytoplasm (ECO:0000269), Nucleus matrix (ECO:0000269), Nucleus speckle (ECO:0000269);Nucleoplasm (Enhanced);chromatin (annotations_grade_2), nuclear_punctae (annotations_grade_3), nucleoplasm (annotations_grade_2);DNA-templated transcription, Regulation of transcription, DNA metabolic processes, DNA repair, Nuclear RNA binding proteins, RNA processing;Regulation of transcription;"Alabert et al., 2014; Alvarez et al., 2023; Ginno et al., 2018; Itzhak et al., 2016; Kustatscher et al., 2014; Shi et al., 2021; Torrente et al., 2011; Ugur et al., 2023";446.0;"RRM_1(RNA recognition motif. (a.k.a. RRM, RBD, or RNP domain),PF00076);RRM_1(RNA recognition motif. (a.k.a. RRM, RBD, or RNP domain),PF00076);NOPS(NOPS (NUC059) domain,PF08075)";707;"SFPQ-PSPC1 RNA-binding complex,CPX-7764,ECO:0000353(physical interaction evidence used in manual assertion);SFPQ-NONO RNA-binding complex,CPX-7765,ECO:0000353(physical interaction evidence used in manual assertion);SFPQ RNA-binding homodimer,CPX-7782,ECO:0000353(physical interaction evidence used in manual assertion)";RP35308155;LINC00926;lncRNA;Homo sapiens;protein;Homo sapiens;NCBI:283663;NCBI:6421;0.2865;CLIP;;Scan pipeline widely used MATCH algorithm;1524;ENSG00000247982;-2.91105104767217;3.27604843264759;-7.78213923254109;2.5220837406324e-09;3.84274426400029e-08;11.1466953497868
84037;2714749;SFPQ;P23246;Splicing factor, proline- and glutamine-rich (hPOMp100) (PSF);Cytoplasm (ECO:0000269), Nucleus matrix (ECO:0000269), Nucleus speckle (ECO:0000269);Nucleoplasm (Enhanced);chromatin (annotations_grade_2), nuclear_punctae (annotations_grade_3), nucleoplasm (annotations_grade_2);DNA-templated transcription, Regulation of transcription, DNA metabolic processes, DNA repair, Nuclear RNA binding proteins, RNA processing;Regulation of transcription;"Alabert et al., 2014; Alvarez et al., 2023; Ginno et al., 2018; Itzhak et al., 2016; Kustatscher et al., 2014; Shi et al., 2021; Torrente et al., 2011; Ugur et al., 2023";446.0;"RRM_1(RNA recognition motif. (a.k.a. RRM, RBD, or RNP domain),PF00076);RRM_1(RNA recognition motif. (a.k.a. RRM, RBD, or RNP domain),PF00076);NOPS(NOPS (NUC059) domain,PF08075)";707;"SFPQ-PSPC1 RNA-binding complex,CPX-7764,ECO:0000353(physical interaction evidence used in manual assertion);SFPQ-NONO RNA-binding complex,CPX-7765,ECO:0000353(physical interaction evidence used in manual assertion);SFPQ RNA-binding homodimer,CPX-7782,ECO:0000353(physical interaction evidence used in manual assertion)";RP09480413;MALAT1;lncRNA;Homo sapiens;TF;Homo sapiens;NCBI:378938;NCBI:6421;0.4866;CLIP//IP;eCLIP;Scan pipeline widely used MATCH algorithm;1786;ENSG00000251562;-2.69192848146394;10.8069205658514;-9.99570573098169;4.30182645492996e-12;1.65306630339579e-10;17.4859517032396
84038;2714689;SFPQ;P23246;Splicing factor, proline- and glutamine-rich (hPOMp100) (PSF);Cytoplasm (ECO:0000269), Nucleus matrix (ECO:0000269), Nucleus speckle (ECO:0000269);Nucleoplasm (Enhanced);chromatin (annotations_grade_2), nuclear_punctae (annotations_grade_3), nucleoplasm (annotations_grade_2);DNA-templated transcription, Regulation of transcription, DNA metabolic processes, DNA repair, Nuclear RNA binding proteins, RNA processing;Regulation of transcription;"Alabert et al., 2014; Alvarez et al., 2023; Ginno et al., 2018; Itzhak et al., 2016; Kustatscher et al., 2014; Shi et al., 2021; Torrente et al., 2011; Ugur et al., 2023";446.0;"RRM_1(RNA recognition motif. (a.k.a. RRM, RBD, or RNP domain),PF00076);RRM_1(RNA recognition motif. (a.k.a. RRM, RBD, or RNP domain),PF00076);NOPS(NOPS (NUC059) domain,PF08075)";707;"SFPQ-PSPC1 RNA-binding complex,CPX-7764,ECO:0000353(physical interaction evidence used in manual assertion);SFPQ-NONO RNA-binding complex,CPX-7765,ECO:0000353(physical interaction evidence used in manual assertion);SFPQ RNA-binding homodimer,CPX-7782,ECO:0000353(physical interaction evidence used in manual assertion)";RP35308828;LINC00954;lncRNA;Homo sapiens;protein;Homo sapiens;NCBI:400946;NCBI:6421;0.2364;CLIP;;;632;ENSG00000228784;-2.47727010616684;1.73829963219017;-8.56988062195246;2.43822613252651e-10;4.86143001873888e-09;13.4709112252178
84039;2714688;SFPQ;P23246;Splicing factor, proline- and glutamine-rich (hPOMp100) (PSF);Cytoplasm (ECO:0000269), Nucleus matrix (ECO:0000269), Nucleus speckle (ECO:0000269);Nucleoplasm (Enhanced);chromatin (annotations_grade_2), nuclear_punctae (annotations_grade_3), nucleoplasm (annotations_grade_2);DNA-templated transcription, Regulation of transcription, DNA metabolic processes, DNA repair, Nuclear RNA binding proteins, RNA processing;Regulation of transcription;"Alabert et al., 2014; Alvarez et al., 2023; Ginno et al., 2018; Itzhak et al., 2016; Kustatscher et al., 2014; Shi et al., 2021; Torrente et al., 2011; Ugur et al., 2023";446.0;"RRM_1(RNA recognition motif. (a.k.a. RRM, RBD, or RNP domain),PF00076);RRM_1(RNA recognition motif. (a.k.a. RRM, RBD, or RNP domain),PF00076);NOPS(NOPS (NUC059) domain,PF08075)";707;"SFPQ-PSPC1 RNA-binding complex,CPX-7764,ECO:0000353(physical interaction evidence used in manual assertion);SFPQ-NONO RNA-binding complex,CPX-7765,ECO:0000353(physical interaction evidence used in manual assertion);SFPQ RNA-binding homodimer,CPX-7782,ECO:0000353(physical interaction evidence used in manual assertion)";RP35308772;LINC00944;lncRNA;Homo sapiens;protein;Homo sapiens;NCBI:387895;NCBI:6421;0.2364;CLIP;;;2051;ENSG00000256128;-3.57226909312257;1.45482991672144;-9.01841630890728;6.65988117201706e-11;1.5779342449407802e-09;14.7619702673137
84054;2714165;SFPQ;P23246;Splicing factor, proline- and glutamine-rich (hPOMp100) (PSF);Cytoplasm (ECO:0000269), Nucleus matrix (ECO:0000269), Nucleus speckle (ECO:0000269);Nucleoplasm (Enhanced);chromatin (annotations_grade_2), nuclear_punctae (annotations_grade_3), nucleoplasm (annotations_grade_2);DNA-templated transcription, Regulation of transcription, DNA metabolic processes, DNA repair, Nuclear RNA binding proteins, RNA processing;Regulation of transcription;"Alabert et al., 2014; Alvarez et al., 2023; Ginno et al., 2018; Itzhak et al., 2016; Kustatscher et al., 2014; Shi et al., 2021; Torrente et al., 2011; Ugur et al., 2023";446.0;"RRM_1(RNA recognition motif. (a.k.a. RRM, RBD, or RNP domain),PF00076);RRM_1(RNA recognition motif. (a.k.a. RRM, RBD, or RNP domain),PF00076);NOPS(NOPS (NUC059) domain,PF08075)";707;"SFPQ-PSPC1 RNA-binding complex,CPX-7764,ECO:0000353(physical interaction evidence used in manual assertion);SFPQ-NONO RNA-binding complex,CPX-7765,ECO:0000353(physical interaction evidence used in manual assertion);SFPQ RNA-binding homodimer,CPX-7782,ECO:0000353(physical interaction evidence used in manual assertion)";RP34814116;EPB41L4A-AS1;lncRNA;Homo sapiens;protein;Homo sapiens;NCBI:114915;NCBI:6421;0.3437;CLIP;;;285;ENSG00000224032;-2.55110776467953;0.623872226190378;-8.55111286415612;2.57565840171701e-10;5.081461628800851e-09;13.4163564845539
84055;2714244;SFPQ;P23246;Splicing factor, proline- and glutamine-rich (hPOMp100) (PSF);Cytoplasm (ECO:0000269), Nucleus matrix (ECO:0000269), Nucleus speckle (ECO:0000269);Nucleoplasm (Enhanced);chromatin (annotations_grade_2), nuclear_punctae (annotations_grade_3), nucleoplasm (annotations_grade_2);DNA-templated transcription, Regulation of transcription, DNA metabolic processes, DNA repair, Nuclear RNA binding proteins, RNA processing;Regulation of transcription;"Alabert et al., 2014; Alvarez et al., 2023; Ginno et al., 2018; Itzhak et al., 2016; Kustatscher et al., 2014; Shi et al., 2021; Torrente et al., 2011; Ugur et al., 2023";446.0;"RRM_1(RNA recognition motif. (a.k.a. RRM, RBD, or RNP domain),PF00076);RRM_1(RNA recognition motif. (a.k.a. RRM, RBD, or RNP domain),PF00076);NOPS(NOPS (NUC059) domain,PF08075)";707;"SFPQ-PSPC1 RNA-binding complex,CPX-7764,ECO:0000353(physical interaction evidence used in manual assertion);SFPQ-NONO RNA-binding complex,CPX-7765,ECO:0000353(physical interaction evidence used in manual assertion);SFPQ RNA-binding homodimer,CPX-7782,ECO:0000353(physical interaction evidence used in manual assertion)";RP34900546;FOXD2-AS1;lncRNA;Homo sapiens;protein;Homo sapiens;NCBI:84793;NCBI:6421;0.2865;CLIP;;Scan pipeline widely used MATCH algorithm;1276;ENSG00000237424;-1.8714959216105;0.3642643731734;-7.73367357319933;2.9184334875863704e-09;4.32318650784361e-08;11.0015376011454
84056;2714271;SFPQ;P23246;Splicing factor, proline- and glutamine-rich (hPOMp100) (PSF);Cytoplasm (ECO:0000269), Nucleus matrix (ECO:0000269), Nucleus speckle (ECO:0000269);Nucleoplasm (Enhanced);chromatin (annotations_grade_2), nuclear_punctae (annotations_grade_3), nucleoplasm (annotations_grade_2);DNA-templated transcription, Regulation of transcription, DNA metabolic processes, DNA repair, Nuclear RNA binding proteins, RNA processing;Regulation of transcription;"Alabert et al., 2014; Alvarez et al., 2023; Ginno et al., 2018; Itzhak et al., 2016; Kustatscher et al., 2014; Shi et al., 2021; Torrente et al., 2011; Ugur et al., 2023";446.0;"RRM_1(RNA recognition motif. (a.k.a. RRM, RBD, or RNP domain),PF00076);RRM_1(RNA recognition motif. (a.k.a. RRM, RBD, or RNP domain),PF00076);NOPS(NOPS (NUC059) domain,PF08075)";707;"SFPQ-PSPC1 RNA-binding complex,CPX-7764,ECO:0000353(physical interaction evidence used in manual assertion);SFPQ-NONO RNA-binding complex,CPX-7765,ECO:0000353(physical interaction evidence used in manual assertion);SFPQ RNA-binding homodimer,CPX-7782,ECO:0000353(physical interaction evidence used in manual assertion)";RP34954634;GAS5;lncRNA;Homo sapiens;protein;Homo sapiens;NCBI:60674;NCBI:6421;0.3812;CLIP;eCLIP;Scan pipeline widely used MATCH algorithm;1098;ENSG00000234741;-2.56041864444156;3.87237361491495;-7.93865419283863;1.5767911812111202e-09;2.58115194527439e-08;11.6138519668715
84057;2714203;SFPQ;P23246;Splicing factor, proline- and glutamine-rich (hPOMp100) (PSF);Cytoplasm (ECO:0000269), Nucleus matrix (ECO:0000269), Nucleus speckle (ECO:0000269);Nucleoplasm (Enhanced);chromatin (annotations_grade_2), nuclear_punctae (annotations_grade_3), nucleoplasm (annotations_grade_2);DNA-templated transcription, Regulation of transcription, DNA metabolic processes, DNA repair, Nuclear RNA binding proteins, RNA processing;Regulation of transcription;"Alabert et al., 2014; Alvarez et al., 2023; Ginno et al., 2018; Itzhak et al., 2016; Kustatscher et al., 2014; Shi et al., 2021; Torrente et al., 2011; Ugur et al., 2023";446.0;"RRM_1(RNA recognition motif. (a.k.a. RRM, RBD, or RNP domain),PF00076);RRM_1(RNA recognition motif. (a.k.a. RRM, RBD, or RNP domain),PF00076);NOPS(NOPS (NUC059) domain,PF08075)";707;"SFPQ-PSPC1 RNA-binding complex,CPX-7764,ECO:0000353(physical interaction evidence used in manual assertion);SFPQ-NONO RNA-binding complex,CPX-7765,ECO:0000353(physical interaction evidence used in manual assertion);SFPQ RNA-binding homodimer,CPX-7782,ECO:0000353(physical interaction evidence used in manual assertion)";RP34874809;FAM66B;lncRNA;Homo sapiens;protein;Homo sapiens;NCBI:100128890;NCBI:6421;0.2364;CLIP;;;213;ENSG00000215374;-2.24058640920372;-1.15706040212715;-9.59984701820656;1.2857804725133199e-11;4.10967563783427e-10;16.3976687082489
84058;2714083;SFPQ;P23246;Splicing factor, proline- and glutamine-rich (hPOMp100) (PSF);Cytoplasm (ECO:0000269), Nucleus matrix (ECO:0000269), Nucleus speckle (ECO:0000269);Nucleoplasm (Enhanced);chromatin (annotations_grade_2), nuclear_punctae (annotations_grade_3), nucleoplasm (annotations_grade_2);DNA-templated transcription, Regulation of transcription, DNA metabolic processes, DNA repair, Nuclear RNA binding proteins, RNA processing;Regulation of transcription;"Alabert et al., 2014; Alvarez et al., 2023; Ginno et al., 2018; Itzhak et al., 2016; Kustatscher et al., 2014; Shi et al., 2021; Torrente et al., 2011; Ugur et al., 2023";446.0;"RRM_1(RNA recognition motif. (a.k.a. RRM, RBD, or RNP domain),PF00076);RRM_1(RNA recognition motif. (a.k.a. RRM, RBD, or RNP domain),PF00076);NOPS(NOPS (NUC059) domain,PF08075)";707;"SFPQ-PSPC1 RNA-binding complex,CPX-7764,ECO:0000353(physical interaction evidence used in manual assertion);SFPQ-NONO RNA-binding complex,CPX-7765,ECO:0000353(physical interaction evidence used in manual assertion);SFPQ RNA-binding homodimer,CPX-7782,ECO:0000353(physical interaction evidence used in manual assertion)";RP34710086;DANCR;lncRNA;Homo sapiens;protein;Homo sapiens;NCBI:57291;NCBI:6421;0.2865;CLIP;;Scan pipeline widely used MATCH algorithm;493;ENSG00000226950;-1.97490458175396;2.8150326492749;-6.0781695760482;4.79377709969811e-07;4.02543318531536e-06;5.93825752661623
84059;2714109;SFPQ;P23246;Splicing factor, proline- and glutamine-rich (hPOMp100) (PSF);Cytoplasm (ECO:0000269), Nucleus matrix (ECO:0000269), Nucleus speckle (ECO:0000269);Nucleoplasm (Enhanced);chromatin (annotations_grade_2), nuclear_punctae (annotations_grade_3), nucleoplasm (annotations_grade_2);DNA-templated transcription, Regulation of transcription, DNA metabolic processes, DNA repair, Nuclear RNA binding proteins, RNA processing;Regulation of transcription;"Alabert et al., 2014; Alvarez et al., 2023; Ginno et al., 2018; Itzhak et al., 2016; Kustatscher et al., 2014; Shi et al., 2021; Torrente et al., 2011; Ugur et al., 2023";446.0;"RRM_1(RNA recognition motif. (a.k.a. RRM, RBD, or RNP domain),PF00076);RRM_1(RNA recognition motif. (a.k.a. RRM, RBD, or RNP domain),PF00076);NOPS(NOPS (NUC059) domain,PF08075)";707;"SFPQ-PSPC1 RNA-binding complex,CPX-7764,ECO:0000353(physical interaction evidence used in manual assertion);SFPQ-NONO RNA-binding complex,CPX-7765,ECO:0000353(physical interaction evidence used in manual assertion);SFPQ RNA-binding homodimer,CPX-7782,ECO:0000353(physical interaction evidence used in manual assertion)";RP34730163;DISC1FP1;lncRNA;Homo sapiens;protein;Homo sapiens;NCBI:101929222;NCBI:6421;0.3558;CLIP;eCLIP;;2642;ENSG00000261645;-1.57960787827338;-2.09187619416356;-5.74915221319155;1.34209915776998e-06;9.95804436814516e-06;4.92061532040349
84167;1931495;MED1;Q15648;Mediator of RNA polymerase II transcription subunit 1 (ARC205) (PBP) (Trap220) (TRIP-2);Nucleus (ECO:0000269);Nucleoplasm (Supported);;DNA-templated transcription, Regulation of transcription;Regulation of transcription;"Alabert et al., 2014; Ginno et al., 2018; Itzhak et al., 2016; Kustatscher et al., 2014; Shi et al., 2021";11.4;Med1(Mediator of RNA polymerase II transcription subunit 1,PF10744);1581;Core mediator complex,CPX-3227,ECO:0000353(physical interaction evidence used in manual assertion);RP02172761;SNHG1;lncRNA;Homo sapiens;TF;Homo sapiens;NCBI:23642;NCBI:5469;0.4154;RIP;ChIP-seq;;2023;ENSG00000255717;-3.1343954975797;3.5255615293517;-12.1724795306288;1.50067688859263e-14;2.52533906812367e-12;23.0956312855758
84703;2862120;SMC1A;Q14683;Structural maintenance of chromosomes protein 1A (SMC-1-alpha) (SMC-1A) (Sb1.8);Chromosome (ECO:0000269), Kinetochore (ECO:0000269), Nucleus (ECO:0000269);Nucleoplasm (Enhanced);chromatin (annotations_grade_3), nucleoplasm (annotations_grade_3);SMC complexes, Centromere-associated;SMC complexes;"Alabert et al., 2014; Alvarez et al., 2023; Ginno et al., 2018; Itzhak et al., 2016; Kustatscher et al., 2014; Shi et al., 2021; Torrente et al., 2011; Ugur et al., 2023";87.7;"SMC_N(RecF/RecN/SMC N terminal domain,PF02463);SMC_hinge(SMC proteins Flexible Hinge Domain,PF06470)";1233;"Nuclear mitotic cohesin complex, STAG1 variant,CPX-5989,ECO:0005546(biological system reconstruction evidence based on paralogy evidence used in manual assertion);Nuclear mitotic cohesin complex, STAG2 variant,CPX-5991,ECO:0000353(physical interaction evidence used in manual assertion)";RP02449662;SNHG16;lncRNA;Homo sapiens;TF;Homo sapiens;NCBI:100507246;NCBI:8243;0.3886;qRT-PCR;RNA-seq//ChIP-seq//Microarray;;17;ENSG00000163597;-1.76574685009836;3.88332039022155;-7.2253013716623;1.36790691052561e-08;1.73860555062877e-07;9.46585361999884
86393;3525583;YTHDC1;Q96MU7;YTH domain-containing protein 1 (YT521-B);Nucleus (ECO:0000269), Nucleus speckle (ECO:0000269);Nucleoplasm (Approved), Plasma membrane (Approved);;X-chromosome inactivation;X-chromosome inactivation;"Alabert et al., 2014; Alvarez et al., 2023; Ginno et al., 2018; Kustatscher et al., 2014; Shi et al., 2021; Ugur et al., 2023";29.9;YTH(YT521-B-like domain,PF04146);727;;RP08901977;MALAT1;lncRNA;Homo sapiens;RBP;Homo sapiens;NCBI:378938;NCBI:91746;0.3581;CLIP;RNA-seq//iCLIP//PAR-CLIP//Microarray;;1786;ENSG00000251562;-2.69192848146394;10.8069205658514;-9.99570573098169;4.30182645492996e-12;1.65306630339579e-10;17.4859517032396
86394;3525596;YTHDC1;Q96MU7;YTH domain-containing protein 1 (YT521-B);Nucleus (ECO:0000269), Nucleus speckle (ECO:0000269);Nucleoplasm (Approved), Plasma membrane (Approved);;X-chromosome inactivation;X-chromosome inactivation;"Alabert et al., 2014; Alvarez et al., 2023; Ginno et al., 2018; Kustatscher et al., 2014; Shi et al., 2021; Ugur et al., 2023";29.9;YTH(YT521-B-like domain,PF04146);727;;RP08902089;MIR17HG;lncRNA;Homo sapiens;RBP;Homo sapiens;NCBI:407975;NCBI:91746;0.2734;CLIP;iCLIP;catRAPID;215;ENSG00000215417;-1.84534139091266;0.99398029655203;-5.74834557141758;1.34549165469835e-06;9.96563977344356e-06;4.91812246599078
86397;3525542;YTHDC1;Q96MU7;YTH domain-containing protein 1 (YT521-B);Nucleus (ECO:0000269), Nucleus speckle (ECO:0000269);Nucleoplasm (Approved), Plasma membrane (Approved);;X-chromosome inactivation;X-chromosome inactivation;"Alabert et al., 2014; Alvarez et al., 2023; Ginno et al., 2018; Kustatscher et al., 2014; Shi et al., 2021; Ugur et al., 2023";29.9;YTH(YT521-B-like domain,PF04146);727;;RP35304379;LINC00663;lncRNA;Homo sapiens;protein;Homo sapiens;NCBI:284440;NCBI:91746;0.2042;CLIP;;;2849;ENSG00000266904;-2.2313825534385;0.177789980721914;-7.36614196503185;8.8949436262262e-09;1.15496999492388e-07;9.89355661048934
86406;3525427;YTHDC1;Q96MU7;YTH domain-containing protein 1 (YT521-B);Nucleus (ECO:0000269), Nucleus speckle (ECO:0000269);Nucleoplasm (Approved), Plasma membrane (Approved);;X-chromosome inactivation;X-chromosome inactivation;"Alabert et al., 2014; Alvarez et al., 2023; Ginno et al., 2018; Kustatscher et al., 2014; Shi et al., 2021; Ugur et al., 2023";29.9;YTH(YT521-B-like domain,PF04146);727;;RP08902865;DISC1FP1;lncRNA;Homo sapiens;RBP;Homo sapiens;NCBI:101929222;NCBI:91746;0.2042;CLIP;iCLIP;;2642;ENSG00000261645;-1.57960787827338;-2.09187619416356;-5.74915221319155;1.34209915776998e-06;9.95804436814516e-06;4.92061532040349
86410;3525447;YTHDC1;Q96MU7;YTH domain-containing protein 1 (YT521-B);Nucleus (ECO:0000269), Nucleus speckle (ECO:0000269);Nucleoplasm (Approved), Plasma membrane (Approved);;X-chromosome inactivation;X-chromosome inactivation;"Alabert et al., 2014; Alvarez et al., 2023; Ginno et al., 2018; Kustatscher et al., 2014; Shi et al., 2021; Ugur et al., 2023";29.9;YTH(YT521-B-like domain,PF04146);727;;RP08902595;EPB41L4A-AS1;lncRNA;Homo sapiens;RBP;Homo sapiens;NCBI:114915;NCBI:91746;0.2042;CLIP;iCLIP;;285;ENSG00000224032;-2.55110776467953;0.623872226190378;-8.55111286415612;2.57565840171701e-10;5.081461628800851e-09;13.4163564845539
86412;3525462;YTHDC1;Q96MU7;YTH domain-containing protein 1 (YT521-B);Nucleus (ECO:0000269), Nucleus speckle (ECO:0000269);Nucleoplasm (Approved), Plasma membrane (Approved);;X-chromosome inactivation;X-chromosome inactivation;"Alabert et al., 2014; Alvarez et al., 2023; Ginno et al., 2018; Kustatscher et al., 2014; Shi et al., 2021; Ugur et al., 2023";29.9;YTH(YT521-B-like domain,PF04146);727;;RP08902122;FOXD2-AS1;lncRNA;Homo sapiens;RBP;Homo sapiens;NCBI:84793;NCBI:91746;0.2042;CLIP;iCLIP;;1276;ENSG00000237424;-1.8714959216105;0.3642643731734;-7.73367357319933;2.9184334875863704e-09;4.32318650784361e-08;11.0015376011454
86414;3525476;YTHDC1;Q96MU7;YTH domain-containing protein 1 (YT521-B);Nucleus (ECO:0000269), Nucleus speckle (ECO:0000269);Nucleoplasm (Approved), Plasma membrane (Approved);;X-chromosome inactivation;X-chromosome inactivation;"Alabert et al., 2014; Alvarez et al., 2023; Ginno et al., 2018; Kustatscher et al., 2014; Shi et al., 2021; Ugur et al., 2023";29.9;YTH(YT521-B-like domain,PF04146);727;;RP08901989;GAS5;lncRNA;Homo sapiens;RBP;Homo sapiens;NCBI:60674;NCBI:91746;0.3581;CLIP;iCLIP//PAR-CLIP;;1098;ENSG00000234741;-2.56041864444156;3.87237361491495;-7.93865419283863;1.5767911812111202e-09;2.58115194527439e-08;11.6138519668715
86461;3525847;YTHDC1;Q96MU7;YTH domain-containing protein 1 (YT521-B);Nucleus (ECO:0000269), Nucleus speckle (ECO:0000269);Nucleoplasm (Approved), Plasma membrane (Approved);;X-chromosome inactivation;X-chromosome inactivation;"Alabert et al., 2014; Alvarez et al., 2023; Ginno et al., 2018; Kustatscher et al., 2014; Shi et al., 2021; Ugur et al., 2023";29.9;YTH(YT521-B-like domain,PF04146);727;;RP08901973;SNHG1;lncRNA;Homo sapiens;RBP;Homo sapiens;NCBI:23642;NCBI:91746;0.3581;CLIP;iCLIP//PAR-CLIP;;2023;ENSG00000255717;-3.1343954975797;3.5255615293517;-12.1724795306288;1.50067688859263e-14;2.52533906812367e-12;23.0956312855758
86462;3525851;YTHDC1;Q96MU7;YTH domain-containing protein 1 (YT521-B);Nucleus (ECO:0000269), Nucleus speckle (ECO:0000269);Nucleoplasm (Approved), Plasma membrane (Approved);;X-chromosome inactivation;X-chromosome inactivation;"Alabert et al., 2014; Alvarez et al., 2023; Ginno et al., 2018; Kustatscher et al., 2014; Shi et al., 2021; Ugur et al., 2023";29.9;YTH(YT521-B-like domain,PF04146);727;;RP08902297;SNHG16;lncRNA;Homo sapiens;RBP;Homo sapiens;NCBI:100507246;NCBI:91746;0.3581;CLIP;iCLIP//PAR-CLIP;;17;ENSG00000163597;-1.76574685009836;3.88332039022155;-7.2253013716623;1.36790691052561e-08;1.73860555062877e-07;9.46585361999884
86463;3525852;YTHDC1;Q96MU7;YTH domain-containing protein 1 (YT521-B);Nucleus (ECO:0000269), Nucleus speckle (ECO:0000269);Nucleoplasm (Approved), Plasma membrane (Approved);;X-chromosome inactivation;X-chromosome inactivation;"Alabert et al., 2014; Alvarez et al., 2023; Ginno et al., 2018; Kustatscher et al., 2014; Shi et al., 2021; Ugur et al., 2023";29.9;YTH(YT521-B-like domain,PF04146);727;;RP08902403;SNHG17;lncRNA;Homo sapiens;RBP;Homo sapiens;NCBI:388796;NCBI:91746;0.3581;CLIP;iCLIP//PAR-CLIP;;95;ENSG00000196756;-2.91593577289014;2.76693240053218;-11.8719733234314;3.16171674568078e-14;4.15666948408721e-12;22.3586429297008
86466;3525856;YTHDC1;Q96MU7;YTH domain-containing protein 1 (YT521-B);Nucleus (ECO:0000269), Nucleus speckle (ECO:0000269);Nucleoplasm (Approved), Plasma membrane (Approved);;X-chromosome inactivation;X-chromosome inactivation;"Alabert et al., 2014; Alvarez et al., 2023; Ginno et al., 2018; Kustatscher et al., 2014; Shi et al., 2021; Ugur et al., 2023";29.9;YTH(YT521-B-like domain,PF04146);727;;RP08902068;SNHG3;lncRNA;Homo sapiens;RBP;Homo sapiens;NCBI:8420;NCBI:91746;0.3581;CLIP;iCLIP//PAR-CLIP;;1404;ENSG00000242125;-1.66215020983997;3.80442253035105;-6.53607722997152;1.14898325278424e-07;1.11634469849037e-06;7.35322044661673
86467;3525857;YTHDC1;Q96MU7;YTH domain-containing protein 1 (YT521-B);Nucleus (ECO:0000269), Nucleus speckle (ECO:0000269);Nucleoplasm (Approved), Plasma membrane (Approved);;X-chromosome inactivation;X-chromosome inactivation;"Alabert et al., 2014; Alvarez et al., 2023; Ginno et al., 2018; Kustatscher et al., 2014; Shi et al., 2021; Ugur et al., 2023";29.9;YTH(YT521-B-like domain,PF04146);727;;RP08902670;SNHG5;lncRNA;Homo sapiens;RBP;Homo sapiens;NCBI:387066;NCBI:91746;0.2042;CLIP;iCLIP;;132;ENSG00000203875;-2.79357818092896;3.17229546572489;-7.92087451041262;1.6629897857665301e-09;2.70123476012347e-08;11.5609108469976
